run_id,station_id,timestamp,minute_index,operator_id,result,notes
RUN-001,S18,2026-08-01 06:20:00,20,OP-004,Pass,"Routine check, within spec."
RUN-001,S18,2026-08-01 06:40:00,40,OP-004,Pass,"Routine check, within spec."
RUN-001,S18,2026-08-01 07:00:00,60,OP-002,Pass,"Routine check, within spec."
RUN-001,S18,2026-08-01 07:20:00,80,OP-010,Pass,"Routine check, within spec."
RUN-001,S18,2026-08-01 07:40:00,100,OP-004,Pass,"Routine check, within spec."
RUN-001,S18,2026-08-01 08:00:00,120,OP-008,Pass,"Routine check, within spec."
RUN-001,S18,2026-08-01 08:20:00,140,OP-001,Pass,"Routine check, within spec."
RUN-001,S18,2026-08-01 08:40:00,160,OP-008,Pass,"Routine check, within spec."
RUN-001,S18,2026-08-01 09:00:00,180,OP-005,Pass,"Routine check, within spec."
RUN-001,S18,2026-08-01 09:20:00,200,OP-012,Pass,"Routine check, within spec."
RUN-001,S18,2026-08-01 09:40:00,220,OP-011,Pass,"Routine check, within spec."
RUN-001,S20,2026-08-01 06:20:00,20,OP-001,Pass,"Routine check, within spec."
RUN-001,S20,2026-08-01 06:40:00,40,OP-011,Pass,"Routine check, within spec."
RUN-001,S20,2026-08-01 07:00:00,60,OP-005,Pass,"Routine check, within spec."
RUN-001,S20,2026-08-01 07:20:00,80,OP-007,Pass,"Routine check, within spec."
RUN-001,S20,2026-08-01 07:40:00,100,OP-011,Pass,"Routine check, within spec."
RUN-001,S20,2026-08-01 08:00:00,120,OP-005,Pass,"Routine check, within spec."
RUN-001,S20,2026-08-01 08:20:00,140,OP-007,Pass,"Routine check, within spec."
RUN-001,S20,2026-08-01 08:40:00,160,OP-005,Pass,"Routine check, within spec."
RUN-001,S20,2026-08-01 09:00:00,180,OP-005,Pass,"Routine check, within spec."
RUN-001,S20,2026-08-01 09:20:00,200,OP-010,Pass,"Routine check, within spec."
RUN-001,S20,2026-08-01 09:40:00,220,OP-010,Pass,"Routine check, within spec."
RUN-001,S21,2026-08-01 06:20:00,20,OP-009,Pass,"Routine check, within spec."
RUN-001,S21,2026-08-01 06:40:00,40,OP-005,Pass,"Routine check, within spec."
RUN-001,S21,2026-08-01 07:00:00,60,OP-004,Pass,"Routine check, within spec."
RUN-001,S21,2026-08-01 07:20:00,80,OP-005,Pass,"Routine check, within spec."
RUN-001,S21,2026-08-01 07:40:00,100,OP-004,Pass,"Routine check, within spec."
RUN-001,S21,2026-08-01 08:00:00,120,OP-005,Pass,"Routine check, within spec."
RUN-001,S21,2026-08-01 08:20:00,140,OP-002,Pass,"Routine check, within spec."
RUN-001,S21,2026-08-01 08:40:00,160,OP-007,Pass,"Routine check, within spec."
RUN-001,S21,2026-08-01 09:00:00,180,OP-006,Pass,"Routine check, within spec."
RUN-001,S21,2026-08-01 09:20:00,200,OP-006,Pass,"Routine check, within spec."
RUN-001,S21,2026-08-01 09:40:00,220,OP-005,Pass,"Routine check, within spec."
RUN-001,S22,2026-08-01 06:20:00,20,OP-008,Pass,"Routine check, within spec."
RUN-001,S22,2026-08-01 06:40:00,40,OP-012,Pass,"Routine check, within spec."
RUN-001,S22,2026-08-01 07:00:00,60,OP-011,Fail,Anomaly consistent with RUN001-EVT01 (origin S21).
RUN-001,S22,2026-08-01 07:20:00,80,OP-004,Pass,"Routine check, within spec."
RUN-001,S22,2026-08-01 07:40:00,100,OP-012,Pass,"Routine check, within spec."
RUN-001,S22,2026-08-01 08:00:00,120,OP-008,Pass,"Routine check, within spec."
RUN-001,S22,2026-08-01 08:20:00,140,OP-009,Pass,"Routine check, within spec."
RUN-001,S22,2026-08-01 08:40:00,160,OP-012,Pass,"Routine check, within spec."
RUN-001,S22,2026-08-01 09:00:00,180,OP-006,Pass,"Routine check, within spec."
RUN-001,S22,2026-08-01 09:20:00,200,OP-002,Pass,"Routine check, within spec."
RUN-001,S22,2026-08-01 09:40:00,220,OP-007,Pass,"Routine check, within spec."
RUN-001,S29,2026-08-01 06:20:00,20,OP-009,Pass,"Routine check, within spec."
RUN-001,S29,2026-08-01 06:40:00,40,OP-004,Pass,"Routine check, within spec."
RUN-001,S29,2026-08-01 07:00:00,60,OP-001,Pass,"Routine check, within spec."
RUN-001,S29,2026-08-01 07:20:00,80,OP-007,Pass,"Routine check, within spec."
RUN-001,S29,2026-08-01 07:40:00,100,OP-001,Pass,"Routine check, within spec."
RUN-001,S29,2026-08-01 08:00:00,120,OP-004,Pass,"Routine check, within spec."
RUN-001,S29,2026-08-01 08:20:00,140,OP-008,Pass,"Routine check, within spec."
RUN-001,S29,2026-08-01 08:40:00,160,OP-002,Pass,"Routine check, within spec."
RUN-001,S29,2026-08-01 09:00:00,180,OP-010,Pass,"Routine check, within spec."
RUN-001,S29,2026-08-01 09:20:00,200,OP-011,Pass,"Routine check, within spec."
RUN-001,S29,2026-08-01 09:40:00,220,OP-001,Pass,"Routine check, within spec."
RUN-001,S30,2026-08-01 06:20:00,20,OP-007,Pass,"Routine check, within spec."
RUN-001,S30,2026-08-01 06:40:00,40,OP-011,Pass,"Routine check, within spec."
RUN-001,S30,2026-08-01 07:00:00,60,OP-008,Pass,"Routine check, within spec."
RUN-001,S30,2026-08-01 07:20:00,80,OP-003,Pass,"Routine check, within spec."
RUN-001,S30,2026-08-01 07:40:00,100,OP-007,Pass,"Routine check, within spec."
RUN-001,S30,2026-08-01 08:00:00,120,OP-010,Pass,"Routine check, within spec."
RUN-001,S30,2026-08-01 08:20:00,140,OP-002,Pass,"Routine check, within spec."
RUN-001,S30,2026-08-01 08:40:00,160,OP-006,Pass,"Routine check, within spec."
RUN-001,S30,2026-08-01 09:00:00,180,OP-003,Pass,"Routine check, within spec."
RUN-001,S30,2026-08-01 09:20:00,200,OP-005,Pass,"Routine check, within spec."
RUN-001,S30,2026-08-01 09:40:00,220,OP-005,Pass,"Routine check, within spec."
RUN-002,S18,2026-08-02 06:20:00,20,OP-012,Pass,"Routine check, within spec."
RUN-002,S18,2026-08-02 06:40:00,40,OP-004,Pass,"Routine check, within spec."
RUN-002,S18,2026-08-02 07:00:00,60,OP-004,Pass,"Routine check, within spec."
RUN-002,S18,2026-08-02 07:20:00,80,OP-005,Pass,"Routine check, within spec."
RUN-002,S18,2026-08-02 07:40:00,100,OP-001,Pass,"Routine check, within spec."
RUN-002,S18,2026-08-02 08:00:00,120,OP-007,Pass,"Routine check, within spec."
RUN-002,S18,2026-08-02 08:20:00,140,OP-011,Pass,"Routine check, within spec."
RUN-002,S18,2026-08-02 08:40:00,160,OP-003,Pass,"Routine check, within spec."
RUN-002,S18,2026-08-02 09:00:00,180,OP-011,Fail,Anomaly consistent with RUN002-EVT01 (origin S17).
RUN-002,S18,2026-08-02 09:20:00,200,OP-002,Pass,"Routine check, within spec."
RUN-002,S18,2026-08-02 09:40:00,220,OP-007,Pass,"Routine check, within spec."
RUN-002,S20,2026-08-02 06:20:00,20,OP-001,Pass,"Routine check, within spec."
RUN-002,S20,2026-08-02 06:40:00,40,OP-010,Pass,"Routine check, within spec."
RUN-002,S20,2026-08-02 07:00:00,60,OP-004,Pass,"Routine check, within spec."
RUN-002,S20,2026-08-02 07:20:00,80,OP-012,Pass,"Routine check, within spec."
RUN-002,S20,2026-08-02 07:40:00,100,OP-002,Pass,"Routine check, within spec."
RUN-002,S20,2026-08-02 08:00:00,120,OP-011,Pass,"Routine check, within spec."
RUN-002,S20,2026-08-02 08:20:00,140,OP-006,Pass,"Routine check, within spec."
RUN-002,S20,2026-08-02 08:40:00,160,OP-005,Pass,"Routine check, within spec."
RUN-002,S20,2026-08-02 09:00:00,180,OP-006,Pass,"Routine check, within spec."
RUN-002,S20,2026-08-02 09:20:00,200,OP-012,Pass,"Routine check, within spec."
RUN-002,S20,2026-08-02 09:40:00,220,OP-007,Pass,"Routine check, within spec."
RUN-002,S21,2026-08-02 06:20:00,20,OP-010,Pass,"Routine check, within spec."
RUN-002,S21,2026-08-02 06:40:00,40,OP-002,Pass,"Routine check, within spec."
RUN-002,S21,2026-08-02 07:00:00,60,OP-004,Pass,"Routine check, within spec."
RUN-002,S21,2026-08-02 07:20:00,80,OP-009,Pass,"Routine check, within spec."
RUN-002,S21,2026-08-02 07:40:00,100,OP-004,Pass,"Routine check, within spec."
RUN-002,S21,2026-08-02 08:00:00,120,OP-009,Pass,"Routine check, within spec."
RUN-002,S21,2026-08-02 08:20:00,140,OP-010,Pass,"Routine check, within spec."
RUN-002,S21,2026-08-02 08:40:00,160,OP-008,Pass,"Routine check, within spec."
RUN-002,S21,2026-08-02 09:00:00,180,OP-009,Pass,"Routine check, within spec."
RUN-002,S21,2026-08-02 09:20:00,200,OP-004,Pass,"Routine check, within spec."
RUN-002,S21,2026-08-02 09:40:00,220,OP-002,Pass,"Routine check, within spec."
RUN-002,S22,2026-08-02 06:20:00,20,OP-008,Pass,"Routine check, within spec."
RUN-002,S22,2026-08-02 06:40:00,40,OP-005,Pass,"Routine check, within spec."
RUN-002,S22,2026-08-02 07:00:00,60,OP-006,Pass,"Routine check, within spec."
RUN-002,S22,2026-08-02 07:20:00,80,OP-008,Pass,"Routine check, within spec."
RUN-002,S22,2026-08-02 07:40:00,100,OP-006,Pass,"Routine check, within spec."
RUN-002,S22,2026-08-02 08:00:00,120,OP-005,Pass,"Routine check, within spec."
RUN-002,S22,2026-08-02 08:20:00,140,OP-007,Pass,"Routine check, within spec."
RUN-002,S22,2026-08-02 08:40:00,160,OP-007,Pass,"Routine check, within spec."
RUN-002,S22,2026-08-02 09:00:00,180,OP-010,Pass,"Routine check, within spec."
RUN-002,S22,2026-08-02 09:20:00,200,OP-008,Pass,"Routine check, within spec."
RUN-002,S22,2026-08-02 09:40:00,220,OP-006,Pass,"Routine check, within spec."
RUN-002,S29,2026-08-02 06:20:00,20,OP-001,Pass,"Routine check, within spec."
RUN-002,S29,2026-08-02 06:40:00,40,OP-008,Pass,"Routine check, within spec."
RUN-002,S29,2026-08-02 07:00:00,60,OP-007,Pass,"Routine check, within spec."
RUN-002,S29,2026-08-02 07:20:00,80,OP-005,Pass,"Routine check, within spec."
RUN-002,S29,2026-08-02 07:40:00,100,OP-001,Pass,"Routine check, within spec."
RUN-002,S29,2026-08-02 08:00:00,120,OP-012,Pass,"Routine check, within spec."
RUN-002,S29,2026-08-02 08:20:00,140,OP-006,Pass,"Routine check, within spec."
RUN-002,S29,2026-08-02 08:40:00,160,OP-001,Pass,"Routine check, within spec."
RUN-002,S29,2026-08-02 09:00:00,180,OP-006,Pass,"Routine check, within spec."
RUN-002,S29,2026-08-02 09:20:00,200,OP-010,Pass,"Routine check, within spec."
RUN-002,S29,2026-08-02 09:40:00,220,OP-011,Pass,"Routine check, within spec."
RUN-002,S30,2026-08-02 06:20:00,20,OP-003,Pass,"Routine check, within spec."
RUN-002,S30,2026-08-02 06:40:00,40,OP-001,Pass,"Routine check, within spec."
RUN-002,S30,2026-08-02 07:00:00,60,OP-002,Pass,"Routine check, within spec."
RUN-002,S30,2026-08-02 07:20:00,80,OP-011,Pass,"Routine check, within spec."
RUN-002,S30,2026-08-02 07:40:00,100,OP-001,Pass,"Routine check, within spec."
RUN-002,S30,2026-08-02 08:00:00,120,OP-004,Pass,"Routine check, within spec."
RUN-002,S30,2026-08-02 08:20:00,140,OP-009,Pass,"Routine check, within spec."
RUN-002,S30,2026-08-02 08:40:00,160,OP-002,Pass,"Routine check, within spec."
RUN-002,S30,2026-08-02 09:00:00,180,OP-002,Pass,"Routine check, within spec."
RUN-002,S30,2026-08-02 09:20:00,200,OP-011,Pass,"Routine check, within spec."
RUN-002,S30,2026-08-02 09:40:00,220,OP-006,Pass,"Routine check, within spec."
RUN-003,S18,2026-08-03 06:20:00,20,OP-005,Pass,"Routine check, within spec."
RUN-003,S18,2026-08-03 06:40:00,40,OP-004,Pass,"Routine check, within spec."
RUN-003,S18,2026-08-03 07:00:00,60,OP-003,Pass,"Routine check, within spec."
RUN-003,S18,2026-08-03 07:20:00,80,OP-009,Pass,"Routine check, within spec."
RUN-003,S18,2026-08-03 07:40:00,100,OP-004,Pass,"Routine check, within spec."
RUN-003,S18,2026-08-03 08:00:00,120,OP-002,Pass,"Routine check, within spec."
RUN-003,S18,2026-08-03 08:20:00,140,OP-009,Pass,"Routine check, within spec."
RUN-003,S18,2026-08-03 08:40:00,160,OP-010,Pass,"Routine check, within spec."
RUN-003,S18,2026-08-03 09:00:00,180,OP-002,Pass,"Routine check, within spec."
RUN-003,S18,2026-08-03 09:20:00,200,OP-012,Pass,"Routine check, within spec."
RUN-003,S18,2026-08-03 09:40:00,220,OP-005,Pass,"Routine check, within spec."
RUN-003,S20,2026-08-03 06:20:00,20,OP-012,Pass,"Routine check, within spec."
RUN-003,S20,2026-08-03 06:40:00,40,OP-005,Pass,"Routine check, within spec."
RUN-003,S20,2026-08-03 07:00:00,60,OP-005,Pass,"Routine check, within spec."
RUN-003,S20,2026-08-03 07:20:00,80,OP-002,Pass,"Routine check, within spec."
RUN-003,S20,2026-08-03 07:40:00,100,OP-002,Pass,"Routine check, within spec."
RUN-003,S20,2026-08-03 08:00:00,120,OP-004,Pass,"Routine check, within spec."
RUN-003,S20,2026-08-03 08:20:00,140,OP-001,Pass,"Routine check, within spec."
RUN-003,S20,2026-08-03 08:40:00,160,OP-004,Pass,"Routine check, within spec."
RUN-003,S20,2026-08-03 09:00:00,180,OP-009,Pass,"Routine check, within spec."
RUN-003,S20,2026-08-03 09:20:00,200,OP-011,Pass,"Routine check, within spec."
RUN-003,S20,2026-08-03 09:40:00,220,OP-002,Pass,"Routine check, within spec."
RUN-003,S21,2026-08-03 06:20:00,20,OP-010,Pass,"Routine check, within spec."
RUN-003,S21,2026-08-03 06:40:00,40,OP-010,Pass,"Routine check, within spec."
RUN-003,S21,2026-08-03 07:00:00,60,OP-003,Pass,"Routine check, within spec."
RUN-003,S21,2026-08-03 07:20:00,80,OP-005,Pass,"Routine check, within spec."
RUN-003,S21,2026-08-03 07:40:00,100,OP-001,Pass,"Routine check, within spec."
RUN-003,S21,2026-08-03 08:00:00,120,OP-010,Pass,"Routine check, within spec."
RUN-003,S21,2026-08-03 08:20:00,140,OP-004,Pass,"Routine check, within spec."
RUN-003,S21,2026-08-03 08:40:00,160,OP-005,Pass,"Routine check, within spec."
RUN-003,S21,2026-08-03 09:00:00,180,OP-011,Pass,"Routine check, within spec."
RUN-003,S21,2026-08-03 09:20:00,200,OP-006,Pass,"Routine check, within spec."
RUN-003,S21,2026-08-03 09:40:00,220,OP-005,Pass,"Routine check, within spec."
RUN-003,S22,2026-08-03 06:20:00,20,OP-005,Pass,"Routine check, within spec."
RUN-003,S22,2026-08-03 06:40:00,40,OP-012,Pass,"Routine check, within spec."
RUN-003,S22,2026-08-03 07:00:00,60,OP-011,Pass,"Routine check, within spec."
RUN-003,S22,2026-08-03 07:20:00,80,OP-005,Pass,"Routine check, within spec."
RUN-003,S22,2026-08-03 07:40:00,100,OP-002,Pass,"Routine check, within spec."
RUN-003,S22,2026-08-03 08:00:00,120,OP-004,Pass,"Routine check, within spec."
RUN-003,S22,2026-08-03 08:20:00,140,OP-009,Pass,"Routine check, within spec."
RUN-003,S22,2026-08-03 08:40:00,160,OP-012,Pass,"Routine check, within spec."
RUN-003,S22,2026-08-03 09:00:00,180,OP-004,Pass,"Routine check, within spec."
RUN-003,S22,2026-08-03 09:20:00,200,OP-011,Pass,"Routine check, within spec."
RUN-003,S22,2026-08-03 09:40:00,220,OP-007,Pass,"Routine check, within spec."
RUN-003,S29,2026-08-03 06:20:00,20,OP-008,Pass,"Routine check, within spec."
RUN-003,S29,2026-08-03 06:40:00,40,OP-004,Pass,"Routine check, within spec."
RUN-003,S29,2026-08-03 07:00:00,60,OP-012,Pass,"Routine check, within spec."
RUN-003,S29,2026-08-03 07:20:00,80,OP-001,Pass,"Routine check, within spec."
RUN-003,S29,2026-08-03 07:40:00,100,OP-010,Pass,"Routine check, within spec."
RUN-003,S29,2026-08-03 08:00:00,120,OP-001,Pass,"Routine check, within spec."
RUN-003,S29,2026-08-03 08:20:00,140,OP-011,Pass,"Routine check, within spec."
RUN-003,S29,2026-08-03 08:40:00,160,OP-001,Pass,"Routine check, within spec."
RUN-003,S29,2026-08-03 09:00:00,180,OP-007,Pass,"Routine check, within spec."
RUN-003,S29,2026-08-03 09:20:00,200,OP-012,Pass,"Routine check, within spec."
RUN-003,S29,2026-08-03 09:40:00,220,OP-010,Pass,"Routine check, within spec."
RUN-003,S30,2026-08-03 06:20:00,20,OP-010,Pass,"Routine check, within spec."
RUN-003,S30,2026-08-03 06:40:00,40,OP-012,Pass,"Routine check, within spec."
RUN-003,S30,2026-08-03 07:00:00,60,OP-009,Pass,"Routine check, within spec."
RUN-003,S30,2026-08-03 07:20:00,80,OP-010,Pass,"Routine check, within spec."
RUN-003,S30,2026-08-03 07:40:00,100,OP-005,Pass,"Routine check, within spec."
RUN-003,S30,2026-08-03 08:00:00,120,OP-002,Pass,"Routine check, within spec."
RUN-003,S30,2026-08-03 08:20:00,140,OP-010,Pass,"Routine check, within spec."
RUN-003,S30,2026-08-03 08:40:00,160,OP-005,Pass,"Routine check, within spec."
RUN-003,S30,2026-08-03 09:00:00,180,OP-007,Pass,"Routine check, within spec."
RUN-003,S30,2026-08-03 09:20:00,200,OP-004,Pass,"Routine check, within spec."
RUN-003,S30,2026-08-03 09:40:00,220,OP-002,Pass,"Routine check, within spec."
RUN-004,S18,2026-08-04 06:20:00,20,OP-005,Pass,"Routine check, within spec."
RUN-004,S18,2026-08-04 06:40:00,40,OP-005,Pass,"Routine check, within spec."
RUN-004,S18,2026-08-04 07:00:00,60,OP-010,Pass,"Routine check, within spec."
RUN-004,S18,2026-08-04 07:20:00,80,OP-005,Pass,"Routine check, within spec."
RUN-004,S18,2026-08-04 07:40:00,100,OP-012,Pass,"Routine check, within spec."
RUN-004,S18,2026-08-04 08:00:00,120,OP-011,Pass,"Routine check, within spec."
RUN-004,S18,2026-08-04 08:20:00,140,OP-009,Pass,"Routine check, within spec."
RUN-004,S18,2026-08-04 08:40:00,160,OP-009,Pass,"Routine check, within spec."
RUN-004,S18,2026-08-04 09:00:00,180,OP-004,Pass,"Routine check, within spec."
RUN-004,S18,2026-08-04 09:20:00,200,OP-006,Pass,"Routine check, within spec."
RUN-004,S18,2026-08-04 09:40:00,220,OP-007,Pass,"Routine check, within spec."
RUN-004,S20,2026-08-04 06:20:00,20,OP-009,Pass,"Routine check, within spec."
RUN-004,S20,2026-08-04 06:40:00,40,OP-001,Pass,"Routine check, within spec."
RUN-004,S20,2026-08-04 07:00:00,60,OP-011,Pass,"Routine check, within spec."
RUN-004,S20,2026-08-04 07:20:00,80,OP-007,Pass,"Routine check, within spec."
RUN-004,S20,2026-08-04 07:40:00,100,OP-005,Pass,"Routine check, within spec."
RUN-004,S20,2026-08-04 08:00:00,120,OP-011,Pass,"Routine check, within spec."
RUN-004,S20,2026-08-04 08:20:00,140,OP-012,Pass,"Routine check, within spec."
RUN-004,S20,2026-08-04 08:40:00,160,OP-012,Pass,"Routine check, within spec."
RUN-004,S20,2026-08-04 09:00:00,180,OP-009,Pass,"Routine check, within spec."
RUN-004,S20,2026-08-04 09:20:00,200,OP-004,Pass,"Routine check, within spec."
RUN-004,S20,2026-08-04 09:40:00,220,OP-007,Pass,"Routine check, within spec."
RUN-004,S21,2026-08-04 06:20:00,20,OP-011,Pass,"Routine check, within spec."
RUN-004,S21,2026-08-04 06:40:00,40,OP-008,Pass,"Routine check, within spec."
RUN-004,S21,2026-08-04 07:00:00,60,OP-006,Pass,"Routine check, within spec."
RUN-004,S21,2026-08-04 07:20:00,80,OP-006,Pass,"Routine check, within spec."
RUN-004,S21,2026-08-04 07:40:00,100,OP-001,Pass,"Routine check, within spec."
RUN-004,S21,2026-08-04 08:00:00,120,OP-006,Pass,"Routine check, within spec."
RUN-004,S21,2026-08-04 08:20:00,140,OP-011,Pass,"Routine check, within spec."
RUN-004,S21,2026-08-04 08:40:00,160,OP-005,Pass,"Routine check, within spec."
RUN-004,S21,2026-08-04 09:00:00,180,OP-010,Pass,"Routine check, within spec."
RUN-004,S21,2026-08-04 09:20:00,200,OP-002,Pass,"Routine check, within spec."
RUN-004,S21,2026-08-04 09:40:00,220,OP-012,Pass,"Routine check, within spec."
RUN-004,S22,2026-08-04 06:20:00,20,OP-011,Pass,"Routine check, within spec."
RUN-004,S22,2026-08-04 06:40:00,40,OP-006,Pass,"Routine check, within spec."
RUN-004,S22,2026-08-04 07:00:00,60,OP-012,Pass,"Routine check, within spec."
RUN-004,S22,2026-08-04 07:20:00,80,OP-004,Pass,"Routine check, within spec."
RUN-004,S22,2026-08-04 07:40:00,100,OP-001,Pass,"Routine check, within spec."
RUN-004,S22,2026-08-04 08:00:00,120,OP-006,Pass,"Routine check, within spec."
RUN-004,S22,2026-08-04 08:20:00,140,OP-004,Pass,"Routine check, within spec."
RUN-004,S22,2026-08-04 08:40:00,160,OP-004,Pass,"Routine check, within spec."
RUN-004,S22,2026-08-04 09:00:00,180,OP-005,Pass,"Routine check, within spec."
RUN-004,S22,2026-08-04 09:20:00,200,OP-012,Pass,"Routine check, within spec."
RUN-004,S22,2026-08-04 09:40:00,220,OP-011,Pass,"Routine check, within spec."
RUN-004,S29,2026-08-04 06:20:00,20,OP-002,Pass,"Routine check, within spec."
RUN-004,S29,2026-08-04 06:40:00,40,OP-003,Pass,"Routine check, within spec."
RUN-004,S29,2026-08-04 07:00:00,60,OP-006,Pass,"Routine check, within spec."
RUN-004,S29,2026-08-04 07:20:00,80,OP-003,Pass,"Routine check, within spec."
RUN-004,S29,2026-08-04 07:40:00,100,OP-012,Pass,"Routine check, within spec."
RUN-004,S29,2026-08-04 08:00:00,120,OP-010,Pass,"Routine check, within spec."
RUN-004,S29,2026-08-04 08:20:00,140,OP-005,Pass,"Routine check, within spec."
RUN-004,S29,2026-08-04 08:40:00,160,OP-003,Pass,"Routine check, within spec."
RUN-004,S29,2026-08-04 09:00:00,180,OP-003,Pass,"Routine check, within spec."
RUN-004,S29,2026-08-04 09:20:00,200,OP-008,Pass,"Routine check, within spec."
RUN-004,S29,2026-08-04 09:40:00,220,OP-007,Pass,"Routine check, within spec."
RUN-004,S30,2026-08-04 06:20:00,20,OP-009,Pass,"Routine check, within spec."
RUN-004,S30,2026-08-04 06:40:00,40,OP-001,Pass,"Routine check, within spec."
RUN-004,S30,2026-08-04 07:00:00,60,OP-001,Pass,"Routine check, within spec."
RUN-004,S30,2026-08-04 07:20:00,80,OP-005,Pass,"Routine check, within spec."
RUN-004,S30,2026-08-04 07:40:00,100,OP-004,Pass,"Routine check, within spec."
RUN-004,S30,2026-08-04 08:00:00,120,OP-008,Pass,"Routine check, within spec."
RUN-004,S30,2026-08-04 08:20:00,140,OP-012,Pass,"Routine check, within spec."
RUN-004,S30,2026-08-04 08:40:00,160,OP-002,Pass,"Routine check, within spec."
RUN-004,S30,2026-08-04 09:00:00,180,OP-009,Pass,"Routine check, within spec."
RUN-004,S30,2026-08-04 09:20:00,200,OP-011,Pass,"Routine check, within spec."
RUN-004,S30,2026-08-04 09:40:00,220,OP-010,Pass,"Routine check, within spec."
RUN-005,S18,2026-08-05 06:20:00,20,OP-002,Pass,"Routine check, within spec."
RUN-005,S18,2026-08-05 06:40:00,40,OP-007,Pass,"Routine check, within spec."
RUN-005,S18,2026-08-05 07:00:00,60,OP-012,Pass,"Routine check, within spec."
RUN-005,S18,2026-08-05 07:20:00,80,OP-008,Fail,Anomaly consistent with RUN005-EVT01 (origin S14).
RUN-005,S18,2026-08-05 07:40:00,100,OP-004,Pass,"Routine check, within spec."
RUN-005,S18,2026-08-05 08:00:00,120,OP-008,Pass,"Routine check, within spec."
RUN-005,S18,2026-08-05 08:20:00,140,OP-010,Pass,"Routine check, within spec."
RUN-005,S18,2026-08-05 08:40:00,160,OP-005,Pass,"Routine check, within spec."
RUN-005,S18,2026-08-05 09:00:00,180,OP-003,Pass,"Routine check, within spec."
RUN-005,S18,2026-08-05 09:20:00,200,OP-007,Pass,"Routine check, within spec."
RUN-005,S18,2026-08-05 09:40:00,220,OP-002,Pass,"Routine check, within spec."
RUN-005,S20,2026-08-05 06:20:00,20,OP-004,Pass,"Routine check, within spec."
RUN-005,S20,2026-08-05 06:40:00,40,OP-007,Pass,"Routine check, within spec."
RUN-005,S20,2026-08-05 07:00:00,60,OP-003,Pass,"Routine check, within spec."
RUN-005,S20,2026-08-05 07:20:00,80,OP-011,Fail,Anomaly consistent with RUN005-EVT01 (origin S14).
RUN-005,S20,2026-08-05 07:40:00,100,OP-006,Pass,"Routine check, within spec."
RUN-005,S20,2026-08-05 08:00:00,120,OP-001,Pass,"Routine check, within spec."
RUN-005,S20,2026-08-05 08:20:00,140,OP-012,Pass,"Routine check, within spec."
RUN-005,S20,2026-08-05 08:40:00,160,OP-011,Pass,"Routine check, within spec."
RUN-005,S20,2026-08-05 09:00:00,180,OP-003,Pass,"Routine check, within spec."
RUN-005,S20,2026-08-05 09:20:00,200,OP-001,Pass,"Routine check, within spec."
RUN-005,S20,2026-08-05 09:40:00,220,OP-006,Pass,"Routine check, within spec."
RUN-005,S21,2026-08-05 06:20:00,20,OP-005,Pass,"Routine check, within spec."
RUN-005,S21,2026-08-05 06:40:00,40,OP-004,Pass,"Routine check, within spec."
RUN-005,S21,2026-08-05 07:00:00,60,OP-005,Pass,"Routine check, within spec."
RUN-005,S21,2026-08-05 07:20:00,80,OP-009,Fail,Anomaly consistent with RUN005-EVT01 (origin S14).
RUN-005,S21,2026-08-05 07:40:00,100,OP-005,Pass,"Routine check, within spec."
RUN-005,S21,2026-08-05 08:00:00,120,OP-007,Pass,"Routine check, within spec."
RUN-005,S21,2026-08-05 08:20:00,140,OP-002,Pass,"Routine check, within spec."
RUN-005,S21,2026-08-05 08:40:00,160,OP-007,Pass,"Routine check, within spec."
RUN-005,S21,2026-08-05 09:00:00,180,OP-009,Pass,"Routine check, within spec."
RUN-005,S21,2026-08-05 09:20:00,200,OP-010,Pass,"Routine check, within spec."
RUN-005,S21,2026-08-05 09:40:00,220,OP-008,Pass,"Routine check, within spec."
RUN-005,S22,2026-08-05 06:20:00,20,OP-006,Pass,"Routine check, within spec."
RUN-005,S22,2026-08-05 06:40:00,40,OP-012,Pass,"Routine check, within spec."
RUN-005,S22,2026-08-05 07:00:00,60,OP-012,Pass,"Routine check, within spec."
RUN-005,S22,2026-08-05 07:20:00,80,OP-007,Pass,"Routine check, within spec."
RUN-005,S22,2026-08-05 07:40:00,100,OP-008,Pass,"Routine check, within spec."
RUN-005,S22,2026-08-05 08:00:00,120,OP-004,Pass,"Routine check, within spec."
RUN-005,S22,2026-08-05 08:20:00,140,OP-002,Pass,"Routine check, within spec."
RUN-005,S22,2026-08-05 08:40:00,160,OP-009,Pass,"Routine check, within spec."
RUN-005,S22,2026-08-05 09:00:00,180,OP-003,Pass,"Routine check, within spec."
RUN-005,S22,2026-08-05 09:20:00,200,OP-012,Pass,"Routine check, within spec."
RUN-005,S22,2026-08-05 09:40:00,220,OP-001,Pass,"Routine check, within spec."
RUN-005,S29,2026-08-05 06:20:00,20,OP-004,Pass,"Routine check, within spec."
RUN-005,S29,2026-08-05 06:40:00,40,OP-001,Pass,"Routine check, within spec."
RUN-005,S29,2026-08-05 07:00:00,60,OP-001,Pass,"Routine check, within spec."
RUN-005,S29,2026-08-05 07:20:00,80,OP-009,Pass,"Routine check, within spec."
RUN-005,S29,2026-08-05 07:40:00,100,OP-001,Pass,"Routine check, within spec."
RUN-005,S29,2026-08-05 08:00:00,120,OP-005,Pass,"Routine check, within spec."
RUN-005,S29,2026-08-05 08:20:00,140,OP-010,Pass,"Routine check, within spec."
RUN-005,S29,2026-08-05 08:40:00,160,OP-011,Pass,"Routine check, within spec."
RUN-005,S29,2026-08-05 09:00:00,180,OP-007,Pass,"Routine check, within spec."
RUN-005,S29,2026-08-05 09:20:00,200,OP-007,Pass,"Routine check, within spec."
RUN-005,S29,2026-08-05 09:40:00,220,OP-004,Pass,"Routine check, within spec."
RUN-005,S30,2026-08-05 06:20:00,20,OP-011,Pass,"Routine check, within spec."
RUN-005,S30,2026-08-05 06:40:00,40,OP-010,Pass,"Routine check, within spec."
RUN-005,S30,2026-08-05 07:00:00,60,OP-010,Pass,"Routine check, within spec."
RUN-005,S30,2026-08-05 07:20:00,80,OP-008,Pass,"Routine check, within spec."
RUN-005,S30,2026-08-05 07:40:00,100,OP-010,Pass,"Routine check, within spec."
RUN-005,S30,2026-08-05 08:00:00,120,OP-010,Pass,"Routine check, within spec."
RUN-005,S30,2026-08-05 08:20:00,140,OP-008,Pass,"Routine check, within spec."
RUN-005,S30,2026-08-05 08:40:00,160,OP-004,Pass,"Routine check, within spec."
RUN-005,S30,2026-08-05 09:00:00,180,OP-009,Pass,"Routine check, within spec."
RUN-005,S30,2026-08-05 09:20:00,200,OP-008,Pass,"Routine check, within spec."
RUN-005,S30,2026-08-05 09:40:00,220,OP-004,Pass,"Routine check, within spec."
RUN-006,S18,2026-08-06 06:20:00,20,OP-005,Pass,"Routine check, within spec."
RUN-006,S18,2026-08-06 06:40:00,40,OP-010,Pass,"Routine check, within spec."
RUN-006,S18,2026-08-06 07:00:00,60,OP-010,Pass,"Routine check, within spec."
RUN-006,S18,2026-08-06 07:20:00,80,OP-012,Pass,"Routine check, within spec."
RUN-006,S18,2026-08-06 07:40:00,100,OP-009,Pass,"Routine check, within spec."
RUN-006,S18,2026-08-06 08:00:00,120,OP-008,Pass,"Routine check, within spec."
RUN-006,S18,2026-08-06 08:20:00,140,OP-012,Pass,"Routine check, within spec."
RUN-006,S18,2026-08-06 08:40:00,160,OP-002,Pass,"Routine check, within spec."
RUN-006,S18,2026-08-06 09:00:00,180,OP-008,Pass,"Routine check, within spec."
RUN-006,S18,2026-08-06 09:20:00,200,OP-002,Pass,"Routine check, within spec."
RUN-006,S18,2026-08-06 09:40:00,220,OP-005,Pass,"Routine check, within spec."
RUN-006,S20,2026-08-06 06:20:00,20,OP-005,Pass,"Routine check, within spec."
RUN-006,S20,2026-08-06 06:40:00,40,OP-012,Pass,"Routine check, within spec."
RUN-006,S20,2026-08-06 07:00:00,60,OP-010,Pass,"Routine check, within spec."
RUN-006,S20,2026-08-06 07:20:00,80,OP-004,Pass,"Routine check, within spec."
RUN-006,S20,2026-08-06 07:40:00,100,OP-002,Fail,Anomaly consistent with RUN006-EVT01 (origin S19).
RUN-006,S20,2026-08-06 08:00:00,120,OP-001,Fail,Anomaly consistent with RUN006-EVT01 (origin S19).
RUN-006,S20,2026-08-06 08:20:00,140,OP-004,Pass,"Routine check, within spec."
RUN-006,S20,2026-08-06 08:40:00,160,OP-002,Pass,"Routine check, within spec."
RUN-006,S20,2026-08-06 09:00:00,180,OP-011,Pass,"Routine check, within spec."
RUN-006,S20,2026-08-06 09:20:00,200,OP-007,Pass,"Routine check, within spec."
RUN-006,S20,2026-08-06 09:40:00,220,OP-005,Pass,"Routine check, within spec."
RUN-006,S21,2026-08-06 06:20:00,20,OP-011,Pass,"Routine check, within spec."
RUN-006,S21,2026-08-06 06:40:00,40,OP-002,Pass,"Routine check, within spec."
RUN-006,S21,2026-08-06 07:00:00,60,OP-009,Pass,"Routine check, within spec."
RUN-006,S21,2026-08-06 07:20:00,80,OP-006,Pass,"Routine check, within spec."
RUN-006,S21,2026-08-06 07:40:00,100,OP-010,Fail,Anomaly consistent with RUN006-EVT01 (origin S19).
RUN-006,S21,2026-08-06 08:00:00,120,OP-009,Fail,Anomaly consistent with RUN006-EVT01 (origin S19).
RUN-006,S21,2026-08-06 08:20:00,140,OP-010,Pass,"Routine check, within spec."
RUN-006,S21,2026-08-06 08:40:00,160,OP-007,Pass,"Routine check, within spec."
RUN-006,S21,2026-08-06 09:00:00,180,OP-004,Pass,"Routine check, within spec."
RUN-006,S21,2026-08-06 09:20:00,200,OP-011,Pass,"Routine check, within spec."
RUN-006,S21,2026-08-06 09:40:00,220,OP-005,Pass,"Routine check, within spec."
RUN-006,S22,2026-08-06 06:20:00,20,OP-001,Pass,"Routine check, within spec."
RUN-006,S22,2026-08-06 06:40:00,40,OP-012,Pass,"Routine check, within spec."
RUN-006,S22,2026-08-06 07:00:00,60,OP-009,Pass,"Routine check, within spec."
RUN-006,S22,2026-08-06 07:20:00,80,OP-009,Pass,"Routine check, within spec."
RUN-006,S22,2026-08-06 07:40:00,100,OP-007,Fail,Anomaly consistent with RUN006-EVT01 (origin S19).
RUN-006,S22,2026-08-06 08:00:00,120,OP-001,Fail,Anomaly consistent with RUN006-EVT01 (origin S19).
RUN-006,S22,2026-08-06 08:20:00,140,OP-012,Pass,"Routine check, within spec."
RUN-006,S22,2026-08-06 08:40:00,160,OP-001,Pass,"Routine check, within spec."
RUN-006,S22,2026-08-06 09:00:00,180,OP-006,Pass,"Routine check, within spec."
RUN-006,S22,2026-08-06 09:20:00,200,OP-005,Pass,"Routine check, within spec."
RUN-006,S22,2026-08-06 09:40:00,220,OP-001,Pass,"Routine check, within spec."
RUN-006,S29,2026-08-06 06:20:00,20,OP-012,Pass,"Routine check, within spec."
RUN-006,S29,2026-08-06 06:40:00,40,OP-010,Pass,"Routine check, within spec."
RUN-006,S29,2026-08-06 07:00:00,60,OP-006,Pass,"Routine check, within spec."
RUN-006,S29,2026-08-06 07:20:00,80,OP-012,Pass,"Routine check, within spec."
RUN-006,S29,2026-08-06 07:40:00,100,OP-011,Pass,"Routine check, within spec."
RUN-006,S29,2026-08-06 08:00:00,120,OP-012,Pass,"Routine check, within spec."
RUN-006,S29,2026-08-06 08:20:00,140,OP-006,Pass,"Routine check, within spec."
RUN-006,S29,2026-08-06 08:40:00,160,OP-002,Pass,"Routine check, within spec."
RUN-006,S29,2026-08-06 09:00:00,180,OP-007,Pass,"Routine check, within spec."
RUN-006,S29,2026-08-06 09:20:00,200,OP-003,Pass,"Routine check, within spec."
RUN-006,S29,2026-08-06 09:40:00,220,OP-003,Pass,"Routine check, within spec."
RUN-006,S30,2026-08-06 06:20:00,20,OP-003,Pass,"Routine check, within spec."
RUN-006,S30,2026-08-06 06:40:00,40,OP-010,Pass,"Routine check, within spec."
RUN-006,S30,2026-08-06 07:00:00,60,OP-006,Pass,"Routine check, within spec."
RUN-006,S30,2026-08-06 07:20:00,80,OP-012,Pass,"Routine check, within spec."
RUN-006,S30,2026-08-06 07:40:00,100,OP-008,Pass,"Routine check, within spec."
RUN-006,S30,2026-08-06 08:00:00,120,OP-001,Pass,"Routine check, within spec."
RUN-006,S30,2026-08-06 08:20:00,140,OP-005,Pass,"Routine check, within spec."
RUN-006,S30,2026-08-06 08:40:00,160,OP-011,Pass,"Routine check, within spec."
RUN-006,S30,2026-08-06 09:00:00,180,OP-009,Pass,"Routine check, within spec."
RUN-006,S30,2026-08-06 09:20:00,200,OP-001,Pass,"Routine check, within spec."
RUN-006,S30,2026-08-06 09:40:00,220,OP-004,Pass,"Routine check, within spec."
RUN-007,S18,2026-08-07 06:20:00,20,OP-009,Pass,"Routine check, within spec."
RUN-007,S18,2026-08-07 06:40:00,40,OP-003,Pass,"Routine check, within spec."
RUN-007,S18,2026-08-07 07:00:00,60,OP-006,Pass,"Routine check, within spec."
RUN-007,S18,2026-08-07 07:20:00,80,OP-011,Pass,"Routine check, within spec."
RUN-007,S18,2026-08-07 07:40:00,100,OP-010,Pass,"Routine check, within spec."
RUN-007,S18,2026-08-07 08:00:00,120,OP-006,Pass,"Routine check, within spec."
RUN-007,S18,2026-08-07 08:20:00,140,OP-007,Pass,"Routine check, within spec."
RUN-007,S18,2026-08-07 08:40:00,160,OP-001,Pass,"Routine check, within spec."
RUN-007,S18,2026-08-07 09:00:00,180,OP-011,Pass,"Routine check, within spec."
RUN-007,S18,2026-08-07 09:20:00,200,OP-004,Pass,"Routine check, within spec."
RUN-007,S18,2026-08-07 09:40:00,220,OP-012,Pass,"Routine check, within spec."
RUN-007,S20,2026-08-07 06:20:00,20,OP-012,Pass,"Routine check, within spec."
RUN-007,S20,2026-08-07 06:40:00,40,OP-006,Pass,"Routine check, within spec."
RUN-007,S20,2026-08-07 07:00:00,60,OP-008,Pass,"Routine check, within spec."
RUN-007,S20,2026-08-07 07:20:00,80,OP-005,Pass,"Routine check, within spec."
RUN-007,S20,2026-08-07 07:40:00,100,OP-001,Pass,"Routine check, within spec."
RUN-007,S20,2026-08-07 08:00:00,120,OP-003,Pass,"Routine check, within spec."
RUN-007,S20,2026-08-07 08:20:00,140,OP-001,Pass,"Routine check, within spec."
RUN-007,S20,2026-08-07 08:40:00,160,OP-006,Pass,"Routine check, within spec."
RUN-007,S20,2026-08-07 09:00:00,180,OP-012,Fail,Anomaly consistent with RUN007-EVT01 (origin S18).
RUN-007,S20,2026-08-07 09:20:00,200,OP-008,Pass,"Routine check, within spec."
RUN-007,S20,2026-08-07 09:40:00,220,OP-010,Pass,"Routine check, within spec."
RUN-007,S21,2026-08-07 06:20:00,20,OP-004,Pass,"Routine check, within spec."
RUN-007,S21,2026-08-07 06:40:00,40,OP-004,Pass,"Routine check, within spec."
RUN-007,S21,2026-08-07 07:00:00,60,OP-001,Pass,"Routine check, within spec."
RUN-007,S21,2026-08-07 07:20:00,80,OP-012,Pass,"Routine check, within spec."
RUN-007,S21,2026-08-07 07:40:00,100,OP-012,Pass,"Routine check, within spec."
RUN-007,S21,2026-08-07 08:00:00,120,OP-008,Pass,"Routine check, within spec."
RUN-007,S21,2026-08-07 08:20:00,140,OP-004,Pass,"Routine check, within spec."
RUN-007,S21,2026-08-07 08:40:00,160,OP-012,Pass,"Routine check, within spec."
RUN-007,S21,2026-08-07 09:00:00,180,OP-004,Fail,Anomaly consistent with RUN007-EVT01 (origin S18).
RUN-007,S21,2026-08-07 09:20:00,200,OP-008,Pass,"Routine check, within spec."
RUN-007,S21,2026-08-07 09:40:00,220,OP-002,Pass,"Routine check, within spec."
RUN-007,S22,2026-08-07 06:20:00,20,OP-007,Pass,"Routine check, within spec."
RUN-007,S22,2026-08-07 06:40:00,40,OP-007,Pass,"Routine check, within spec."
RUN-007,S22,2026-08-07 07:00:00,60,OP-009,Pass,"Routine check, within spec."
RUN-007,S22,2026-08-07 07:20:00,80,OP-011,Pass,"Routine check, within spec."
RUN-007,S22,2026-08-07 07:40:00,100,OP-009,Pass,"Routine check, within spec."
RUN-007,S22,2026-08-07 08:00:00,120,OP-012,Pass,"Routine check, within spec."
RUN-007,S22,2026-08-07 08:20:00,140,OP-004,Pass,"Routine check, within spec."
RUN-007,S22,2026-08-07 08:40:00,160,OP-011,Pass,"Routine check, within spec."
RUN-007,S22,2026-08-07 09:00:00,180,OP-003,Fail,Anomaly consistent with RUN007-EVT01 (origin S18).
RUN-007,S22,2026-08-07 09:20:00,200,OP-004,Pass,"Routine check, within spec."
RUN-007,S22,2026-08-07 09:40:00,220,OP-002,Pass,"Routine check, within spec."
RUN-007,S29,2026-08-07 06:20:00,20,OP-001,Pass,"Routine check, within spec."
RUN-007,S29,2026-08-07 06:40:00,40,OP-008,Pass,"Routine check, within spec."
RUN-007,S29,2026-08-07 07:00:00,60,OP-007,Pass,"Routine check, within spec."
RUN-007,S29,2026-08-07 07:20:00,80,OP-006,Pass,"Routine check, within spec."
RUN-007,S29,2026-08-07 07:40:00,100,OP-011,Pass,"Routine check, within spec."
RUN-007,S29,2026-08-07 08:00:00,120,OP-009,Pass,"Routine check, within spec."
RUN-007,S29,2026-08-07 08:20:00,140,OP-010,Pass,"Routine check, within spec."
RUN-007,S29,2026-08-07 08:40:00,160,OP-001,Pass,"Routine check, within spec."
RUN-007,S29,2026-08-07 09:00:00,180,OP-006,Pass,"Routine check, within spec."
RUN-007,S29,2026-08-07 09:20:00,200,OP-006,Pass,"Routine check, within spec."
RUN-007,S29,2026-08-07 09:40:00,220,OP-008,Pass,"Routine check, within spec."
RUN-007,S30,2026-08-07 06:20:00,20,OP-006,Pass,"Routine check, within spec."
RUN-007,S30,2026-08-07 06:40:00,40,OP-012,Pass,"Routine check, within spec."
RUN-007,S30,2026-08-07 07:00:00,60,OP-010,Pass,"Routine check, within spec."
RUN-007,S30,2026-08-07 07:20:00,80,OP-004,Pass,"Routine check, within spec."
RUN-007,S30,2026-08-07 07:40:00,100,OP-010,Pass,"Routine check, within spec."
RUN-007,S30,2026-08-07 08:00:00,120,OP-006,Pass,"Routine check, within spec."
RUN-007,S30,2026-08-07 08:20:00,140,OP-011,Pass,"Routine check, within spec."
RUN-007,S30,2026-08-07 08:40:00,160,OP-006,Pass,"Routine check, within spec."
RUN-007,S30,2026-08-07 09:00:00,180,OP-012,Pass,"Routine check, within spec."
RUN-007,S30,2026-08-07 09:20:00,200,OP-009,Pass,"Routine check, within spec."
RUN-007,S30,2026-08-07 09:40:00,220,OP-001,Pass,"Routine check, within spec."
RUN-008,S18,2026-08-08 06:20:00,20,OP-002,Pass,"Routine check, within spec."
RUN-008,S18,2026-08-08 06:40:00,40,OP-006,Pass,"Routine check, within spec."
RUN-008,S18,2026-08-08 07:00:00,60,OP-009,Pass,"Routine check, within spec."
RUN-008,S18,2026-08-08 07:20:00,80,OP-006,Fail,Anomaly consistent with RUN008-EVT01 (origin S15).
RUN-008,S18,2026-08-08 07:40:00,100,OP-009,Pass,"Routine check, within spec."
RUN-008,S18,2026-08-08 08:00:00,120,OP-009,Pass,"Routine check, within spec."
RUN-008,S18,2026-08-08 08:20:00,140,OP-011,Pass,"Routine check, within spec."
RUN-008,S18,2026-08-08 08:40:00,160,OP-001,Pass,"Routine check, within spec."
RUN-008,S18,2026-08-08 09:00:00,180,OP-007,Pass,"Routine check, within spec."
RUN-008,S18,2026-08-08 09:20:00,200,OP-008,Pass,"Routine check, within spec."
RUN-008,S18,2026-08-08 09:40:00,220,OP-005,Pass,"Routine check, within spec."
RUN-008,S20,2026-08-08 06:20:00,20,OP-006,Pass,"Routine check, within spec."
RUN-008,S20,2026-08-08 06:40:00,40,OP-006,Pass,"Routine check, within spec."
RUN-008,S20,2026-08-08 07:00:00,60,OP-011,Pass,"Routine check, within spec."
RUN-008,S20,2026-08-08 07:20:00,80,OP-010,Pass,"Routine check, within spec."
RUN-008,S20,2026-08-08 07:40:00,100,OP-005,Pass,"Routine check, within spec."
RUN-008,S20,2026-08-08 08:00:00,120,OP-001,Pass,"Routine check, within spec."
RUN-008,S20,2026-08-08 08:20:00,140,OP-003,Pass,"Routine check, within spec."
RUN-008,S20,2026-08-08 08:40:00,160,OP-005,Pass,"Routine check, within spec."
RUN-008,S20,2026-08-08 09:00:00,180,OP-009,Pass,"Routine check, within spec."
RUN-008,S20,2026-08-08 09:20:00,200,OP-005,Pass,"Routine check, within spec."
RUN-008,S20,2026-08-08 09:40:00,220,OP-008,Pass,"Routine check, within spec."
RUN-008,S21,2026-08-08 06:20:00,20,OP-001,Pass,"Routine check, within spec."
RUN-008,S21,2026-08-08 06:40:00,40,OP-012,Pass,"Routine check, within spec."
RUN-008,S21,2026-08-08 07:00:00,60,OP-001,Pass,"Routine check, within spec."
RUN-008,S21,2026-08-08 07:20:00,80,OP-002,Pass,"Routine check, within spec."
RUN-008,S21,2026-08-08 07:40:00,100,OP-010,Pass,"Routine check, within spec."
RUN-008,S21,2026-08-08 08:00:00,120,OP-012,Pass,"Routine check, within spec."
RUN-008,S21,2026-08-08 08:20:00,140,OP-012,Pass,"Routine check, within spec."
RUN-008,S21,2026-08-08 08:40:00,160,OP-011,Pass,"Routine check, within spec."
RUN-008,S21,2026-08-08 09:00:00,180,OP-009,Pass,"Routine check, within spec."
RUN-008,S21,2026-08-08 09:20:00,200,OP-007,Pass,"Routine check, within spec."
RUN-008,S21,2026-08-08 09:40:00,220,OP-001,Pass,"Routine check, within spec."
RUN-008,S22,2026-08-08 06:20:00,20,OP-008,Pass,"Routine check, within spec."
RUN-008,S22,2026-08-08 06:40:00,40,OP-009,Pass,"Routine check, within spec."
RUN-008,S22,2026-08-08 07:00:00,60,OP-007,Pass,"Routine check, within spec."
RUN-008,S22,2026-08-08 07:20:00,80,OP-009,Pass,"Routine check, within spec."
RUN-008,S22,2026-08-08 07:40:00,100,OP-007,Pass,"Routine check, within spec."
RUN-008,S22,2026-08-08 08:00:00,120,OP-004,Pass,"Routine check, within spec."
RUN-008,S22,2026-08-08 08:20:00,140,OP-007,Pass,"Routine check, within spec."
RUN-008,S22,2026-08-08 08:40:00,160,OP-011,Pass,"Routine check, within spec."
RUN-008,S22,2026-08-08 09:00:00,180,OP-007,Pass,"Routine check, within spec."
RUN-008,S22,2026-08-08 09:20:00,200,OP-001,Pass,"Routine check, within spec."
RUN-008,S22,2026-08-08 09:40:00,220,OP-001,Pass,"Routine check, within spec."
RUN-008,S29,2026-08-08 06:20:00,20,OP-007,Pass,"Routine check, within spec."
RUN-008,S29,2026-08-08 06:40:00,40,OP-005,Pass,"Routine check, within spec."
RUN-008,S29,2026-08-08 07:00:00,60,OP-001,Pass,"Routine check, within spec."
RUN-008,S29,2026-08-08 07:20:00,80,OP-001,Pass,"Routine check, within spec."
RUN-008,S29,2026-08-08 07:40:00,100,OP-007,Pass,"Routine check, within spec."
RUN-008,S29,2026-08-08 08:00:00,120,OP-002,Pass,"Routine check, within spec."
RUN-008,S29,2026-08-08 08:20:00,140,OP-011,Pass,"Routine check, within spec."
RUN-008,S29,2026-08-08 08:40:00,160,OP-010,Pass,"Routine check, within spec."
RUN-008,S29,2026-08-08 09:00:00,180,OP-007,Pass,"Routine check, within spec."
RUN-008,S29,2026-08-08 09:20:00,200,OP-010,Pass,"Routine check, within spec."
RUN-008,S29,2026-08-08 09:40:00,220,OP-012,Pass,"Routine check, within spec."
RUN-008,S30,2026-08-08 06:20:00,20,OP-008,Pass,"Routine check, within spec."
RUN-008,S30,2026-08-08 06:40:00,40,OP-009,Pass,"Routine check, within spec."
RUN-008,S30,2026-08-08 07:00:00,60,OP-004,Pass,"Routine check, within spec."
RUN-008,S30,2026-08-08 07:20:00,80,OP-010,Pass,"Routine check, within spec."
RUN-008,S30,2026-08-08 07:40:00,100,OP-003,Pass,"Routine check, within spec."
RUN-008,S30,2026-08-08 08:00:00,120,OP-009,Pass,"Routine check, within spec."
RUN-008,S30,2026-08-08 08:20:00,140,OP-012,Pass,"Routine check, within spec."
RUN-008,S30,2026-08-08 08:40:00,160,OP-004,Pass,"Routine check, within spec."
RUN-008,S30,2026-08-08 09:00:00,180,OP-001,Pass,"Routine check, within spec."
RUN-008,S30,2026-08-08 09:20:00,200,OP-007,Pass,"Routine check, within spec."
RUN-008,S30,2026-08-08 09:40:00,220,OP-006,Pass,"Routine check, within spec."
RUN-009,S18,2026-08-09 06:20:00,20,OP-007,Pass,"Routine check, within spec."
RUN-009,S18,2026-08-09 06:40:00,40,OP-001,Pass,"Routine check, within spec."
RUN-009,S18,2026-08-09 07:00:00,60,OP-002,Pass,"Routine check, within spec."
RUN-009,S18,2026-08-09 07:20:00,80,OP-011,Pass,"Routine check, within spec."
RUN-009,S18,2026-08-09 07:40:00,100,OP-006,Pass,"Routine check, within spec."
RUN-009,S18,2026-08-09 08:00:00,120,OP-006,Pass,"Routine check, within spec."
RUN-009,S18,2026-08-09 08:20:00,140,OP-005,Pass,"Routine check, within spec."
RUN-009,S18,2026-08-09 08:40:00,160,OP-011,Pass,"Routine check, within spec."
RUN-009,S18,2026-08-09 09:00:00,180,OP-001,Pass,"Routine check, within spec."
RUN-009,S18,2026-08-09 09:20:00,200,OP-003,Pass,"Routine check, within spec."
RUN-009,S18,2026-08-09 09:40:00,220,OP-008,Pass,"Routine check, within spec."
RUN-009,S20,2026-08-09 06:20:00,20,OP-012,Pass,"Routine check, within spec."
RUN-009,S20,2026-08-09 06:40:00,40,OP-005,Pass,"Routine check, within spec."
RUN-009,S20,2026-08-09 07:00:00,60,OP-001,Pass,"Routine check, within spec."
RUN-009,S20,2026-08-09 07:20:00,80,OP-005,Pass,"Routine check, within spec."
RUN-009,S20,2026-08-09 07:40:00,100,OP-004,Pass,"Routine check, within spec."
RUN-009,S20,2026-08-09 08:00:00,120,OP-004,Pass,"Routine check, within spec."
RUN-009,S20,2026-08-09 08:20:00,140,OP-009,Pass,"Routine check, within spec."
RUN-009,S20,2026-08-09 08:40:00,160,OP-012,Pass,"Routine check, within spec."
RUN-009,S20,2026-08-09 09:00:00,180,OP-007,Pass,"Routine check, within spec."
RUN-009,S20,2026-08-09 09:20:00,200,OP-012,Pass,"Routine check, within spec."
RUN-009,S20,2026-08-09 09:40:00,220,OP-006,Pass,"Routine check, within spec."
RUN-009,S21,2026-08-09 06:20:00,20,OP-008,Pass,"Routine check, within spec."
RUN-009,S21,2026-08-09 06:40:00,40,OP-006,Pass,"Routine check, within spec."
RUN-009,S21,2026-08-09 07:00:00,60,OP-004,Pass,"Routine check, within spec."
RUN-009,S21,2026-08-09 07:20:00,80,OP-009,Pass,"Routine check, within spec."
RUN-009,S21,2026-08-09 07:40:00,100,OP-007,Pass,"Routine check, within spec."
RUN-009,S21,2026-08-09 08:00:00,120,OP-001,Pass,"Routine check, within spec."
RUN-009,S21,2026-08-09 08:20:00,140,OP-007,Pass,"Routine check, within spec."
RUN-009,S21,2026-08-09 08:40:00,160,OP-003,Pass,"Routine check, within spec."
RUN-009,S21,2026-08-09 09:00:00,180,OP-010,Pass,"Routine check, within spec."
RUN-009,S21,2026-08-09 09:20:00,200,OP-007,Pass,"Routine check, within spec."
RUN-009,S21,2026-08-09 09:40:00,220,OP-011,Pass,"Routine check, within spec."
RUN-009,S22,2026-08-09 06:20:00,20,OP-006,Pass,"Routine check, within spec."
RUN-009,S22,2026-08-09 06:40:00,40,OP-003,Pass,"Routine check, within spec."
RUN-009,S22,2026-08-09 07:00:00,60,OP-011,Pass,"Routine check, within spec."
RUN-009,S22,2026-08-09 07:20:00,80,OP-004,Pass,"Routine check, within spec."
RUN-009,S22,2026-08-09 07:40:00,100,OP-001,Pass,"Routine check, within spec."
RUN-009,S22,2026-08-09 08:00:00,120,OP-011,Pass,"Routine check, within spec."
RUN-009,S22,2026-08-09 08:20:00,140,OP-005,Pass,"Routine check, within spec."
RUN-009,S22,2026-08-09 08:40:00,160,OP-007,Pass,"Routine check, within spec."
RUN-009,S22,2026-08-09 09:00:00,180,OP-002,Pass,"Routine check, within spec."
RUN-009,S22,2026-08-09 09:20:00,200,OP-010,Pass,"Routine check, within spec."
RUN-009,S22,2026-08-09 09:40:00,220,OP-012,Pass,"Routine check, within spec."
RUN-009,S29,2026-08-09 06:20:00,20,OP-002,Pass,"Routine check, within spec."
RUN-009,S29,2026-08-09 06:40:00,40,OP-007,Pass,"Routine check, within spec."
RUN-009,S29,2026-08-09 07:00:00,60,OP-012,Pass,"Routine check, within spec."
RUN-009,S29,2026-08-09 07:20:00,80,OP-008,Pass,"Routine check, within spec."
RUN-009,S29,2026-08-09 07:40:00,100,OP-009,Pass,"Routine check, within spec."
RUN-009,S29,2026-08-09 08:00:00,120,OP-005,Pass,"Routine check, within spec."
RUN-009,S29,2026-08-09 08:20:00,140,OP-003,Pass,"Routine check, within spec."
RUN-009,S29,2026-08-09 08:40:00,160,OP-006,Pass,"Routine check, within spec."
RUN-009,S29,2026-08-09 09:00:00,180,OP-007,Pass,"Routine check, within spec."
RUN-009,S29,2026-08-09 09:20:00,200,OP-005,Pass,"Routine check, within spec."
RUN-009,S29,2026-08-09 09:40:00,220,OP-002,Pass,"Routine check, within spec."
RUN-009,S30,2026-08-09 06:20:00,20,OP-004,Pass,"Routine check, within spec."
RUN-009,S30,2026-08-09 06:40:00,40,OP-012,Pass,"Routine check, within spec."
RUN-009,S30,2026-08-09 07:00:00,60,OP-008,Pass,"Routine check, within spec."
RUN-009,S30,2026-08-09 07:20:00,80,OP-007,Pass,"Routine check, within spec."
RUN-009,S30,2026-08-09 07:40:00,100,OP-007,Pass,"Routine check, within spec."
RUN-009,S30,2026-08-09 08:00:00,120,OP-010,Pass,"Routine check, within spec."
RUN-009,S30,2026-08-09 08:20:00,140,OP-008,Pass,"Routine check, within spec."
RUN-009,S30,2026-08-09 08:40:00,160,OP-010,Pass,"Routine check, within spec."
RUN-009,S30,2026-08-09 09:00:00,180,OP-009,Pass,"Routine check, within spec."
RUN-009,S30,2026-08-09 09:20:00,200,OP-001,Pass,"Routine check, within spec."
RUN-009,S30,2026-08-09 09:40:00,220,OP-005,Pass,"Routine check, within spec."
RUN-010,S18,2026-08-10 06:20:00,20,OP-005,Pass,"Routine check, within spec."
RUN-010,S18,2026-08-10 06:40:00,40,OP-008,Pass,"Routine check, within spec."
RUN-010,S18,2026-08-10 07:00:00,60,OP-006,Pass,"Routine check, within spec."
RUN-010,S18,2026-08-10 07:20:00,80,OP-004,Pass,"Routine check, within spec."
RUN-010,S18,2026-08-10 07:40:00,100,OP-004,Pass,"Routine check, within spec."
RUN-010,S18,2026-08-10 08:00:00,120,OP-004,Pass,"Routine check, within spec."
RUN-010,S18,2026-08-10 08:20:00,140,OP-009,Pass,"Routine check, within spec."
RUN-010,S18,2026-08-10 08:40:00,160,OP-003,Pass,"Routine check, within spec."
RUN-010,S18,2026-08-10 09:00:00,180,OP-010,Pass,"Routine check, within spec."
RUN-010,S18,2026-08-10 09:20:00,200,OP-003,Pass,"Routine check, within spec."
RUN-010,S18,2026-08-10 09:40:00,220,OP-004,Pass,"Routine check, within spec."
RUN-010,S20,2026-08-10 06:20:00,20,OP-003,Pass,"Routine check, within spec."
RUN-010,S20,2026-08-10 06:40:00,40,OP-006,Pass,"Routine check, within spec."
RUN-010,S20,2026-08-10 07:00:00,60,OP-003,Pass,"Routine check, within spec."
RUN-010,S20,2026-08-10 07:20:00,80,OP-005,Pass,"Routine check, within spec."
RUN-010,S20,2026-08-10 07:40:00,100,OP-007,Pass,"Routine check, within spec."
RUN-010,S20,2026-08-10 08:00:00,120,OP-004,Pass,"Routine check, within spec."
RUN-010,S20,2026-08-10 08:20:00,140,OP-002,Pass,"Routine check, within spec."
RUN-010,S20,2026-08-10 08:40:00,160,OP-004,Pass,"Routine check, within spec."
RUN-010,S20,2026-08-10 09:00:00,180,OP-003,Pass,"Routine check, within spec."
RUN-010,S20,2026-08-10 09:20:00,200,OP-010,Pass,"Routine check, within spec."
RUN-010,S20,2026-08-10 09:40:00,220,OP-010,Pass,"Routine check, within spec."
RUN-010,S21,2026-08-10 06:20:00,20,OP-010,Pass,"Routine check, within spec."
RUN-010,S21,2026-08-10 06:40:00,40,OP-003,Pass,"Routine check, within spec."
RUN-010,S21,2026-08-10 07:00:00,60,OP-009,Pass,"Routine check, within spec."
RUN-010,S21,2026-08-10 07:20:00,80,OP-009,Pass,"Routine check, within spec."
RUN-010,S21,2026-08-10 07:40:00,100,OP-006,Pass,"Routine check, within spec."
RUN-010,S21,2026-08-10 08:00:00,120,OP-008,Pass,"Routine check, within spec."
RUN-010,S21,2026-08-10 08:20:00,140,OP-003,Pass,"Routine check, within spec."
RUN-010,S21,2026-08-10 08:40:00,160,OP-008,Pass,"Routine check, within spec."
RUN-010,S21,2026-08-10 09:00:00,180,OP-002,Pass,"Routine check, within spec."
RUN-010,S21,2026-08-10 09:20:00,200,OP-011,Pass,"Routine check, within spec."
RUN-010,S21,2026-08-10 09:40:00,220,OP-012,Pass,"Routine check, within spec."
RUN-010,S22,2026-08-10 06:20:00,20,OP-009,Pass,"Routine check, within spec."
RUN-010,S22,2026-08-10 06:40:00,40,OP-006,Pass,"Routine check, within spec."
RUN-010,S22,2026-08-10 07:00:00,60,OP-003,Pass,"Routine check, within spec."
RUN-010,S22,2026-08-10 07:20:00,80,OP-011,Pass,"Routine check, within spec."
RUN-010,S22,2026-08-10 07:40:00,100,OP-009,Pass,"Routine check, within spec."
RUN-010,S22,2026-08-10 08:00:00,120,OP-010,Pass,"Routine check, within spec."
RUN-010,S22,2026-08-10 08:20:00,140,OP-010,Pass,"Routine check, within spec."
RUN-010,S22,2026-08-10 08:40:00,160,OP-006,Pass,"Routine check, within spec."
RUN-010,S22,2026-08-10 09:00:00,180,OP-007,Pass,"Routine check, within spec."
RUN-010,S22,2026-08-10 09:20:00,200,OP-009,Pass,"Routine check, within spec."
RUN-010,S22,2026-08-10 09:40:00,220,OP-005,Pass,"Routine check, within spec."
RUN-010,S29,2026-08-10 06:20:00,20,OP-009,Pass,"Routine check, within spec."
RUN-010,S29,2026-08-10 06:40:00,40,OP-005,Pass,"Routine check, within spec."
RUN-010,S29,2026-08-10 07:00:00,60,OP-012,Pass,"Routine check, within spec."
RUN-010,S29,2026-08-10 07:20:00,80,OP-009,Pass,"Routine check, within spec."
RUN-010,S29,2026-08-10 07:40:00,100,OP-009,Pass,"Routine check, within spec."
RUN-010,S29,2026-08-10 08:00:00,120,OP-005,Pass,"Routine check, within spec."
RUN-010,S29,2026-08-10 08:20:00,140,OP-001,Pass,"Routine check, within spec."
RUN-010,S29,2026-08-10 08:40:00,160,OP-005,Pass,"Routine check, within spec."
RUN-010,S29,2026-08-10 09:00:00,180,OP-004,Pass,"Routine check, within spec."
RUN-010,S29,2026-08-10 09:20:00,200,OP-007,Pass,"Routine check, within spec."
RUN-010,S29,2026-08-10 09:40:00,220,OP-008,Pass,"Routine check, within spec."
RUN-010,S30,2026-08-10 06:20:00,20,OP-003,Pass,"Routine check, within spec."
RUN-010,S30,2026-08-10 06:40:00,40,OP-009,Pass,"Routine check, within spec."
RUN-010,S30,2026-08-10 07:00:00,60,OP-001,Pass,"Routine check, within spec."
RUN-010,S30,2026-08-10 07:20:00,80,OP-009,Pass,"Routine check, within spec."
RUN-010,S30,2026-08-10 07:40:00,100,OP-009,Pass,"Routine check, within spec."
RUN-010,S30,2026-08-10 08:00:00,120,OP-008,Pass,"Routine check, within spec."
RUN-010,S30,2026-08-10 08:20:00,140,OP-011,Pass,"Routine check, within spec."
RUN-010,S30,2026-08-10 08:40:00,160,OP-006,Pass,"Routine check, within spec."
RUN-010,S30,2026-08-10 09:00:00,180,OP-008,Pass,"Routine check, within spec."
RUN-010,S30,2026-08-10 09:20:00,200,OP-003,Pass,"Routine check, within spec."
RUN-010,S30,2026-08-10 09:40:00,220,OP-005,Pass,"Routine check, within spec."
RUN-011,S18,2026-08-11 06:20:00,20,OP-006,Pass,"Routine check, within spec."
RUN-011,S18,2026-08-11 06:40:00,40,OP-004,Pass,"Routine check, within spec."
RUN-011,S18,2026-08-11 07:00:00,60,OP-004,Pass,"Routine check, within spec."
RUN-011,S18,2026-08-11 07:20:00,80,OP-004,Pass,"Routine check, within spec."
RUN-011,S18,2026-08-11 07:40:00,100,OP-011,Pass,"Routine check, within spec."
RUN-011,S18,2026-08-11 08:00:00,120,OP-009,Pass,"Routine check, within spec."
RUN-011,S18,2026-08-11 08:20:00,140,OP-010,Pass,"Routine check, within spec."
RUN-011,S18,2026-08-11 08:40:00,160,OP-007,Pass,"Routine check, within spec."
RUN-011,S18,2026-08-11 09:00:00,180,OP-003,Pass,"Routine check, within spec."
RUN-011,S18,2026-08-11 09:20:00,200,OP-008,Pass,"Routine check, within spec."
RUN-011,S18,2026-08-11 09:40:00,220,OP-008,Pass,"Routine check, within spec."
RUN-011,S20,2026-08-11 06:20:00,20,OP-009,Pass,"Routine check, within spec."
RUN-011,S20,2026-08-11 06:40:00,40,OP-009,Pass,"Routine check, within spec."
RUN-011,S20,2026-08-11 07:00:00,60,OP-002,Pass,"Routine check, within spec."
RUN-011,S20,2026-08-11 07:20:00,80,OP-011,Pass,"Routine check, within spec."
RUN-011,S20,2026-08-11 07:40:00,100,OP-007,Pass,"Routine check, within spec."
RUN-011,S20,2026-08-11 08:00:00,120,OP-003,Pass,"Routine check, within spec."
RUN-011,S20,2026-08-11 08:20:00,140,OP-008,Pass,"Routine check, within spec."
RUN-011,S20,2026-08-11 08:40:00,160,OP-009,Pass,"Routine check, within spec."
RUN-011,S20,2026-08-11 09:00:00,180,OP-006,Pass,"Routine check, within spec."
RUN-011,S20,2026-08-11 09:20:00,200,OP-011,Pass,"Routine check, within spec."
RUN-011,S20,2026-08-11 09:40:00,220,OP-006,Pass,"Routine check, within spec."
RUN-011,S21,2026-08-11 06:20:00,20,OP-010,Pass,"Routine check, within spec."
RUN-011,S21,2026-08-11 06:40:00,40,OP-005,Pass,"Routine check, within spec."
RUN-011,S21,2026-08-11 07:00:00,60,OP-007,Pass,"Routine check, within spec."
RUN-011,S21,2026-08-11 07:20:00,80,OP-008,Pass,"Routine check, within spec."
RUN-011,S21,2026-08-11 07:40:00,100,OP-010,Pass,"Routine check, within spec."
RUN-011,S21,2026-08-11 08:00:00,120,OP-009,Pass,"Routine check, within spec."
RUN-011,S21,2026-08-11 08:20:00,140,OP-004,Pass,"Routine check, within spec."
RUN-011,S21,2026-08-11 08:40:00,160,OP-007,Pass,"Routine check, within spec."
RUN-011,S21,2026-08-11 09:00:00,180,OP-007,Pass,"Routine check, within spec."
RUN-011,S21,2026-08-11 09:20:00,200,OP-011,Pass,"Routine check, within spec."
RUN-011,S21,2026-08-11 09:40:00,220,OP-003,Pass,"Routine check, within spec."
RUN-011,S22,2026-08-11 06:20:00,20,OP-002,Pass,"Routine check, within spec."
RUN-011,S22,2026-08-11 06:40:00,40,OP-011,Pass,"Routine check, within spec."
RUN-011,S22,2026-08-11 07:00:00,60,OP-012,Pass,"Routine check, within spec."
RUN-011,S22,2026-08-11 07:20:00,80,OP-010,Pass,"Routine check, within spec."
RUN-011,S22,2026-08-11 07:40:00,100,OP-012,Pass,"Routine check, within spec."
RUN-011,S22,2026-08-11 08:00:00,120,OP-005,Pass,"Routine check, within spec."
RUN-011,S22,2026-08-11 08:20:00,140,OP-004,Pass,"Routine check, within spec."
RUN-011,S22,2026-08-11 08:40:00,160,OP-004,Pass,"Routine check, within spec."
RUN-011,S22,2026-08-11 09:00:00,180,OP-003,Pass,"Routine check, within spec."
RUN-011,S22,2026-08-11 09:20:00,200,OP-003,Pass,"Routine check, within spec."
RUN-011,S22,2026-08-11 09:40:00,220,OP-012,Pass,"Routine check, within spec."
RUN-011,S29,2026-08-11 06:20:00,20,OP-004,Pass,"Routine check, within spec."
RUN-011,S29,2026-08-11 06:40:00,40,OP-007,Pass,"Routine check, within spec."
RUN-011,S29,2026-08-11 07:00:00,60,OP-008,Pass,"Routine check, within spec."
RUN-011,S29,2026-08-11 07:20:00,80,OP-002,Pass,"Routine check, within spec."
RUN-011,S29,2026-08-11 07:40:00,100,OP-001,Pass,"Routine check, within spec."
RUN-011,S29,2026-08-11 08:00:00,120,OP-007,Pass,"Routine check, within spec."
RUN-011,S29,2026-08-11 08:20:00,140,OP-006,Pass,"Routine check, within spec."
RUN-011,S29,2026-08-11 08:40:00,160,OP-008,Pass,"Routine check, within spec."
RUN-011,S29,2026-08-11 09:00:00,180,OP-003,Pass,"Routine check, within spec."
RUN-011,S29,2026-08-11 09:20:00,200,OP-006,Pass,"Routine check, within spec."
RUN-011,S29,2026-08-11 09:40:00,220,OP-012,Pass,"Routine check, within spec."
RUN-011,S30,2026-08-11 06:20:00,20,OP-004,Pass,"Routine check, within spec."
RUN-011,S30,2026-08-11 06:40:00,40,OP-001,Pass,"Routine check, within spec."
RUN-011,S30,2026-08-11 07:00:00,60,OP-002,Pass,"Routine check, within spec."
RUN-011,S30,2026-08-11 07:20:00,80,OP-011,Pass,"Routine check, within spec."
RUN-011,S30,2026-08-11 07:40:00,100,OP-001,Pass,"Routine check, within spec."
RUN-011,S30,2026-08-11 08:00:00,120,OP-010,Pass,"Routine check, within spec."
RUN-011,S30,2026-08-11 08:20:00,140,OP-009,Pass,"Routine check, within spec."
RUN-011,S30,2026-08-11 08:40:00,160,OP-009,Pass,"Routine check, within spec."
RUN-011,S30,2026-08-11 09:00:00,180,OP-001,Pass,"Routine check, within spec."
RUN-011,S30,2026-08-11 09:20:00,200,OP-005,Pass,"Routine check, within spec."
RUN-011,S30,2026-08-11 09:40:00,220,OP-006,Pass,"Routine check, within spec."
RUN-012,S18,2026-08-12 06:20:00,20,OP-003,Pass,"Routine check, within spec."
RUN-012,S18,2026-08-12 06:40:00,40,OP-003,Pass,"Routine check, within spec."
RUN-012,S18,2026-08-12 07:00:00,60,OP-001,Pass,"Routine check, within spec."
RUN-012,S18,2026-08-12 07:20:00,80,OP-004,Pass,"Routine check, within spec."
RUN-012,S18,2026-08-12 07:40:00,100,OP-011,Pass,"Routine check, within spec."
RUN-012,S18,2026-08-12 08:00:00,120,OP-002,Pass,"Routine check, within spec."
RUN-012,S18,2026-08-12 08:20:00,140,OP-011,Pass,"Routine check, within spec."
RUN-012,S18,2026-08-12 08:40:00,160,OP-009,Pass,"Routine check, within spec."
RUN-012,S18,2026-08-12 09:00:00,180,OP-005,Pass,"Routine check, within spec."
RUN-012,S18,2026-08-12 09:20:00,200,OP-003,Pass,"Routine check, within spec."
RUN-012,S18,2026-08-12 09:40:00,220,OP-004,Pass,"Routine check, within spec."
RUN-012,S20,2026-08-12 06:20:00,20,OP-004,Pass,"Routine check, within spec."
RUN-012,S20,2026-08-12 06:40:00,40,OP-008,Pass,"Routine check, within spec."
RUN-012,S20,2026-08-12 07:00:00,60,OP-006,Pass,"Routine check, within spec."
RUN-012,S20,2026-08-12 07:20:00,80,OP-005,Pass,"Routine check, within spec."
RUN-012,S20,2026-08-12 07:40:00,100,OP-005,Pass,"Routine check, within spec."
RUN-012,S20,2026-08-12 08:00:00,120,OP-001,Pass,"Routine check, within spec."
RUN-012,S20,2026-08-12 08:20:00,140,OP-006,Pass,"Routine check, within spec."
RUN-012,S20,2026-08-12 08:40:00,160,OP-010,Pass,"Routine check, within spec."
RUN-012,S20,2026-08-12 09:00:00,180,OP-004,Pass,"Routine check, within spec."
RUN-012,S20,2026-08-12 09:20:00,200,OP-002,Pass,"Routine check, within spec."
RUN-012,S20,2026-08-12 09:40:00,220,OP-008,Pass,"Routine check, within spec."
RUN-012,S21,2026-08-12 06:20:00,20,OP-004,Pass,"Routine check, within spec."
RUN-012,S21,2026-08-12 06:40:00,40,OP-005,Pass,"Routine check, within spec."
RUN-012,S21,2026-08-12 07:00:00,60,OP-006,Pass,"Routine check, within spec."
RUN-012,S21,2026-08-12 07:20:00,80,OP-001,Pass,"Routine check, within spec."
RUN-012,S21,2026-08-12 07:40:00,100,OP-005,Pass,"Routine check, within spec."
RUN-012,S21,2026-08-12 08:00:00,120,OP-009,Pass,"Routine check, within spec."
RUN-012,S21,2026-08-12 08:20:00,140,OP-005,Pass,"Routine check, within spec."
RUN-012,S21,2026-08-12 08:40:00,160,OP-011,Pass,"Routine check, within spec."
RUN-012,S21,2026-08-12 09:00:00,180,OP-011,Pass,"Routine check, within spec."
RUN-012,S21,2026-08-12 09:20:00,200,OP-001,Pass,"Routine check, within spec."
RUN-012,S21,2026-08-12 09:40:00,220,OP-009,Pass,"Routine check, within spec."
RUN-012,S22,2026-08-12 06:20:00,20,OP-012,Pass,"Routine check, within spec."
RUN-012,S22,2026-08-12 06:40:00,40,OP-003,Pass,"Routine check, within spec."
RUN-012,S22,2026-08-12 07:00:00,60,OP-010,Pass,"Routine check, within spec."
RUN-012,S22,2026-08-12 07:20:00,80,OP-007,Pass,"Routine check, within spec."
RUN-012,S22,2026-08-12 07:40:00,100,OP-002,Pass,"Routine check, within spec."
RUN-012,S22,2026-08-12 08:00:00,120,OP-001,Pass,"Routine check, within spec."
RUN-012,S22,2026-08-12 08:20:00,140,OP-005,Pass,"Routine check, within spec."
RUN-012,S22,2026-08-12 08:40:00,160,OP-006,Pass,"Routine check, within spec."
RUN-012,S22,2026-08-12 09:00:00,180,OP-011,Pass,"Routine check, within spec."
RUN-012,S22,2026-08-12 09:20:00,200,OP-005,Pass,"Routine check, within spec."
RUN-012,S22,2026-08-12 09:40:00,220,OP-004,Pass,"Routine check, within spec."
RUN-012,S29,2026-08-12 06:20:00,20,OP-005,Pass,"Routine check, within spec."
RUN-012,S29,2026-08-12 06:40:00,40,OP-011,Pass,"Routine check, within spec."
RUN-012,S29,2026-08-12 07:00:00,60,OP-004,Pass,"Routine check, within spec."
RUN-012,S29,2026-08-12 07:20:00,80,OP-004,Pass,"Routine check, within spec."
RUN-012,S29,2026-08-12 07:40:00,100,OP-003,Pass,"Routine check, within spec."
RUN-012,S29,2026-08-12 08:00:00,120,OP-008,Pass,"Routine check, within spec."
RUN-012,S29,2026-08-12 08:20:00,140,OP-012,Pass,"Routine check, within spec."
RUN-012,S29,2026-08-12 08:40:00,160,OP-010,Pass,"Routine check, within spec."
RUN-012,S29,2026-08-12 09:00:00,180,OP-001,Pass,"Routine check, within spec."
RUN-012,S29,2026-08-12 09:20:00,200,OP-006,Pass,"Routine check, within spec."
RUN-012,S29,2026-08-12 09:40:00,220,OP-001,Pass,"Routine check, within spec."
RUN-012,S30,2026-08-12 06:20:00,20,OP-006,Pass,"Routine check, within spec."
RUN-012,S30,2026-08-12 06:40:00,40,OP-007,Pass,"Routine check, within spec."
RUN-012,S30,2026-08-12 07:00:00,60,OP-007,Pass,"Routine check, within spec."
RUN-012,S30,2026-08-12 07:20:00,80,OP-012,Pass,"Routine check, within spec."
RUN-012,S30,2026-08-12 07:40:00,100,OP-009,Pass,"Routine check, within spec."
RUN-012,S30,2026-08-12 08:00:00,120,OP-002,Pass,"Routine check, within spec."
RUN-012,S30,2026-08-12 08:20:00,140,OP-009,Pass,"Routine check, within spec."
RUN-012,S30,2026-08-12 08:40:00,160,OP-009,Pass,"Routine check, within spec."
RUN-012,S30,2026-08-12 09:00:00,180,OP-004,Pass,"Routine check, within spec."
RUN-012,S30,2026-08-12 09:20:00,200,OP-011,Pass,"Routine check, within spec."
RUN-012,S30,2026-08-12 09:40:00,220,OP-007,Pass,"Routine check, within spec."
RUN-013,S18,2026-08-13 06:20:00,20,OP-009,Pass,"Routine check, within spec."
RUN-013,S18,2026-08-13 06:40:00,40,OP-010,Pass,"Routine check, within spec."
RUN-013,S18,2026-08-13 07:00:00,60,OP-004,Pass,"Routine check, within spec."
RUN-013,S18,2026-08-13 07:20:00,80,OP-010,Pass,"Routine check, within spec."
RUN-013,S18,2026-08-13 07:40:00,100,OP-002,Pass,"Routine check, within spec."
RUN-013,S18,2026-08-13 08:00:00,120,OP-011,Pass,"Routine check, within spec."
RUN-013,S18,2026-08-13 08:20:00,140,OP-012,Pass,"Routine check, within spec."
RUN-013,S18,2026-08-13 08:40:00,160,OP-006,Pass,"Routine check, within spec."
RUN-013,S18,2026-08-13 09:00:00,180,OP-008,Pass,"Routine check, within spec."
RUN-013,S18,2026-08-13 09:20:00,200,OP-006,Pass,"Routine check, within spec."
RUN-013,S18,2026-08-13 09:40:00,220,OP-001,Pass,"Routine check, within spec."
RUN-013,S20,2026-08-13 06:20:00,20,OP-010,Pass,"Routine check, within spec."
RUN-013,S20,2026-08-13 06:40:00,40,OP-008,Pass,"Routine check, within spec."
RUN-013,S20,2026-08-13 07:00:00,60,OP-012,Pass,"Routine check, within spec."
RUN-013,S20,2026-08-13 07:20:00,80,OP-006,Pass,"Routine check, within spec."
RUN-013,S20,2026-08-13 07:40:00,100,OP-005,Pass,"Routine check, within spec."
RUN-013,S20,2026-08-13 08:00:00,120,OP-007,Pass,"Routine check, within spec."
RUN-013,S20,2026-08-13 08:20:00,140,OP-002,Pass,"Routine check, within spec."
RUN-013,S20,2026-08-13 08:40:00,160,OP-012,Pass,"Routine check, within spec."
RUN-013,S20,2026-08-13 09:00:00,180,OP-003,Pass,"Routine check, within spec."
RUN-013,S20,2026-08-13 09:20:00,200,OP-008,Pass,"Routine check, within spec."
RUN-013,S20,2026-08-13 09:40:00,220,OP-010,Pass,"Routine check, within spec."
RUN-013,S21,2026-08-13 06:20:00,20,OP-005,Pass,"Routine check, within spec."
RUN-013,S21,2026-08-13 06:40:00,40,OP-001,Pass,"Routine check, within spec."
RUN-013,S21,2026-08-13 07:00:00,60,OP-009,Pass,"Routine check, within spec."
RUN-013,S21,2026-08-13 07:20:00,80,OP-008,Pass,"Routine check, within spec."
RUN-013,S21,2026-08-13 07:40:00,100,OP-012,Pass,"Routine check, within spec."
RUN-013,S21,2026-08-13 08:00:00,120,OP-004,Pass,"Routine check, within spec."
RUN-013,S21,2026-08-13 08:20:00,140,OP-002,Pass,"Routine check, within spec."
RUN-013,S21,2026-08-13 08:40:00,160,OP-008,Pass,"Routine check, within spec."
RUN-013,S21,2026-08-13 09:00:00,180,OP-008,Pass,"Routine check, within spec."
RUN-013,S21,2026-08-13 09:20:00,200,OP-009,Pass,"Routine check, within spec."
RUN-013,S21,2026-08-13 09:40:00,220,OP-009,Pass,"Routine check, within spec."
RUN-013,S22,2026-08-13 06:20:00,20,OP-001,Pass,"Routine check, within spec."
RUN-013,S22,2026-08-13 06:40:00,40,OP-002,Pass,"Routine check, within spec."
RUN-013,S22,2026-08-13 07:00:00,60,OP-002,Pass,"Routine check, within spec."
RUN-013,S22,2026-08-13 07:20:00,80,OP-004,Flagged,Anomaly consistent with RUN013-EVT02 (origin S22).
RUN-013,S22,2026-08-13 07:40:00,100,OP-010,Flagged,Anomaly consistent with RUN013-EVT02 (origin S22).
RUN-013,S22,2026-08-13 08:00:00,120,OP-001,Pass,"Routine check, within spec."
RUN-013,S22,2026-08-13 08:20:00,140,OP-004,Pass,"Routine check, within spec."
RUN-013,S22,2026-08-13 08:40:00,160,OP-008,Pass,"Routine check, within spec."
RUN-013,S22,2026-08-13 09:00:00,180,OP-011,Pass,"Routine check, within spec."
RUN-013,S22,2026-08-13 09:20:00,200,OP-008,Pass,"Routine check, within spec."
RUN-013,S22,2026-08-13 09:40:00,220,OP-006,Pass,"Routine check, within spec."
RUN-013,S29,2026-08-13 06:20:00,20,OP-006,Pass,"Routine check, within spec."
RUN-013,S29,2026-08-13 06:40:00,40,OP-012,Pass,"Routine check, within spec."
RUN-013,S29,2026-08-13 07:00:00,60,OP-004,Pass,"Routine check, within spec."
RUN-013,S29,2026-08-13 07:20:00,80,OP-011,Pass,"Routine check, within spec."
RUN-013,S29,2026-08-13 07:40:00,100,OP-003,Pass,"Routine check, within spec."
RUN-013,S29,2026-08-13 08:00:00,120,OP-001,Pass,"Routine check, within spec."
RUN-013,S29,2026-08-13 08:20:00,140,OP-009,Fail,Anomaly consistent with RUN013-EVT01 (origin S26).
RUN-013,S29,2026-08-13 08:40:00,160,OP-010,Fail,Anomaly consistent with RUN013-EVT01 (origin S26).
RUN-013,S29,2026-08-13 09:00:00,180,OP-003,Pass,"Routine check, within spec."
RUN-013,S29,2026-08-13 09:20:00,200,OP-001,Pass,"Routine check, within spec."
RUN-013,S29,2026-08-13 09:40:00,220,OP-004,Pass,"Routine check, within spec."
RUN-013,S30,2026-08-13 06:20:00,20,OP-011,Pass,"Routine check, within spec."
RUN-013,S30,2026-08-13 06:40:00,40,OP-007,Pass,"Routine check, within spec."
RUN-013,S30,2026-08-13 07:00:00,60,OP-009,Pass,"Routine check, within spec."
RUN-013,S30,2026-08-13 07:20:00,80,OP-003,Pass,"Routine check, within spec."
RUN-013,S30,2026-08-13 07:40:00,100,OP-001,Pass,"Routine check, within spec."
RUN-013,S30,2026-08-13 08:00:00,120,OP-007,Pass,"Routine check, within spec."
RUN-013,S30,2026-08-13 08:20:00,140,OP-007,Fail,Anomaly consistent with RUN013-EVT01 (origin S26).
RUN-013,S30,2026-08-13 08:40:00,160,OP-012,Fail,Anomaly consistent with RUN013-EVT01 (origin S26).
RUN-013,S30,2026-08-13 09:00:00,180,OP-001,Pass,"Routine check, within spec."
RUN-013,S30,2026-08-13 09:20:00,200,OP-008,Pass,"Routine check, within spec."
RUN-013,S30,2026-08-13 09:40:00,220,OP-003,Pass,"Routine check, within spec."
RUN-014,S18,2026-08-14 06:20:00,20,OP-006,Pass,"Routine check, within spec."
RUN-014,S18,2026-08-14 06:40:00,40,OP-002,Pass,"Routine check, within spec."
RUN-014,S18,2026-08-14 07:00:00,60,OP-009,Pass,"Routine check, within spec."
RUN-014,S18,2026-08-14 07:20:00,80,OP-010,Pass,"Routine check, within spec."
RUN-014,S18,2026-08-14 07:40:00,100,OP-003,Pass,"Routine check, within spec."
RUN-014,S18,2026-08-14 08:00:00,120,OP-007,Pass,"Routine check, within spec."
RUN-014,S18,2026-08-14 08:20:00,140,OP-007,Pass,"Routine check, within spec."
RUN-014,S18,2026-08-14 08:40:00,160,OP-011,Pass,"Routine check, within spec."
RUN-014,S18,2026-08-14 09:00:00,180,OP-010,Pass,"Routine check, within spec."
RUN-014,S18,2026-08-14 09:20:00,200,OP-010,Pass,"Routine check, within spec."
RUN-014,S18,2026-08-14 09:40:00,220,OP-009,Pass,"Routine check, within spec."
RUN-014,S20,2026-08-14 06:20:00,20,OP-007,Pass,"Routine check, within spec."
RUN-014,S20,2026-08-14 06:40:00,40,OP-011,Pass,"Routine check, within spec."
RUN-014,S20,2026-08-14 07:00:00,60,OP-006,Pass,"Routine check, within spec."
RUN-014,S20,2026-08-14 07:20:00,80,OP-010,Pass,"Routine check, within spec."
RUN-014,S20,2026-08-14 07:40:00,100,OP-011,Pass,"Routine check, within spec."
RUN-014,S20,2026-08-14 08:00:00,120,OP-007,Fail,Anomaly consistent with RUN014-EVT02 (origin S18).
RUN-014,S20,2026-08-14 08:20:00,140,OP-005,Pass,"Routine check, within spec."
RUN-014,S20,2026-08-14 08:40:00,160,OP-007,Pass,"Routine check, within spec."
RUN-014,S20,2026-08-14 09:00:00,180,OP-011,Pass,"Routine check, within spec."
RUN-014,S20,2026-08-14 09:20:00,200,OP-001,Pass,"Routine check, within spec."
RUN-014,S20,2026-08-14 09:40:00,220,OP-009,Pass,"Routine check, within spec."
RUN-014,S21,2026-08-14 06:20:00,20,OP-001,Pass,"Routine check, within spec."
RUN-014,S21,2026-08-14 06:40:00,40,OP-010,Pass,"Routine check, within spec."
RUN-014,S21,2026-08-14 07:00:00,60,OP-004,Pass,"Routine check, within spec."
RUN-014,S21,2026-08-14 07:20:00,80,OP-007,Pass,"Routine check, within spec."
RUN-014,S21,2026-08-14 07:40:00,100,OP-008,Pass,"Routine check, within spec."
RUN-014,S21,2026-08-14 08:00:00,120,OP-009,Fail,Anomaly consistent with RUN014-EVT02 (origin S18).
RUN-014,S21,2026-08-14 08:20:00,140,OP-001,Pass,"Routine check, within spec."
RUN-014,S21,2026-08-14 08:40:00,160,OP-011,Pass,"Routine check, within spec."
RUN-014,S21,2026-08-14 09:00:00,180,OP-012,Pass,"Routine check, within spec."
RUN-014,S21,2026-08-14 09:20:00,200,OP-012,Pass,"Routine check, within spec."
RUN-014,S21,2026-08-14 09:40:00,220,OP-001,Pass,"Routine check, within spec."
RUN-014,S22,2026-08-14 06:20:00,20,OP-010,Pass,"Routine check, within spec."
RUN-014,S22,2026-08-14 06:40:00,40,OP-001,Pass,"Routine check, within spec."
RUN-014,S22,2026-08-14 07:00:00,60,OP-001,Pass,"Routine check, within spec."
RUN-014,S22,2026-08-14 07:20:00,80,OP-012,Pass,"Routine check, within spec."
RUN-014,S22,2026-08-14 07:40:00,100,OP-001,Pass,"Routine check, within spec."
RUN-014,S22,2026-08-14 08:00:00,120,OP-012,Fail,Anomaly consistent with RUN014-EVT02 (origin S18).
RUN-014,S22,2026-08-14 08:20:00,140,OP-008,Pass,"Routine check, within spec."
RUN-014,S22,2026-08-14 08:40:00,160,OP-006,Pass,"Routine check, within spec."
RUN-014,S22,2026-08-14 09:00:00,180,OP-011,Pass,"Routine check, within spec."
RUN-014,S22,2026-08-14 09:20:00,200,OP-008,Pass,"Routine check, within spec."
RUN-014,S22,2026-08-14 09:40:00,220,OP-012,Pass,"Routine check, within spec."
RUN-014,S29,2026-08-14 06:20:00,20,OP-011,Pass,"Routine check, within spec."
RUN-014,S29,2026-08-14 06:40:00,40,OP-003,Pass,"Routine check, within spec."
RUN-014,S29,2026-08-14 07:00:00,60,OP-007,Pass,"Routine check, within spec."
RUN-014,S29,2026-08-14 07:20:00,80,OP-005,Pass,"Routine check, within spec."
RUN-014,S29,2026-08-14 07:40:00,100,OP-006,Pass,"Routine check, within spec."
RUN-014,S29,2026-08-14 08:00:00,120,OP-004,Pass,"Routine check, within spec."
RUN-014,S29,2026-08-14 08:20:00,140,OP-003,Pass,"Routine check, within spec."
RUN-014,S29,2026-08-14 08:40:00,160,OP-003,Pass,"Routine check, within spec."
RUN-014,S29,2026-08-14 09:00:00,180,OP-006,Pass,"Routine check, within spec."
RUN-014,S29,2026-08-14 09:20:00,200,OP-006,Pass,"Routine check, within spec."
RUN-014,S29,2026-08-14 09:40:00,220,OP-012,Pass,"Routine check, within spec."
RUN-014,S30,2026-08-14 06:20:00,20,OP-006,Pass,"Routine check, within spec."
RUN-014,S30,2026-08-14 06:40:00,40,OP-010,Pass,"Routine check, within spec."
RUN-014,S30,2026-08-14 07:00:00,60,OP-003,Pass,"Routine check, within spec."
RUN-014,S30,2026-08-14 07:20:00,80,OP-009,Pass,"Routine check, within spec."
RUN-014,S30,2026-08-14 07:40:00,100,OP-002,Pass,"Routine check, within spec."
RUN-014,S30,2026-08-14 08:00:00,120,OP-005,Pass,"Routine check, within spec."
RUN-014,S30,2026-08-14 08:20:00,140,OP-003,Pass,"Routine check, within spec."
RUN-014,S30,2026-08-14 08:40:00,160,OP-001,Pass,"Routine check, within spec."
RUN-014,S30,2026-08-14 09:00:00,180,OP-010,Pass,"Routine check, within spec."
RUN-014,S30,2026-08-14 09:20:00,200,OP-006,Pass,"Routine check, within spec."
RUN-014,S30,2026-08-14 09:40:00,220,OP-010,Pass,"Routine check, within spec."
RUN-015,S18,2026-08-15 06:20:00,20,OP-005,Pass,"Routine check, within spec."
RUN-015,S18,2026-08-15 06:40:00,40,OP-009,Pass,"Routine check, within spec."
RUN-015,S18,2026-08-15 07:00:00,60,OP-011,Fail,Anomaly consistent with RUN015-EVT01 (origin S11).
RUN-015,S18,2026-08-15 07:20:00,80,OP-012,Pass,"Routine check, within spec."
RUN-015,S18,2026-08-15 07:40:00,100,OP-011,Pass,"Routine check, within spec."
RUN-015,S18,2026-08-15 08:00:00,120,OP-002,Pass,"Routine check, within spec."
RUN-015,S18,2026-08-15 08:20:00,140,OP-011,Pass,"Routine check, within spec."
RUN-015,S18,2026-08-15 08:40:00,160,OP-007,Pass,"Routine check, within spec."
RUN-015,S18,2026-08-15 09:00:00,180,OP-009,Pass,"Routine check, within spec."
RUN-015,S18,2026-08-15 09:20:00,200,OP-006,Pass,"Routine check, within spec."
RUN-015,S18,2026-08-15 09:40:00,220,OP-006,Pass,"Routine check, within spec."
RUN-015,S20,2026-08-15 06:20:00,20,OP-008,Pass,"Routine check, within spec."
RUN-015,S20,2026-08-15 06:40:00,40,OP-011,Pass,"Routine check, within spec."
RUN-015,S20,2026-08-15 07:00:00,60,OP-009,Pass,"Routine check, within spec."
RUN-015,S20,2026-08-15 07:20:00,80,OP-004,Pass,"Routine check, within spec."
RUN-015,S20,2026-08-15 07:40:00,100,OP-012,Pass,"Routine check, within spec."
RUN-015,S20,2026-08-15 08:00:00,120,OP-007,Pass,"Routine check, within spec."
RUN-015,S20,2026-08-15 08:20:00,140,OP-003,Pass,"Routine check, within spec."
RUN-015,S20,2026-08-15 08:40:00,160,OP-004,Pass,"Routine check, within spec."
RUN-015,S20,2026-08-15 09:00:00,180,OP-011,Pass,"Routine check, within spec."
RUN-015,S20,2026-08-15 09:20:00,200,OP-010,Pass,"Routine check, within spec."
RUN-015,S20,2026-08-15 09:40:00,220,OP-003,Pass,"Routine check, within spec."
RUN-015,S21,2026-08-15 06:20:00,20,OP-011,Pass,"Routine check, within spec."
RUN-015,S21,2026-08-15 06:40:00,40,OP-004,Pass,"Routine check, within spec."
RUN-015,S21,2026-08-15 07:00:00,60,OP-003,Pass,"Routine check, within spec."
RUN-015,S21,2026-08-15 07:20:00,80,OP-006,Pass,"Routine check, within spec."
RUN-015,S21,2026-08-15 07:40:00,100,OP-008,Pass,"Routine check, within spec."
RUN-015,S21,2026-08-15 08:00:00,120,OP-004,Pass,"Routine check, within spec."
RUN-015,S21,2026-08-15 08:20:00,140,OP-003,Pass,"Routine check, within spec."
RUN-015,S21,2026-08-15 08:40:00,160,OP-001,Pass,"Routine check, within spec."
RUN-015,S21,2026-08-15 09:00:00,180,OP-002,Pass,"Routine check, within spec."
RUN-015,S21,2026-08-15 09:20:00,200,OP-006,Pass,"Routine check, within spec."
RUN-015,S21,2026-08-15 09:40:00,220,OP-004,Pass,"Routine check, within spec."
RUN-015,S22,2026-08-15 06:20:00,20,OP-004,Pass,"Routine check, within spec."
RUN-015,S22,2026-08-15 06:40:00,40,OP-001,Pass,"Routine check, within spec."
RUN-015,S22,2026-08-15 07:00:00,60,OP-010,Pass,"Routine check, within spec."
RUN-015,S22,2026-08-15 07:20:00,80,OP-002,Pass,"Routine check, within spec."
RUN-015,S22,2026-08-15 07:40:00,100,OP-003,Pass,"Routine check, within spec."
RUN-015,S22,2026-08-15 08:00:00,120,OP-011,Pass,"Routine check, within spec."
RUN-015,S22,2026-08-15 08:20:00,140,OP-010,Pass,"Routine check, within spec."
RUN-015,S22,2026-08-15 08:40:00,160,OP-011,Pass,"Routine check, within spec."
RUN-015,S22,2026-08-15 09:00:00,180,OP-005,Pass,"Routine check, within spec."
RUN-015,S22,2026-08-15 09:20:00,200,OP-001,Pass,"Routine check, within spec."
RUN-015,S22,2026-08-15 09:40:00,220,OP-010,Pass,"Routine check, within spec."
RUN-015,S29,2026-08-15 06:20:00,20,OP-005,Pass,"Routine check, within spec."
RUN-015,S29,2026-08-15 06:40:00,40,OP-003,Pass,"Routine check, within spec."
RUN-015,S29,2026-08-15 07:00:00,60,OP-007,Pass,"Routine check, within spec."
RUN-015,S29,2026-08-15 07:20:00,80,OP-008,Pass,"Routine check, within spec."
RUN-015,S29,2026-08-15 07:40:00,100,OP-005,Pass,"Routine check, within spec."
RUN-015,S29,2026-08-15 08:00:00,120,OP-001,Pass,"Routine check, within spec."
RUN-015,S29,2026-08-15 08:20:00,140,OP-007,Pass,"Routine check, within spec."
RUN-015,S29,2026-08-15 08:40:00,160,OP-001,Pass,"Routine check, within spec."
RUN-015,S29,2026-08-15 09:00:00,180,OP-008,Pass,"Routine check, within spec."
RUN-015,S29,2026-08-15 09:20:00,200,OP-005,Pass,"Routine check, within spec."
RUN-015,S29,2026-08-15 09:40:00,220,OP-003,Pass,"Routine check, within spec."
RUN-015,S30,2026-08-15 06:20:00,20,OP-001,Pass,"Routine check, within spec."
RUN-015,S30,2026-08-15 06:40:00,40,OP-009,Pass,"Routine check, within spec."
RUN-015,S30,2026-08-15 07:00:00,60,OP-006,Pass,"Routine check, within spec."
RUN-015,S30,2026-08-15 07:20:00,80,OP-004,Pass,"Routine check, within spec."
RUN-015,S30,2026-08-15 07:40:00,100,OP-007,Pass,"Routine check, within spec."
RUN-015,S30,2026-08-15 08:00:00,120,OP-002,Pass,"Routine check, within spec."
RUN-015,S30,2026-08-15 08:20:00,140,OP-007,Pass,"Routine check, within spec."
RUN-015,S30,2026-08-15 08:40:00,160,OP-003,Pass,"Routine check, within spec."
RUN-015,S30,2026-08-15 09:00:00,180,OP-006,Pass,"Routine check, within spec."
RUN-015,S30,2026-08-15 09:20:00,200,OP-003,Pass,"Routine check, within spec."
RUN-015,S30,2026-08-15 09:40:00,220,OP-003,Pass,"Routine check, within spec."
RUN-016,S18,2026-08-16 06:20:00,20,OP-012,Pass,"Routine check, within spec."
RUN-016,S18,2026-08-16 06:40:00,40,OP-008,Pass,"Routine check, within spec."
RUN-016,S18,2026-08-16 07:00:00,60,OP-004,Pass,"Routine check, within spec."
RUN-016,S18,2026-08-16 07:20:00,80,OP-010,Pass,"Routine check, within spec."
RUN-016,S18,2026-08-16 07:40:00,100,OP-003,Pass,"Routine check, within spec."
RUN-016,S18,2026-08-16 08:00:00,120,OP-004,Pass,"Routine check, within spec."
RUN-016,S18,2026-08-16 08:20:00,140,OP-001,Pass,"Routine check, within spec."
RUN-016,S18,2026-08-16 08:40:00,160,OP-007,Pass,"Routine check, within spec."
RUN-016,S18,2026-08-16 09:00:00,180,OP-009,Pass,"Routine check, within spec."
RUN-016,S18,2026-08-16 09:20:00,200,OP-011,Pass,"Routine check, within spec."
RUN-016,S18,2026-08-16 09:40:00,220,OP-010,Pass,"Routine check, within spec."
RUN-016,S20,2026-08-16 06:20:00,20,OP-012,Pass,"Routine check, within spec."
RUN-016,S20,2026-08-16 06:40:00,40,OP-012,Pass,"Routine check, within spec."
RUN-016,S20,2026-08-16 07:00:00,60,OP-004,Pass,"Routine check, within spec."
RUN-016,S20,2026-08-16 07:20:00,80,OP-005,Pass,"Routine check, within spec."
RUN-016,S20,2026-08-16 07:40:00,100,OP-008,Pass,"Routine check, within spec."
RUN-016,S20,2026-08-16 08:00:00,120,OP-012,Pass,"Routine check, within spec."
RUN-016,S20,2026-08-16 08:20:00,140,OP-012,Pass,"Routine check, within spec."
RUN-016,S20,2026-08-16 08:40:00,160,OP-005,Pass,"Routine check, within spec."
RUN-016,S20,2026-08-16 09:00:00,180,OP-009,Pass,"Routine check, within spec."
RUN-016,S20,2026-08-16 09:20:00,200,OP-006,Pass,"Routine check, within spec."
RUN-016,S20,2026-08-16 09:40:00,220,OP-009,Pass,"Routine check, within spec."
RUN-016,S21,2026-08-16 06:20:00,20,OP-008,Pass,"Routine check, within spec."
RUN-016,S21,2026-08-16 06:40:00,40,OP-007,Pass,"Routine check, within spec."
RUN-016,S21,2026-08-16 07:00:00,60,OP-003,Pass,"Routine check, within spec."
RUN-016,S21,2026-08-16 07:20:00,80,OP-011,Pass,"Routine check, within spec."
RUN-016,S21,2026-08-16 07:40:00,100,OP-006,Pass,"Routine check, within spec."
RUN-016,S21,2026-08-16 08:00:00,120,OP-008,Pass,"Routine check, within spec."
RUN-016,S21,2026-08-16 08:20:00,140,OP-001,Pass,"Routine check, within spec."
RUN-016,S21,2026-08-16 08:40:00,160,OP-011,Pass,"Routine check, within spec."
RUN-016,S21,2026-08-16 09:00:00,180,OP-009,Pass,"Routine check, within spec."
RUN-016,S21,2026-08-16 09:20:00,200,OP-012,Pass,"Routine check, within spec."
RUN-016,S21,2026-08-16 09:40:00,220,OP-007,Pass,"Routine check, within spec."
RUN-016,S22,2026-08-16 06:20:00,20,OP-001,Pass,"Routine check, within spec."
RUN-016,S22,2026-08-16 06:40:00,40,OP-010,Pass,"Routine check, within spec."
RUN-016,S22,2026-08-16 07:00:00,60,OP-001,Pass,"Routine check, within spec."
RUN-016,S22,2026-08-16 07:20:00,80,OP-010,Pass,"Routine check, within spec."
RUN-016,S22,2026-08-16 07:40:00,100,OP-007,Pass,"Routine check, within spec."
RUN-016,S22,2026-08-16 08:00:00,120,OP-010,Pass,"Routine check, within spec."
RUN-016,S22,2026-08-16 08:20:00,140,OP-007,Pass,"Routine check, within spec."
RUN-016,S22,2026-08-16 08:40:00,160,OP-004,Pass,"Routine check, within spec."
RUN-016,S22,2026-08-16 09:00:00,180,OP-002,Pass,"Routine check, within spec."
RUN-016,S22,2026-08-16 09:20:00,200,OP-003,Pass,"Routine check, within spec."
RUN-016,S22,2026-08-16 09:40:00,220,OP-006,Pass,"Routine check, within spec."
RUN-016,S29,2026-08-16 06:20:00,20,OP-011,Pass,"Routine check, within spec."
RUN-016,S29,2026-08-16 06:40:00,40,OP-006,Pass,"Routine check, within spec."
RUN-016,S29,2026-08-16 07:00:00,60,OP-010,Pass,"Routine check, within spec."
RUN-016,S29,2026-08-16 07:20:00,80,OP-003,Pass,"Routine check, within spec."
RUN-016,S29,2026-08-16 07:40:00,100,OP-001,Pass,"Routine check, within spec."
RUN-016,S29,2026-08-16 08:00:00,120,OP-009,Pass,"Routine check, within spec."
RUN-016,S29,2026-08-16 08:20:00,140,OP-001,Pass,"Routine check, within spec."
RUN-016,S29,2026-08-16 08:40:00,160,OP-012,Pass,"Routine check, within spec."
RUN-016,S29,2026-08-16 09:00:00,180,OP-004,Pass,"Routine check, within spec."
RUN-016,S29,2026-08-16 09:20:00,200,OP-012,Pass,"Routine check, within spec."
RUN-016,S29,2026-08-16 09:40:00,220,OP-008,Pass,"Routine check, within spec."
RUN-016,S30,2026-08-16 06:20:00,20,OP-012,Pass,"Routine check, within spec."
RUN-016,S30,2026-08-16 06:40:00,40,OP-008,Pass,"Routine check, within spec."
RUN-016,S30,2026-08-16 07:00:00,60,OP-010,Pass,"Routine check, within spec."
RUN-016,S30,2026-08-16 07:20:00,80,OP-006,Pass,"Routine check, within spec."
RUN-016,S30,2026-08-16 07:40:00,100,OP-007,Pass,"Routine check, within spec."
RUN-016,S30,2026-08-16 08:00:00,120,OP-009,Pass,"Routine check, within spec."
RUN-016,S30,2026-08-16 08:20:00,140,OP-004,Pass,"Routine check, within spec."
RUN-016,S30,2026-08-16 08:40:00,160,OP-008,Pass,"Routine check, within spec."
RUN-016,S30,2026-08-16 09:00:00,180,OP-009,Pass,"Routine check, within spec."
RUN-016,S30,2026-08-16 09:20:00,200,OP-005,Pass,"Routine check, within spec."
RUN-016,S30,2026-08-16 09:40:00,220,OP-009,Pass,"Routine check, within spec."
RUN-017,S18,2026-08-17 06:20:00,20,OP-012,Pass,"Routine check, within spec."
RUN-017,S18,2026-08-17 06:40:00,40,OP-012,Pass,"Routine check, within spec."
RUN-017,S18,2026-08-17 07:00:00,60,OP-012,Pass,"Routine check, within spec."
RUN-017,S18,2026-08-17 07:20:00,80,OP-005,Pass,"Routine check, within spec."
RUN-017,S18,2026-08-17 07:40:00,100,OP-007,Pass,"Routine check, within spec."
RUN-017,S18,2026-08-17 08:00:00,120,OP-007,Pass,"Routine check, within spec."
RUN-017,S18,2026-08-17 08:20:00,140,OP-009,Pass,"Routine check, within spec."
RUN-017,S18,2026-08-17 08:40:00,160,OP-012,Pass,"Routine check, within spec."
RUN-017,S18,2026-08-17 09:00:00,180,OP-007,Pass,"Routine check, within spec."
RUN-017,S18,2026-08-17 09:20:00,200,OP-011,Pass,"Routine check, within spec."
RUN-017,S18,2026-08-17 09:40:00,220,OP-006,Pass,"Routine check, within spec."
RUN-017,S20,2026-08-17 06:20:00,20,OP-007,Pass,"Routine check, within spec."
RUN-017,S20,2026-08-17 06:40:00,40,OP-002,Pass,"Routine check, within spec."
RUN-017,S20,2026-08-17 07:00:00,60,OP-009,Pass,"Routine check, within spec."
RUN-017,S20,2026-08-17 07:20:00,80,OP-002,Pass,"Routine check, within spec."
RUN-017,S20,2026-08-17 07:40:00,100,OP-002,Pass,"Routine check, within spec."
RUN-017,S20,2026-08-17 08:00:00,120,OP-004,Pass,"Routine check, within spec."
RUN-017,S20,2026-08-17 08:20:00,140,OP-001,Pass,"Routine check, within spec."
RUN-017,S20,2026-08-17 08:40:00,160,OP-006,Pass,"Routine check, within spec."
RUN-017,S20,2026-08-17 09:00:00,180,OP-011,Pass,"Routine check, within spec."
RUN-017,S20,2026-08-17 09:20:00,200,OP-002,Pass,"Routine check, within spec."
RUN-017,S20,2026-08-17 09:40:00,220,OP-004,Pass,"Routine check, within spec."
RUN-017,S21,2026-08-17 06:20:00,20,OP-001,Pass,"Routine check, within spec."
RUN-017,S21,2026-08-17 06:40:00,40,OP-012,Pass,"Routine check, within spec."
RUN-017,S21,2026-08-17 07:00:00,60,OP-012,Pass,"Routine check, within spec."
RUN-017,S21,2026-08-17 07:20:00,80,OP-007,Pass,"Routine check, within spec."
RUN-017,S21,2026-08-17 07:40:00,100,OP-006,Pass,"Routine check, within spec."
RUN-017,S21,2026-08-17 08:00:00,120,OP-007,Pass,"Routine check, within spec."
RUN-017,S21,2026-08-17 08:20:00,140,OP-008,Pass,"Routine check, within spec."
RUN-017,S21,2026-08-17 08:40:00,160,OP-011,Pass,"Routine check, within spec."
RUN-017,S21,2026-08-17 09:00:00,180,OP-007,Pass,"Routine check, within spec."
RUN-017,S21,2026-08-17 09:20:00,200,OP-003,Pass,"Routine check, within spec."
RUN-017,S21,2026-08-17 09:40:00,220,OP-012,Pass,"Routine check, within spec."
RUN-017,S22,2026-08-17 06:20:00,20,OP-009,Pass,"Routine check, within spec."
RUN-017,S22,2026-08-17 06:40:00,40,OP-004,Pass,"Routine check, within spec."
RUN-017,S22,2026-08-17 07:00:00,60,OP-007,Pass,"Routine check, within spec."
RUN-017,S22,2026-08-17 07:20:00,80,OP-011,Pass,"Routine check, within spec."
RUN-017,S22,2026-08-17 07:40:00,100,OP-003,Pass,"Routine check, within spec."
RUN-017,S22,2026-08-17 08:00:00,120,OP-005,Pass,"Routine check, within spec."
RUN-017,S22,2026-08-17 08:20:00,140,OP-011,Pass,"Routine check, within spec."
RUN-017,S22,2026-08-17 08:40:00,160,OP-003,Pass,"Routine check, within spec."
RUN-017,S22,2026-08-17 09:00:00,180,OP-001,Pass,"Routine check, within spec."
RUN-017,S22,2026-08-17 09:20:00,200,OP-009,Pass,"Routine check, within spec."
RUN-017,S22,2026-08-17 09:40:00,220,OP-007,Pass,"Routine check, within spec."
RUN-017,S29,2026-08-17 06:20:00,20,OP-012,Pass,"Routine check, within spec."
RUN-017,S29,2026-08-17 06:40:00,40,OP-007,Pass,"Routine check, within spec."
RUN-017,S29,2026-08-17 07:00:00,60,OP-004,Pass,"Routine check, within spec."
RUN-017,S29,2026-08-17 07:20:00,80,OP-002,Pass,"Routine check, within spec."
RUN-017,S29,2026-08-17 07:40:00,100,OP-002,Pass,"Routine check, within spec."
RUN-017,S29,2026-08-17 08:00:00,120,OP-002,Pass,"Routine check, within spec."
RUN-017,S29,2026-08-17 08:20:00,140,OP-009,Pass,"Routine check, within spec."
RUN-017,S29,2026-08-17 08:40:00,160,OP-003,Pass,"Routine check, within spec."
RUN-017,S29,2026-08-17 09:00:00,180,OP-007,Pass,"Routine check, within spec."
RUN-017,S29,2026-08-17 09:20:00,200,OP-005,Pass,"Routine check, within spec."
RUN-017,S29,2026-08-17 09:40:00,220,OP-004,Pass,"Routine check, within spec."
RUN-017,S30,2026-08-17 06:20:00,20,OP-006,Pass,"Routine check, within spec."
RUN-017,S30,2026-08-17 06:40:00,40,OP-008,Pass,"Routine check, within spec."
RUN-017,S30,2026-08-17 07:00:00,60,OP-006,Pass,"Routine check, within spec."
RUN-017,S30,2026-08-17 07:20:00,80,OP-010,Pass,"Routine check, within spec."
RUN-017,S30,2026-08-17 07:40:00,100,OP-003,Pass,"Routine check, within spec."
RUN-017,S30,2026-08-17 08:00:00,120,OP-002,Pass,"Routine check, within spec."
RUN-017,S30,2026-08-17 08:20:00,140,OP-009,Pass,"Routine check, within spec."
RUN-017,S30,2026-08-17 08:40:00,160,OP-004,Pass,"Routine check, within spec."
RUN-017,S30,2026-08-17 09:00:00,180,OP-004,Pass,"Routine check, within spec."
RUN-017,S30,2026-08-17 09:20:00,200,OP-007,Pass,"Routine check, within spec."
RUN-017,S30,2026-08-17 09:40:00,220,OP-006,Pass,"Routine check, within spec."
RUN-018,S18,2026-08-18 06:20:00,20,OP-001,Pass,"Routine check, within spec."
RUN-018,S18,2026-08-18 06:40:00,40,OP-011,Pass,"Routine check, within spec."
RUN-018,S18,2026-08-18 07:00:00,60,OP-003,Pass,"Routine check, within spec."
RUN-018,S18,2026-08-18 07:20:00,80,OP-005,Pass,"Routine check, within spec."
RUN-018,S18,2026-08-18 07:40:00,100,OP-008,Pass,"Routine check, within spec."
RUN-018,S18,2026-08-18 08:00:00,120,OP-011,Pass,"Routine check, within spec."
RUN-018,S18,2026-08-18 08:20:00,140,OP-009,Fail,Anomaly consistent with RUN018-EVT02 (origin S17).
RUN-018,S18,2026-08-18 08:40:00,160,OP-004,Fail,Anomaly consistent with RUN018-EVT02 (origin S17).
RUN-018,S18,2026-08-18 09:00:00,180,OP-006,Pass,"Routine check, within spec."
RUN-018,S18,2026-08-18 09:20:00,200,OP-004,Pass,"Routine check, within spec."
RUN-018,S18,2026-08-18 09:40:00,220,OP-008,Pass,"Routine check, within spec."
RUN-018,S20,2026-08-18 06:20:00,20,OP-006,Pass,"Routine check, within spec."
RUN-018,S20,2026-08-18 06:40:00,40,OP-001,Pass,"Routine check, within spec."
RUN-018,S20,2026-08-18 07:00:00,60,OP-011,Pass,"Routine check, within spec."
RUN-018,S20,2026-08-18 07:20:00,80,OP-008,Pass,"Routine check, within spec."
RUN-018,S20,2026-08-18 07:40:00,100,OP-007,Pass,"Routine check, within spec."
RUN-018,S20,2026-08-18 08:00:00,120,OP-010,Pass,"Routine check, within spec."
RUN-018,S20,2026-08-18 08:20:00,140,OP-009,Fail,Anomaly consistent with RUN018-EVT02 (origin S17).
RUN-018,S20,2026-08-18 08:40:00,160,OP-007,Fail,Anomaly consistent with RUN018-EVT02 (origin S17).
RUN-018,S20,2026-08-18 09:00:00,180,OP-007,Pass,"Routine check, within spec."
RUN-018,S20,2026-08-18 09:20:00,200,OP-012,Pass,"Routine check, within spec."
RUN-018,S20,2026-08-18 09:40:00,220,OP-011,Pass,"Routine check, within spec."
RUN-018,S21,2026-08-18 06:20:00,20,OP-012,Pass,"Routine check, within spec."
RUN-018,S21,2026-08-18 06:40:00,40,OP-012,Pass,"Routine check, within spec."
RUN-018,S21,2026-08-18 07:00:00,60,OP-008,Pass,"Routine check, within spec."
RUN-018,S21,2026-08-18 07:20:00,80,OP-007,Pass,"Routine check, within spec."
RUN-018,S21,2026-08-18 07:40:00,100,OP-003,Pass,"Routine check, within spec."
RUN-018,S21,2026-08-18 08:00:00,120,OP-008,Pass,"Routine check, within spec."
RUN-018,S21,2026-08-18 08:20:00,140,OP-008,Fail,Anomaly consistent with RUN018-EVT02 (origin S17).
RUN-018,S21,2026-08-18 08:40:00,160,OP-003,Fail,Anomaly consistent with RUN018-EVT02 (origin S17).
RUN-018,S21,2026-08-18 09:00:00,180,OP-008,Pass,"Routine check, within spec."
RUN-018,S21,2026-08-18 09:20:00,200,OP-005,Pass,"Routine check, within spec."
RUN-018,S21,2026-08-18 09:40:00,220,OP-006,Pass,"Routine check, within spec."
RUN-018,S22,2026-08-18 06:20:00,20,OP-001,Pass,"Routine check, within spec."
RUN-018,S22,2026-08-18 06:40:00,40,OP-011,Pass,"Routine check, within spec."
RUN-018,S22,2026-08-18 07:00:00,60,OP-005,Pass,"Routine check, within spec."
RUN-018,S22,2026-08-18 07:20:00,80,OP-003,Pass,"Routine check, within spec."
RUN-018,S22,2026-08-18 07:40:00,100,OP-005,Pass,"Routine check, within spec."
RUN-018,S22,2026-08-18 08:00:00,120,OP-010,Pass,"Routine check, within spec."
RUN-018,S22,2026-08-18 08:20:00,140,OP-001,Fail,Anomaly consistent with RUN018-EVT02 (origin S17).
RUN-018,S22,2026-08-18 08:40:00,160,OP-008,Fail,Anomaly consistent with RUN018-EVT02 (origin S17).
RUN-018,S22,2026-08-18 09:00:00,180,OP-004,Fail,Anomaly consistent with RUN018-EVT01 (origin S21).
RUN-018,S22,2026-08-18 09:20:00,200,OP-008,Pass,"Routine check, within spec."
RUN-018,S22,2026-08-18 09:40:00,220,OP-010,Pass,"Routine check, within spec."
RUN-018,S29,2026-08-18 06:20:00,20,OP-002,Pass,"Routine check, within spec."
RUN-018,S29,2026-08-18 06:40:00,40,OP-002,Pass,"Routine check, within spec."
RUN-018,S29,2026-08-18 07:00:00,60,OP-011,Pass,"Routine check, within spec."
RUN-018,S29,2026-08-18 07:20:00,80,OP-010,Pass,"Routine check, within spec."
RUN-018,S29,2026-08-18 07:40:00,100,OP-009,Pass,"Routine check, within spec."
RUN-018,S29,2026-08-18 08:00:00,120,OP-009,Pass,"Routine check, within spec."
RUN-018,S29,2026-08-18 08:20:00,140,OP-001,Pass,"Routine check, within spec."
RUN-018,S29,2026-08-18 08:40:00,160,OP-004,Pass,"Routine check, within spec."
RUN-018,S29,2026-08-18 09:00:00,180,OP-012,Pass,"Routine check, within spec."
RUN-018,S29,2026-08-18 09:20:00,200,OP-005,Pass,"Routine check, within spec."
RUN-018,S29,2026-08-18 09:40:00,220,OP-002,Pass,"Routine check, within spec."
RUN-018,S30,2026-08-18 06:20:00,20,OP-004,Pass,"Routine check, within spec."
RUN-018,S30,2026-08-18 06:40:00,40,OP-004,Pass,"Routine check, within spec."
RUN-018,S30,2026-08-18 07:00:00,60,OP-011,Pass,"Routine check, within spec."
RUN-018,S30,2026-08-18 07:20:00,80,OP-003,Pass,"Routine check, within spec."
RUN-018,S30,2026-08-18 07:40:00,100,OP-003,Pass,"Routine check, within spec."
RUN-018,S30,2026-08-18 08:00:00,120,OP-005,Pass,"Routine check, within spec."
RUN-018,S30,2026-08-18 08:20:00,140,OP-003,Pass,"Routine check, within spec."
RUN-018,S30,2026-08-18 08:40:00,160,OP-009,Pass,"Routine check, within spec."
RUN-018,S30,2026-08-18 09:00:00,180,OP-005,Pass,"Routine check, within spec."
RUN-018,S30,2026-08-18 09:20:00,200,OP-002,Pass,"Routine check, within spec."
RUN-018,S30,2026-08-18 09:40:00,220,OP-010,Pass,"Routine check, within spec."
RUN-019,S18,2026-08-19 06:20:00,20,OP-002,Pass,"Routine check, within spec."
RUN-019,S18,2026-08-19 06:40:00,40,OP-003,Pass,"Routine check, within spec."
RUN-019,S18,2026-08-19 07:00:00,60,OP-006,Pass,"Routine check, within spec."
RUN-019,S18,2026-08-19 07:20:00,80,OP-005,Pass,"Routine check, within spec."
RUN-019,S18,2026-08-19 07:40:00,100,OP-012,Pass,"Routine check, within spec."
RUN-019,S18,2026-08-19 08:00:00,120,OP-002,Pass,"Routine check, within spec."
RUN-019,S18,2026-08-19 08:20:00,140,OP-008,Pass,"Routine check, within spec."
RUN-019,S18,2026-08-19 08:40:00,160,OP-012,Pass,"Routine check, within spec."
RUN-019,S18,2026-08-19 09:00:00,180,OP-002,Pass,"Routine check, within spec."
RUN-019,S18,2026-08-19 09:20:00,200,OP-006,Pass,"Routine check, within spec."
RUN-019,S18,2026-08-19 09:40:00,220,OP-008,Pass,"Routine check, within spec."
RUN-019,S20,2026-08-19 06:20:00,20,OP-008,Pass,"Routine check, within spec."
RUN-019,S20,2026-08-19 06:40:00,40,OP-011,Pass,"Routine check, within spec."
RUN-019,S20,2026-08-19 07:00:00,60,OP-010,Pass,"Routine check, within spec."
RUN-019,S20,2026-08-19 07:20:00,80,OP-001,Pass,"Routine check, within spec."
RUN-019,S20,2026-08-19 07:40:00,100,OP-009,Pass,"Routine check, within spec."
RUN-019,S20,2026-08-19 08:00:00,120,OP-002,Pass,"Routine check, within spec."
RUN-019,S20,2026-08-19 08:20:00,140,OP-006,Pass,"Routine check, within spec."
RUN-019,S20,2026-08-19 08:40:00,160,OP-006,Pass,"Routine check, within spec."
RUN-019,S20,2026-08-19 09:00:00,180,OP-007,Pass,"Routine check, within spec."
RUN-019,S20,2026-08-19 09:20:00,200,OP-010,Pass,"Routine check, within spec."
RUN-019,S20,2026-08-19 09:40:00,220,OP-001,Pass,"Routine check, within spec."
RUN-019,S21,2026-08-19 06:20:00,20,OP-012,Pass,"Routine check, within spec."
RUN-019,S21,2026-08-19 06:40:00,40,OP-010,Pass,"Routine check, within spec."
RUN-019,S21,2026-08-19 07:00:00,60,OP-004,Pass,"Routine check, within spec."
RUN-019,S21,2026-08-19 07:20:00,80,OP-001,Pass,"Routine check, within spec."
RUN-019,S21,2026-08-19 07:40:00,100,OP-005,Pass,"Routine check, within spec."
RUN-019,S21,2026-08-19 08:00:00,120,OP-008,Pass,"Routine check, within spec."
RUN-019,S21,2026-08-19 08:20:00,140,OP-003,Pass,"Routine check, within spec."
RUN-019,S21,2026-08-19 08:40:00,160,OP-001,Pass,"Routine check, within spec."
RUN-019,S21,2026-08-19 09:00:00,180,OP-009,Pass,"Routine check, within spec."
RUN-019,S21,2026-08-19 09:20:00,200,OP-001,Pass,"Routine check, within spec."
RUN-019,S21,2026-08-19 09:40:00,220,OP-007,Pass,"Routine check, within spec."
RUN-019,S22,2026-08-19 06:20:00,20,OP-012,Pass,"Routine check, within spec."
RUN-019,S22,2026-08-19 06:40:00,40,OP-011,Pass,"Routine check, within spec."
RUN-019,S22,2026-08-19 07:00:00,60,OP-012,Pass,"Routine check, within spec."
RUN-019,S22,2026-08-19 07:20:00,80,OP-009,Pass,"Routine check, within spec."
RUN-019,S22,2026-08-19 07:40:00,100,OP-002,Pass,"Routine check, within spec."
RUN-019,S22,2026-08-19 08:00:00,120,OP-007,Pass,"Routine check, within spec."
RUN-019,S22,2026-08-19 08:20:00,140,OP-003,Pass,"Routine check, within spec."
RUN-019,S22,2026-08-19 08:40:00,160,OP-003,Pass,"Routine check, within spec."
RUN-019,S22,2026-08-19 09:00:00,180,OP-010,Pass,"Routine check, within spec."
RUN-019,S22,2026-08-19 09:20:00,200,OP-002,Pass,"Routine check, within spec."
RUN-019,S22,2026-08-19 09:40:00,220,OP-012,Pass,"Routine check, within spec."
RUN-019,S29,2026-08-19 06:20:00,20,OP-003,Pass,"Routine check, within spec."
RUN-019,S29,2026-08-19 06:40:00,40,OP-008,Pass,"Routine check, within spec."
RUN-019,S29,2026-08-19 07:00:00,60,OP-002,Pass,"Routine check, within spec."
RUN-019,S29,2026-08-19 07:20:00,80,OP-002,Pass,"Routine check, within spec."
RUN-019,S29,2026-08-19 07:40:00,100,OP-002,Pass,"Routine check, within spec."
RUN-019,S29,2026-08-19 08:00:00,120,OP-011,Pass,"Routine check, within spec."
RUN-019,S29,2026-08-19 08:20:00,140,OP-011,Pass,"Routine check, within spec."
RUN-019,S29,2026-08-19 08:40:00,160,OP-006,Pass,"Routine check, within spec."
RUN-019,S29,2026-08-19 09:00:00,180,OP-006,Pass,"Routine check, within spec."
RUN-019,S29,2026-08-19 09:20:00,200,OP-003,Pass,"Routine check, within spec."
RUN-019,S29,2026-08-19 09:40:00,220,OP-001,Pass,"Routine check, within spec."
RUN-019,S30,2026-08-19 06:20:00,20,OP-004,Pass,"Routine check, within spec."
RUN-019,S30,2026-08-19 06:40:00,40,OP-011,Pass,"Routine check, within spec."
RUN-019,S30,2026-08-19 07:00:00,60,OP-010,Pass,"Routine check, within spec."
RUN-019,S30,2026-08-19 07:20:00,80,OP-005,Pass,"Routine check, within spec."
RUN-019,S30,2026-08-19 07:40:00,100,OP-010,Pass,"Routine check, within spec."
RUN-019,S30,2026-08-19 08:00:00,120,OP-008,Pass,"Routine check, within spec."
RUN-019,S30,2026-08-19 08:20:00,140,OP-009,Pass,"Routine check, within spec."
RUN-019,S30,2026-08-19 08:40:00,160,OP-007,Pass,"Routine check, within spec."
RUN-019,S30,2026-08-19 09:00:00,180,OP-010,Pass,"Routine check, within spec."
RUN-019,S30,2026-08-19 09:20:00,200,OP-004,Pass,"Routine check, within spec."
RUN-019,S30,2026-08-19 09:40:00,220,OP-001,Pass,"Routine check, within spec."
RUN-020,S18,2026-08-20 06:20:00,20,OP-011,Pass,"Routine check, within spec."
RUN-020,S18,2026-08-20 06:40:00,40,OP-005,Pass,"Routine check, within spec."
RUN-020,S18,2026-08-20 07:00:00,60,OP-008,Pass,"Routine check, within spec."
RUN-020,S18,2026-08-20 07:20:00,80,OP-005,Pass,"Routine check, within spec."
RUN-020,S18,2026-08-20 07:40:00,100,OP-007,Pass,"Routine check, within spec."
RUN-020,S18,2026-08-20 08:00:00,120,OP-004,Pass,"Routine check, within spec."
RUN-020,S18,2026-08-20 08:20:00,140,OP-006,Pass,"Routine check, within spec."
RUN-020,S18,2026-08-20 08:40:00,160,OP-009,Pass,"Routine check, within spec."
RUN-020,S18,2026-08-20 09:00:00,180,OP-005,Pass,"Routine check, within spec."
RUN-020,S18,2026-08-20 09:20:00,200,OP-012,Pass,"Routine check, within spec."
RUN-020,S18,2026-08-20 09:40:00,220,OP-002,Pass,"Routine check, within spec."
RUN-020,S20,2026-08-20 06:20:00,20,OP-011,Pass,"Routine check, within spec."
RUN-020,S20,2026-08-20 06:40:00,40,OP-003,Pass,"Routine check, within spec."
RUN-020,S20,2026-08-20 07:00:00,60,OP-003,Pass,"Routine check, within spec."
RUN-020,S20,2026-08-20 07:20:00,80,OP-009,Pass,"Routine check, within spec."
RUN-020,S20,2026-08-20 07:40:00,100,OP-006,Pass,"Routine check, within spec."
RUN-020,S20,2026-08-20 08:00:00,120,OP-003,Pass,"Routine check, within spec."
RUN-020,S20,2026-08-20 08:20:00,140,OP-007,Pass,"Routine check, within spec."
RUN-020,S20,2026-08-20 08:40:00,160,OP-002,Pass,"Routine check, within spec."
RUN-020,S20,2026-08-20 09:00:00,180,OP-007,Pass,"Routine check, within spec."
RUN-020,S20,2026-08-20 09:20:00,200,OP-007,Pass,"Routine check, within spec."
RUN-020,S20,2026-08-20 09:40:00,220,OP-002,Pass,"Routine check, within spec."
RUN-020,S21,2026-08-20 06:20:00,20,OP-001,Pass,"Routine check, within spec."
RUN-020,S21,2026-08-20 06:40:00,40,OP-009,Pass,"Routine check, within spec."
RUN-020,S21,2026-08-20 07:00:00,60,OP-007,Pass,"Routine check, within spec."
RUN-020,S21,2026-08-20 07:20:00,80,OP-007,Pass,"Routine check, within spec."
RUN-020,S21,2026-08-20 07:40:00,100,OP-005,Pass,"Routine check, within spec."
RUN-020,S21,2026-08-20 08:00:00,120,OP-012,Pass,"Routine check, within spec."
RUN-020,S21,2026-08-20 08:20:00,140,OP-001,Pass,"Routine check, within spec."
RUN-020,S21,2026-08-20 08:40:00,160,OP-002,Pass,"Routine check, within spec."
RUN-020,S21,2026-08-20 09:00:00,180,OP-007,Pass,"Routine check, within spec."
RUN-020,S21,2026-08-20 09:20:00,200,OP-012,Pass,"Routine check, within spec."
RUN-020,S21,2026-08-20 09:40:00,220,OP-004,Pass,"Routine check, within spec."
RUN-020,S22,2026-08-20 06:20:00,20,OP-007,Pass,"Routine check, within spec."
RUN-020,S22,2026-08-20 06:40:00,40,OP-001,Pass,"Routine check, within spec."
RUN-020,S22,2026-08-20 07:00:00,60,OP-011,Pass,"Routine check, within spec."
RUN-020,S22,2026-08-20 07:20:00,80,OP-002,Pass,"Routine check, within spec."
RUN-020,S22,2026-08-20 07:40:00,100,OP-005,Flagged,Anomaly consistent with RUN020-EVT02 (origin S22).
RUN-020,S22,2026-08-20 08:00:00,120,OP-011,Pass,"Routine check, within spec."
RUN-020,S22,2026-08-20 08:20:00,140,OP-004,Pass,"Routine check, within spec."
RUN-020,S22,2026-08-20 08:40:00,160,OP-003,Pass,"Routine check, within spec."
RUN-020,S22,2026-08-20 09:00:00,180,OP-007,Pass,"Routine check, within spec."
RUN-020,S22,2026-08-20 09:20:00,200,OP-012,Pass,"Routine check, within spec."
RUN-020,S22,2026-08-20 09:40:00,220,OP-005,Pass,"Routine check, within spec."
RUN-020,S29,2026-08-20 06:20:00,20,OP-004,Pass,"Routine check, within spec."
RUN-020,S29,2026-08-20 06:40:00,40,OP-003,Pass,"Routine check, within spec."
RUN-020,S29,2026-08-20 07:00:00,60,OP-005,Pass,"Routine check, within spec."
RUN-020,S29,2026-08-20 07:20:00,80,OP-012,Pass,"Routine check, within spec."
RUN-020,S29,2026-08-20 07:40:00,100,OP-005,Pass,"Routine check, within spec."
RUN-020,S29,2026-08-20 08:00:00,120,OP-008,Pass,"Routine check, within spec."
RUN-020,S29,2026-08-20 08:20:00,140,OP-009,Pass,"Routine check, within spec."
RUN-020,S29,2026-08-20 08:40:00,160,OP-003,Pass,"Routine check, within spec."
RUN-020,S29,2026-08-20 09:00:00,180,OP-005,Pass,"Routine check, within spec."
RUN-020,S29,2026-08-20 09:20:00,200,OP-005,Pass,"Routine check, within spec."
RUN-020,S29,2026-08-20 09:40:00,220,OP-011,Pass,"Routine check, within spec."
RUN-020,S30,2026-08-20 06:20:00,20,OP-004,Pass,"Routine check, within spec."
RUN-020,S30,2026-08-20 06:40:00,40,OP-010,Pass,"Routine check, within spec."
RUN-020,S30,2026-08-20 07:00:00,60,OP-010,Pass,"Routine check, within spec."
RUN-020,S30,2026-08-20 07:20:00,80,OP-003,Pass,"Routine check, within spec."
RUN-020,S30,2026-08-20 07:40:00,100,OP-004,Pass,"Routine check, within spec."
RUN-020,S30,2026-08-20 08:00:00,120,OP-010,Pass,"Routine check, within spec."
RUN-020,S30,2026-08-20 08:20:00,140,OP-005,Pass,"Routine check, within spec."
RUN-020,S30,2026-08-20 08:40:00,160,OP-010,Pass,"Routine check, within spec."
RUN-020,S30,2026-08-20 09:00:00,180,OP-011,Pass,"Routine check, within spec."
RUN-020,S30,2026-08-20 09:20:00,200,OP-012,Pass,"Routine check, within spec."
RUN-020,S30,2026-08-20 09:40:00,220,OP-011,Pass,"Routine check, within spec."
RUN-021,S18,2026-08-21 06:20:00,20,OP-012,Pass,"Routine check, within spec."
RUN-021,S18,2026-08-21 06:40:00,40,OP-008,Pass,"Routine check, within spec."
RUN-021,S18,2026-08-21 07:00:00,60,OP-012,Pass,"Routine check, within spec."
RUN-021,S18,2026-08-21 07:20:00,80,OP-006,Pass,"Routine check, within spec."
RUN-021,S18,2026-08-21 07:40:00,100,OP-004,Pass,"Routine check, within spec."
RUN-021,S18,2026-08-21 08:00:00,120,OP-009,Pass,"Routine check, within spec."
RUN-021,S18,2026-08-21 08:20:00,140,OP-004,Pass,"Routine check, within spec."
RUN-021,S18,2026-08-21 08:40:00,160,OP-008,Pass,"Routine check, within spec."
RUN-021,S18,2026-08-21 09:00:00,180,OP-001,Pass,"Routine check, within spec."
RUN-021,S18,2026-08-21 09:20:00,200,OP-004,Fail,Anomaly consistent with RUN021-EVT02 (origin S16).
RUN-021,S18,2026-08-21 09:40:00,220,OP-012,Pass,"Routine check, within spec."
RUN-021,S20,2026-08-21 06:20:00,20,OP-008,Pass,"Routine check, within spec."
RUN-021,S20,2026-08-21 06:40:00,40,OP-009,Pass,"Routine check, within spec."
RUN-021,S20,2026-08-21 07:00:00,60,OP-009,Pass,"Routine check, within spec."
RUN-021,S20,2026-08-21 07:20:00,80,OP-008,Pass,"Routine check, within spec."
RUN-021,S20,2026-08-21 07:40:00,100,OP-006,Pass,"Routine check, within spec."
RUN-021,S20,2026-08-21 08:00:00,120,OP-003,Pass,"Routine check, within spec."
RUN-021,S20,2026-08-21 08:20:00,140,OP-011,Pass,"Routine check, within spec."
RUN-021,S20,2026-08-21 08:40:00,160,OP-001,Pass,"Routine check, within spec."
RUN-021,S20,2026-08-21 09:00:00,180,OP-001,Pass,"Routine check, within spec."
RUN-021,S20,2026-08-21 09:20:00,200,OP-011,Pass,"Routine check, within spec."
RUN-021,S20,2026-08-21 09:40:00,220,OP-001,Pass,"Routine check, within spec."
RUN-021,S21,2026-08-21 06:20:00,20,OP-007,Pass,"Routine check, within spec."
RUN-021,S21,2026-08-21 06:40:00,40,OP-001,Pass,"Routine check, within spec."
RUN-021,S21,2026-08-21 07:00:00,60,OP-006,Pass,"Routine check, within spec."
RUN-021,S21,2026-08-21 07:20:00,80,OP-005,Pass,"Routine check, within spec."
RUN-021,S21,2026-08-21 07:40:00,100,OP-001,Pass,"Routine check, within spec."
RUN-021,S21,2026-08-21 08:00:00,120,OP-001,Pass,"Routine check, within spec."
RUN-021,S21,2026-08-21 08:20:00,140,OP-009,Pass,"Routine check, within spec."
RUN-021,S21,2026-08-21 08:40:00,160,OP-007,Pass,"Routine check, within spec."
RUN-021,S21,2026-08-21 09:00:00,180,OP-012,Pass,"Routine check, within spec."
RUN-021,S21,2026-08-21 09:20:00,200,OP-001,Pass,"Routine check, within spec."
RUN-021,S21,2026-08-21 09:40:00,220,OP-007,Pass,"Routine check, within spec."
RUN-021,S22,2026-08-21 06:20:00,20,OP-008,Pass,"Routine check, within spec."
RUN-021,S22,2026-08-21 06:40:00,40,OP-008,Pass,"Routine check, within spec."
RUN-021,S22,2026-08-21 07:00:00,60,OP-012,Pass,"Routine check, within spec."
RUN-021,S22,2026-08-21 07:20:00,80,OP-006,Pass,"Routine check, within spec."
RUN-021,S22,2026-08-21 07:40:00,100,OP-002,Pass,"Routine check, within spec."
RUN-021,S22,2026-08-21 08:00:00,120,OP-007,Pass,"Routine check, within spec."
RUN-021,S22,2026-08-21 08:20:00,140,OP-009,Pass,"Routine check, within spec."
RUN-021,S22,2026-08-21 08:40:00,160,OP-008,Pass,"Routine check, within spec."
RUN-021,S22,2026-08-21 09:00:00,180,OP-006,Pass,"Routine check, within spec."
RUN-021,S22,2026-08-21 09:20:00,200,OP-005,Pass,"Routine check, within spec."
RUN-021,S22,2026-08-21 09:40:00,220,OP-009,Pass,"Routine check, within spec."
RUN-021,S29,2026-08-21 06:20:00,20,OP-001,Pass,"Routine check, within spec."
RUN-021,S29,2026-08-21 06:40:00,40,OP-011,Pass,"Routine check, within spec."
RUN-021,S29,2026-08-21 07:00:00,60,OP-011,Pass,"Routine check, within spec."
RUN-021,S29,2026-08-21 07:20:00,80,OP-003,Pass,"Routine check, within spec."
RUN-021,S29,2026-08-21 07:40:00,100,OP-012,Pass,"Routine check, within spec."
RUN-021,S29,2026-08-21 08:00:00,120,OP-009,Pass,"Routine check, within spec."
RUN-021,S29,2026-08-21 08:20:00,140,OP-008,Pass,"Routine check, within spec."
RUN-021,S29,2026-08-21 08:40:00,160,OP-006,Pass,"Routine check, within spec."
RUN-021,S29,2026-08-21 09:00:00,180,OP-003,Pass,"Routine check, within spec."
RUN-021,S29,2026-08-21 09:20:00,200,OP-002,Pass,"Routine check, within spec."
RUN-021,S29,2026-08-21 09:40:00,220,OP-004,Pass,"Routine check, within spec."
RUN-021,S30,2026-08-21 06:20:00,20,OP-006,Pass,"Routine check, within spec."
RUN-021,S30,2026-08-21 06:40:00,40,OP-009,Pass,"Routine check, within spec."
RUN-021,S30,2026-08-21 07:00:00,60,OP-009,Pass,"Routine check, within spec."
RUN-021,S30,2026-08-21 07:20:00,80,OP-008,Pass,"Routine check, within spec."
RUN-021,S30,2026-08-21 07:40:00,100,OP-002,Pass,"Routine check, within spec."
RUN-021,S30,2026-08-21 08:00:00,120,OP-007,Pass,"Routine check, within spec."
RUN-021,S30,2026-08-21 08:20:00,140,OP-011,Pass,"Routine check, within spec."
RUN-021,S30,2026-08-21 08:40:00,160,OP-010,Pass,"Routine check, within spec."
RUN-021,S30,2026-08-21 09:00:00,180,OP-009,Pass,"Routine check, within spec."
RUN-021,S30,2026-08-21 09:20:00,200,OP-002,Pass,"Routine check, within spec."
RUN-021,S30,2026-08-21 09:40:00,220,OP-004,Pass,"Routine check, within spec."
RUN-022,S18,2026-08-22 06:20:00,20,OP-010,Pass,"Routine check, within spec."
RUN-022,S18,2026-08-22 06:40:00,40,OP-012,Pass,"Routine check, within spec."
RUN-022,S18,2026-08-22 07:00:00,60,OP-004,Pass,"Routine check, within spec."
RUN-022,S18,2026-08-22 07:20:00,80,OP-009,Pass,"Routine check, within spec."
RUN-022,S18,2026-08-22 07:40:00,100,OP-010,Pass,"Routine check, within spec."
RUN-022,S18,2026-08-22 08:00:00,120,OP-006,Pass,"Routine check, within spec."
RUN-022,S18,2026-08-22 08:20:00,140,OP-002,Pass,"Routine check, within spec."
RUN-022,S18,2026-08-22 08:40:00,160,OP-010,Fail,Anomaly consistent with RUN022-EVT01 (origin S16).
RUN-022,S18,2026-08-22 09:00:00,180,OP-011,Fail,Anomaly consistent with RUN022-EVT01 (origin S16).
RUN-022,S18,2026-08-22 09:20:00,200,OP-009,Pass,"Routine check, within spec."
RUN-022,S18,2026-08-22 09:40:00,220,OP-006,Pass,"Routine check, within spec."
RUN-022,S20,2026-08-22 06:20:00,20,OP-010,Pass,"Routine check, within spec."
RUN-022,S20,2026-08-22 06:40:00,40,OP-012,Pass,"Routine check, within spec."
RUN-022,S20,2026-08-22 07:00:00,60,OP-001,Pass,"Routine check, within spec."
RUN-022,S20,2026-08-22 07:20:00,80,OP-012,Pass,"Routine check, within spec."
RUN-022,S20,2026-08-22 07:40:00,100,OP-012,Pass,"Routine check, within spec."
RUN-022,S20,2026-08-22 08:00:00,120,OP-003,Pass,"Routine check, within spec."
RUN-022,S20,2026-08-22 08:20:00,140,OP-005,Pass,"Routine check, within spec."
RUN-022,S20,2026-08-22 08:40:00,160,OP-010,Fail,Anomaly consistent with RUN022-EVT01 (origin S16).
RUN-022,S20,2026-08-22 09:00:00,180,OP-011,Fail,Anomaly consistent with RUN022-EVT01 (origin S16).
RUN-022,S20,2026-08-22 09:20:00,200,OP-011,Pass,"Routine check, within spec."
RUN-022,S20,2026-08-22 09:40:00,220,OP-003,Pass,"Routine check, within spec."
RUN-022,S21,2026-08-22 06:20:00,20,OP-002,Pass,"Routine check, within spec."
RUN-022,S21,2026-08-22 06:40:00,40,OP-001,Pass,"Routine check, within spec."
RUN-022,S21,2026-08-22 07:00:00,60,OP-008,Pass,"Routine check, within spec."
RUN-022,S21,2026-08-22 07:20:00,80,OP-011,Pass,"Routine check, within spec."
RUN-022,S21,2026-08-22 07:40:00,100,OP-012,Pass,"Routine check, within spec."
RUN-022,S21,2026-08-22 08:00:00,120,OP-007,Pass,"Routine check, within spec."
RUN-022,S21,2026-08-22 08:20:00,140,OP-009,Pass,"Routine check, within spec."
RUN-022,S21,2026-08-22 08:40:00,160,OP-007,Fail,Anomaly consistent with RUN022-EVT01 (origin S16).
RUN-022,S21,2026-08-22 09:00:00,180,OP-008,Fail,Anomaly consistent with RUN022-EVT01 (origin S16).
RUN-022,S21,2026-08-22 09:20:00,200,OP-007,Pass,"Routine check, within spec."
RUN-022,S21,2026-08-22 09:40:00,220,OP-009,Pass,"Routine check, within spec."
RUN-022,S22,2026-08-22 06:20:00,20,OP-012,Pass,"Routine check, within spec."
RUN-022,S22,2026-08-22 06:40:00,40,OP-008,Pass,"Routine check, within spec."
RUN-022,S22,2026-08-22 07:00:00,60,OP-011,Pass,"Routine check, within spec."
RUN-022,S22,2026-08-22 07:20:00,80,OP-006,Pass,"Routine check, within spec."
RUN-022,S22,2026-08-22 07:40:00,100,OP-011,Pass,"Routine check, within spec."
RUN-022,S22,2026-08-22 08:00:00,120,OP-002,Pass,"Routine check, within spec."
RUN-022,S22,2026-08-22 08:20:00,140,OP-004,Pass,"Routine check, within spec."
RUN-022,S22,2026-08-22 08:40:00,160,OP-008,Pass,"Routine check, within spec."
RUN-022,S22,2026-08-22 09:00:00,180,OP-011,Pass,"Routine check, within spec."
RUN-022,S22,2026-08-22 09:20:00,200,OP-001,Pass,"Routine check, within spec."
RUN-022,S22,2026-08-22 09:40:00,220,OP-003,Pass,"Routine check, within spec."
RUN-022,S29,2026-08-22 06:20:00,20,OP-006,Pass,"Routine check, within spec."
RUN-022,S29,2026-08-22 06:40:00,40,OP-012,Pass,"Routine check, within spec."
RUN-022,S29,2026-08-22 07:00:00,60,OP-003,Pass,"Routine check, within spec."
RUN-022,S29,2026-08-22 07:20:00,80,OP-010,Pass,"Routine check, within spec."
RUN-022,S29,2026-08-22 07:40:00,100,OP-007,Pass,"Routine check, within spec."
RUN-022,S29,2026-08-22 08:00:00,120,OP-007,Pass,"Routine check, within spec."
RUN-022,S29,2026-08-22 08:20:00,140,OP-003,Pass,"Routine check, within spec."
RUN-022,S29,2026-08-22 08:40:00,160,OP-004,Pass,"Routine check, within spec."
RUN-022,S29,2026-08-22 09:00:00,180,OP-006,Pass,"Routine check, within spec."
RUN-022,S29,2026-08-22 09:20:00,200,OP-007,Pass,"Routine check, within spec."
RUN-022,S29,2026-08-22 09:40:00,220,OP-005,Pass,"Routine check, within spec."
RUN-022,S30,2026-08-22 06:20:00,20,OP-012,Pass,"Routine check, within spec."
RUN-022,S30,2026-08-22 06:40:00,40,OP-003,Pass,"Routine check, within spec."
RUN-022,S30,2026-08-22 07:00:00,60,OP-002,Pass,"Routine check, within spec."
RUN-022,S30,2026-08-22 07:20:00,80,OP-001,Pass,"Routine check, within spec."
RUN-022,S30,2026-08-22 07:40:00,100,OP-012,Pass,"Routine check, within spec."
RUN-022,S30,2026-08-22 08:00:00,120,OP-008,Pass,"Routine check, within spec."
RUN-022,S30,2026-08-22 08:20:00,140,OP-001,Pass,"Routine check, within spec."
RUN-022,S30,2026-08-22 08:40:00,160,OP-012,Pass,"Routine check, within spec."
RUN-022,S30,2026-08-22 09:00:00,180,OP-001,Pass,"Routine check, within spec."
RUN-022,S30,2026-08-22 09:20:00,200,OP-009,Pass,"Routine check, within spec."
RUN-022,S30,2026-08-22 09:40:00,220,OP-004,Pass,"Routine check, within spec."
RUN-023,S18,2026-08-23 06:20:00,20,OP-002,Pass,"Routine check, within spec."
RUN-023,S18,2026-08-23 06:40:00,40,OP-011,Pass,"Routine check, within spec."
RUN-023,S18,2026-08-23 07:00:00,60,OP-011,Pass,"Routine check, within spec."
RUN-023,S18,2026-08-23 07:20:00,80,OP-004,Pass,"Routine check, within spec."
RUN-023,S18,2026-08-23 07:40:00,100,OP-006,Pass,"Routine check, within spec."
RUN-023,S18,2026-08-23 08:00:00,120,OP-012,Pass,"Routine check, within spec."
RUN-023,S18,2026-08-23 08:20:00,140,OP-010,Pass,"Routine check, within spec."
RUN-023,S18,2026-08-23 08:40:00,160,OP-005,Pass,"Routine check, within spec."
RUN-023,S18,2026-08-23 09:00:00,180,OP-011,Pass,"Routine check, within spec."
RUN-023,S18,2026-08-23 09:20:00,200,OP-011,Pass,"Routine check, within spec."
RUN-023,S18,2026-08-23 09:40:00,220,OP-003,Pass,"Routine check, within spec."
RUN-023,S20,2026-08-23 06:20:00,20,OP-005,Pass,"Routine check, within spec."
RUN-023,S20,2026-08-23 06:40:00,40,OP-002,Fail,Anomaly consistent with RUN023-EVT01 (origin S18).
RUN-023,S20,2026-08-23 07:00:00,60,OP-003,Pass,"Routine check, within spec."
RUN-023,S20,2026-08-23 07:20:00,80,OP-007,Pass,"Routine check, within spec."
RUN-023,S20,2026-08-23 07:40:00,100,OP-004,Pass,"Routine check, within spec."
RUN-023,S20,2026-08-23 08:00:00,120,OP-010,Pass,"Routine check, within spec."
RUN-023,S20,2026-08-23 08:20:00,140,OP-012,Pass,"Routine check, within spec."
RUN-023,S20,2026-08-23 08:40:00,160,OP-001,Pass,"Routine check, within spec."
RUN-023,S20,2026-08-23 09:00:00,180,OP-011,Pass,"Routine check, within spec."
RUN-023,S20,2026-08-23 09:20:00,200,OP-009,Pass,"Routine check, within spec."
RUN-023,S20,2026-08-23 09:40:00,220,OP-004,Pass,"Routine check, within spec."
RUN-023,S21,2026-08-23 06:20:00,20,OP-003,Pass,"Routine check, within spec."
RUN-023,S21,2026-08-23 06:40:00,40,OP-008,Pass,"Routine check, within spec."
RUN-023,S21,2026-08-23 07:00:00,60,OP-006,Pass,"Routine check, within spec."
RUN-023,S21,2026-08-23 07:20:00,80,OP-001,Pass,"Routine check, within spec."
RUN-023,S21,2026-08-23 07:40:00,100,OP-011,Pass,"Routine check, within spec."
RUN-023,S21,2026-08-23 08:00:00,120,OP-003,Pass,"Routine check, within spec."
RUN-023,S21,2026-08-23 08:20:00,140,OP-001,Pass,"Routine check, within spec."
RUN-023,S21,2026-08-23 08:40:00,160,OP-012,Pass,"Routine check, within spec."
RUN-023,S21,2026-08-23 09:00:00,180,OP-002,Pass,"Routine check, within spec."
RUN-023,S21,2026-08-23 09:20:00,200,OP-002,Pass,"Routine check, within spec."
RUN-023,S21,2026-08-23 09:40:00,220,OP-007,Pass,"Routine check, within spec."
RUN-023,S22,2026-08-23 06:20:00,20,OP-003,Pass,"Routine check, within spec."
RUN-023,S22,2026-08-23 06:40:00,40,OP-006,Pass,"Routine check, within spec."
RUN-023,S22,2026-08-23 07:00:00,60,OP-008,Pass,"Routine check, within spec."
RUN-023,S22,2026-08-23 07:20:00,80,OP-001,Pass,"Routine check, within spec."
RUN-023,S22,2026-08-23 07:40:00,100,OP-004,Pass,"Routine check, within spec."
RUN-023,S22,2026-08-23 08:00:00,120,OP-002,Pass,"Routine check, within spec."
RUN-023,S22,2026-08-23 08:20:00,140,OP-011,Pass,"Routine check, within spec."
RUN-023,S22,2026-08-23 08:40:00,160,OP-011,Pass,"Routine check, within spec."
RUN-023,S22,2026-08-23 09:00:00,180,OP-007,Pass,"Routine check, within spec."
RUN-023,S22,2026-08-23 09:20:00,200,OP-003,Pass,"Routine check, within spec."
RUN-023,S22,2026-08-23 09:40:00,220,OP-009,Pass,"Routine check, within spec."
RUN-023,S29,2026-08-23 06:20:00,20,OP-009,Pass,"Routine check, within spec."
RUN-023,S29,2026-08-23 06:40:00,40,OP-003,Pass,"Routine check, within spec."
RUN-023,S29,2026-08-23 07:00:00,60,OP-012,Pass,"Routine check, within spec."
RUN-023,S29,2026-08-23 07:20:00,80,OP-006,Pass,"Routine check, within spec."
RUN-023,S29,2026-08-23 07:40:00,100,OP-011,Pass,"Routine check, within spec."
RUN-023,S29,2026-08-23 08:00:00,120,OP-011,Pass,"Routine check, within spec."
RUN-023,S29,2026-08-23 08:20:00,140,OP-004,Pass,"Routine check, within spec."
RUN-023,S29,2026-08-23 08:40:00,160,OP-001,Pass,"Routine check, within spec."
RUN-023,S29,2026-08-23 09:00:00,180,OP-010,Pass,"Routine check, within spec."
RUN-023,S29,2026-08-23 09:20:00,200,OP-009,Pass,"Routine check, within spec."
RUN-023,S29,2026-08-23 09:40:00,220,OP-002,Pass,"Routine check, within spec."
RUN-023,S30,2026-08-23 06:20:00,20,OP-009,Pass,"Routine check, within spec."
RUN-023,S30,2026-08-23 06:40:00,40,OP-006,Pass,"Routine check, within spec."
RUN-023,S30,2026-08-23 07:00:00,60,OP-006,Pass,"Routine check, within spec."
RUN-023,S30,2026-08-23 07:20:00,80,OP-007,Pass,"Routine check, within spec."
RUN-023,S30,2026-08-23 07:40:00,100,OP-008,Pass,"Routine check, within spec."
RUN-023,S30,2026-08-23 08:00:00,120,OP-012,Pass,"Routine check, within spec."
RUN-023,S30,2026-08-23 08:20:00,140,OP-008,Pass,"Routine check, within spec."
RUN-023,S30,2026-08-23 08:40:00,160,OP-003,Pass,"Routine check, within spec."
RUN-023,S30,2026-08-23 09:00:00,180,OP-003,Pass,"Routine check, within spec."
RUN-023,S30,2026-08-23 09:20:00,200,OP-002,Pass,"Routine check, within spec."
RUN-023,S30,2026-08-23 09:40:00,220,OP-011,Pass,"Routine check, within spec."
RUN-024,S18,2026-08-24 06:20:00,20,OP-011,Pass,"Routine check, within spec."
RUN-024,S18,2026-08-24 06:40:00,40,OP-009,Pass,"Routine check, within spec."
RUN-024,S18,2026-08-24 07:00:00,60,OP-012,Pass,"Routine check, within spec."
RUN-024,S18,2026-08-24 07:20:00,80,OP-006,Pass,"Routine check, within spec."
RUN-024,S18,2026-08-24 07:40:00,100,OP-012,Pass,"Routine check, within spec."
RUN-024,S18,2026-08-24 08:00:00,120,OP-004,Pass,"Routine check, within spec."
RUN-024,S18,2026-08-24 08:20:00,140,OP-004,Pass,"Routine check, within spec."
RUN-024,S18,2026-08-24 08:40:00,160,OP-010,Pass,"Routine check, within spec."
RUN-024,S18,2026-08-24 09:00:00,180,OP-010,Pass,"Routine check, within spec."
RUN-024,S18,2026-08-24 09:20:00,200,OP-002,Pass,"Routine check, within spec."
RUN-024,S18,2026-08-24 09:40:00,220,OP-008,Pass,"Routine check, within spec."
RUN-024,S20,2026-08-24 06:20:00,20,OP-010,Pass,"Routine check, within spec."
RUN-024,S20,2026-08-24 06:40:00,40,OP-012,Pass,"Routine check, within spec."
RUN-024,S20,2026-08-24 07:00:00,60,OP-002,Pass,"Routine check, within spec."
RUN-024,S20,2026-08-24 07:20:00,80,OP-004,Pass,"Routine check, within spec."
RUN-024,S20,2026-08-24 07:40:00,100,OP-011,Pass,"Routine check, within spec."
RUN-024,S20,2026-08-24 08:00:00,120,OP-008,Pass,"Routine check, within spec."
RUN-024,S20,2026-08-24 08:20:00,140,OP-010,Pass,"Routine check, within spec."
RUN-024,S20,2026-08-24 08:40:00,160,OP-001,Pass,"Routine check, within spec."
RUN-024,S20,2026-08-24 09:00:00,180,OP-001,Pass,"Routine check, within spec."
RUN-024,S20,2026-08-24 09:20:00,200,OP-001,Pass,"Routine check, within spec."
RUN-024,S20,2026-08-24 09:40:00,220,OP-008,Pass,"Routine check, within spec."
RUN-024,S21,2026-08-24 06:20:00,20,OP-011,Pass,"Routine check, within spec."
RUN-024,S21,2026-08-24 06:40:00,40,OP-010,Pass,"Routine check, within spec."
RUN-024,S21,2026-08-24 07:00:00,60,OP-009,Pass,"Routine check, within spec."
RUN-024,S21,2026-08-24 07:20:00,80,OP-008,Pass,"Routine check, within spec."
RUN-024,S21,2026-08-24 07:40:00,100,OP-010,Pass,"Routine check, within spec."
RUN-024,S21,2026-08-24 08:00:00,120,OP-007,Pass,"Routine check, within spec."
RUN-024,S21,2026-08-24 08:20:00,140,OP-002,Pass,"Routine check, within spec."
RUN-024,S21,2026-08-24 08:40:00,160,OP-005,Pass,"Routine check, within spec."
RUN-024,S21,2026-08-24 09:00:00,180,OP-005,Pass,"Routine check, within spec."
RUN-024,S21,2026-08-24 09:20:00,200,OP-004,Pass,"Routine check, within spec."
RUN-024,S21,2026-08-24 09:40:00,220,OP-003,Pass,"Routine check, within spec."
RUN-024,S22,2026-08-24 06:20:00,20,OP-010,Pass,"Routine check, within spec."
RUN-024,S22,2026-08-24 06:40:00,40,OP-001,Pass,"Routine check, within spec."
RUN-024,S22,2026-08-24 07:00:00,60,OP-002,Pass,"Routine check, within spec."
RUN-024,S22,2026-08-24 07:20:00,80,OP-001,Pass,"Routine check, within spec."
RUN-024,S22,2026-08-24 07:40:00,100,OP-006,Pass,"Routine check, within spec."
RUN-024,S22,2026-08-24 08:00:00,120,OP-009,Pass,"Routine check, within spec."
RUN-024,S22,2026-08-24 08:20:00,140,OP-006,Pass,"Routine check, within spec."
RUN-024,S22,2026-08-24 08:40:00,160,OP-011,Pass,"Routine check, within spec."
RUN-024,S22,2026-08-24 09:00:00,180,OP-011,Pass,"Routine check, within spec."
RUN-024,S22,2026-08-24 09:20:00,200,OP-001,Pass,"Routine check, within spec."
RUN-024,S22,2026-08-24 09:40:00,220,OP-002,Pass,"Routine check, within spec."
RUN-024,S29,2026-08-24 06:20:00,20,OP-001,Pass,"Routine check, within spec."
RUN-024,S29,2026-08-24 06:40:00,40,OP-002,Pass,"Routine check, within spec."
RUN-024,S29,2026-08-24 07:00:00,60,OP-011,Pass,"Routine check, within spec."
RUN-024,S29,2026-08-24 07:20:00,80,OP-004,Pass,"Routine check, within spec."
RUN-024,S29,2026-08-24 07:40:00,100,OP-001,Pass,"Routine check, within spec."
RUN-024,S29,2026-08-24 08:00:00,120,OP-001,Pass,"Routine check, within spec."
RUN-024,S29,2026-08-24 08:20:00,140,OP-005,Pass,"Routine check, within spec."
RUN-024,S29,2026-08-24 08:40:00,160,OP-004,Pass,"Routine check, within spec."
RUN-024,S29,2026-08-24 09:00:00,180,OP-008,Pass,"Routine check, within spec."
RUN-024,S29,2026-08-24 09:20:00,200,OP-008,Pass,"Routine check, within spec."
RUN-024,S29,2026-08-24 09:40:00,220,OP-011,Pass,"Routine check, within spec."
RUN-024,S30,2026-08-24 06:20:00,20,OP-001,Pass,"Routine check, within spec."
RUN-024,S30,2026-08-24 06:40:00,40,OP-003,Pass,"Routine check, within spec."
RUN-024,S30,2026-08-24 07:00:00,60,OP-005,Pass,"Routine check, within spec."
RUN-024,S30,2026-08-24 07:20:00,80,OP-011,Pass,"Routine check, within spec."
RUN-024,S30,2026-08-24 07:40:00,100,OP-007,Pass,"Routine check, within spec."
RUN-024,S30,2026-08-24 08:00:00,120,OP-005,Pass,"Routine check, within spec."
RUN-024,S30,2026-08-24 08:20:00,140,OP-012,Pass,"Routine check, within spec."
RUN-024,S30,2026-08-24 08:40:00,160,OP-008,Pass,"Routine check, within spec."
RUN-024,S30,2026-08-24 09:00:00,180,OP-012,Pass,"Routine check, within spec."
RUN-024,S30,2026-08-24 09:20:00,200,OP-007,Pass,"Routine check, within spec."
RUN-024,S30,2026-08-24 09:40:00,220,OP-009,Pass,"Routine check, within spec."
RUN-025,S18,2026-08-25 06:20:00,20,OP-008,Pass,"Routine check, within spec."
RUN-025,S18,2026-08-25 06:40:00,40,OP-007,Pass,"Routine check, within spec."
RUN-025,S18,2026-08-25 07:00:00,60,OP-003,Pass,"Routine check, within spec."
RUN-025,S18,2026-08-25 07:20:00,80,OP-010,Pass,"Routine check, within spec."
RUN-025,S18,2026-08-25 07:40:00,100,OP-011,Pass,"Routine check, within spec."
RUN-025,S18,2026-08-25 08:00:00,120,OP-001,Pass,"Routine check, within spec."
RUN-025,S18,2026-08-25 08:20:00,140,OP-005,Pass,"Routine check, within spec."
RUN-025,S18,2026-08-25 08:40:00,160,OP-008,Pass,"Routine check, within spec."
RUN-025,S18,2026-08-25 09:00:00,180,OP-009,Pass,"Routine check, within spec."
RUN-025,S18,2026-08-25 09:20:00,200,OP-004,Pass,"Routine check, within spec."
RUN-025,S18,2026-08-25 09:40:00,220,OP-008,Pass,"Routine check, within spec."
RUN-025,S20,2026-08-25 06:20:00,20,OP-008,Pass,"Routine check, within spec."
RUN-025,S20,2026-08-25 06:40:00,40,OP-010,Pass,"Routine check, within spec."
RUN-025,S20,2026-08-25 07:00:00,60,OP-006,Pass,"Routine check, within spec."
RUN-025,S20,2026-08-25 07:20:00,80,OP-008,Pass,"Routine check, within spec."
RUN-025,S20,2026-08-25 07:40:00,100,OP-007,Pass,"Routine check, within spec."
RUN-025,S20,2026-08-25 08:00:00,120,OP-004,Pass,"Routine check, within spec."
RUN-025,S20,2026-08-25 08:20:00,140,OP-008,Pass,"Routine check, within spec."
RUN-025,S20,2026-08-25 08:40:00,160,OP-008,Pass,"Routine check, within spec."
RUN-025,S20,2026-08-25 09:00:00,180,OP-010,Pass,"Routine check, within spec."
RUN-025,S20,2026-08-25 09:20:00,200,OP-011,Pass,"Routine check, within spec."
RUN-025,S20,2026-08-25 09:40:00,220,OP-011,Pass,"Routine check, within spec."
RUN-025,S21,2026-08-25 06:20:00,20,OP-007,Pass,"Routine check, within spec."
RUN-025,S21,2026-08-25 06:40:00,40,OP-006,Pass,"Routine check, within spec."
RUN-025,S21,2026-08-25 07:00:00,60,OP-003,Pass,"Routine check, within spec."
RUN-025,S21,2026-08-25 07:20:00,80,OP-002,Pass,"Routine check, within spec."
RUN-025,S21,2026-08-25 07:40:00,100,OP-009,Pass,"Routine check, within spec."
RUN-025,S21,2026-08-25 08:00:00,120,OP-007,Pass,"Routine check, within spec."
RUN-025,S21,2026-08-25 08:20:00,140,OP-010,Pass,"Routine check, within spec."
RUN-025,S21,2026-08-25 08:40:00,160,OP-011,Pass,"Routine check, within spec."
RUN-025,S21,2026-08-25 09:00:00,180,OP-009,Pass,"Routine check, within spec."
RUN-025,S21,2026-08-25 09:20:00,200,OP-012,Pass,"Routine check, within spec."
RUN-025,S21,2026-08-25 09:40:00,220,OP-009,Pass,"Routine check, within spec."
RUN-025,S22,2026-08-25 06:20:00,20,OP-004,Pass,"Routine check, within spec."
RUN-025,S22,2026-08-25 06:40:00,40,OP-001,Pass,"Routine check, within spec."
RUN-025,S22,2026-08-25 07:00:00,60,OP-002,Pass,"Routine check, within spec."
RUN-025,S22,2026-08-25 07:20:00,80,OP-004,Pass,"Routine check, within spec."
RUN-025,S22,2026-08-25 07:40:00,100,OP-007,Pass,"Routine check, within spec."
RUN-025,S22,2026-08-25 08:00:00,120,OP-009,Pass,"Routine check, within spec."
RUN-025,S22,2026-08-25 08:20:00,140,OP-005,Pass,"Routine check, within spec."
RUN-025,S22,2026-08-25 08:40:00,160,OP-010,Pass,"Routine check, within spec."
RUN-025,S22,2026-08-25 09:00:00,180,OP-003,Pass,"Routine check, within spec."
RUN-025,S22,2026-08-25 09:20:00,200,OP-002,Pass,"Routine check, within spec."
RUN-025,S22,2026-08-25 09:40:00,220,OP-009,Pass,"Routine check, within spec."
RUN-025,S29,2026-08-25 06:20:00,20,OP-002,Pass,"Routine check, within spec."
RUN-025,S29,2026-08-25 06:40:00,40,OP-001,Pass,"Routine check, within spec."
RUN-025,S29,2026-08-25 07:00:00,60,OP-012,Pass,"Routine check, within spec."
RUN-025,S29,2026-08-25 07:20:00,80,OP-011,Pass,"Routine check, within spec."
RUN-025,S29,2026-08-25 07:40:00,100,OP-009,Pass,"Routine check, within spec."
RUN-025,S29,2026-08-25 08:00:00,120,OP-006,Pass,"Routine check, within spec."
RUN-025,S29,2026-08-25 08:20:00,140,OP-012,Pass,"Routine check, within spec."
RUN-025,S29,2026-08-25 08:40:00,160,OP-002,Pass,"Routine check, within spec."
RUN-025,S29,2026-08-25 09:00:00,180,OP-008,Pass,"Routine check, within spec."
RUN-025,S29,2026-08-25 09:20:00,200,OP-004,Pass,"Routine check, within spec."
RUN-025,S29,2026-08-25 09:40:00,220,OP-008,Pass,"Routine check, within spec."
RUN-025,S30,2026-08-25 06:20:00,20,OP-002,Pass,"Routine check, within spec."
RUN-025,S30,2026-08-25 06:40:00,40,OP-006,Pass,"Routine check, within spec."
RUN-025,S30,2026-08-25 07:00:00,60,OP-012,Pass,"Routine check, within spec."
RUN-025,S30,2026-08-25 07:20:00,80,OP-005,Pass,"Routine check, within spec."
RUN-025,S30,2026-08-25 07:40:00,100,OP-003,Pass,"Routine check, within spec."
RUN-025,S30,2026-08-25 08:00:00,120,OP-005,Pass,"Routine check, within spec."
RUN-025,S30,2026-08-25 08:20:00,140,OP-011,Pass,"Routine check, within spec."
RUN-025,S30,2026-08-25 08:40:00,160,OP-004,Pass,"Routine check, within spec."
RUN-025,S30,2026-08-25 09:00:00,180,OP-001,Pass,"Routine check, within spec."
RUN-025,S30,2026-08-25 09:20:00,200,OP-005,Pass,"Routine check, within spec."
RUN-025,S30,2026-08-25 09:40:00,220,OP-005,Pass,"Routine check, within spec."
