run_id,vin,model_variant,line_entry_time,line_entry_minute,bottleneck_impacted,defect_risk,sensorless_drift_flagged,machine_failure_impacted,flagged_for_inspection,affected_events
RUN-001,VIN-2026000,Sedan,2026-08-01 06:00:06,0.11,False,False,False,False,False,
RUN-001,VIN-2026001,SUV,2026-08-01 06:01:20,1.34,False,False,False,False,False,
RUN-001,VIN-2026002,Sedan,2026-08-01 06:02:34,2.57,False,False,False,False,False,
RUN-001,VIN-2026003,Sedan,2026-08-01 06:04:06,4.1,False,False,False,False,False,
RUN-001,VIN-2026004,EV,2026-08-01 06:05:27,5.45,False,False,False,False,False,
RUN-001,VIN-2026005,Sedan,2026-08-01 06:06:28,6.47,False,False,False,False,False,
RUN-001,VIN-2026006,Sedan,2026-08-01 06:07:54,7.91,False,False,False,False,False,
RUN-001,VIN-2026007,Sedan,2026-08-01 06:09:20,9.35,False,False,False,False,False,
RUN-001,VIN-2026008,Sedan,2026-08-01 06:10:39,10.66,False,False,False,False,False,
RUN-001,VIN-2026009,SUV,2026-08-01 06:11:57,11.96,False,False,False,False,False,
RUN-001,VIN-2026010,Sedan,2026-08-01 06:13:21,13.35,False,False,False,False,False,
RUN-001,VIN-2026011,EV,2026-08-01 06:14:39,14.66,False,False,False,False,False,
RUN-001,VIN-2026012,EV,2026-08-01 06:16:01,16.02,False,False,False,False,False,
RUN-001,VIN-2026013,SUV,2026-08-01 06:17:23,17.4,False,False,False,False,False,
RUN-001,VIN-2026014,Sedan,2026-08-01 06:18:45,18.76,False,False,False,False,False,
RUN-001,VIN-2026015,SUV,2026-08-01 06:20:00,20.02,False,False,False,False,False,
RUN-001,VIN-2026016,Sedan,2026-08-01 06:21:18,21.3,False,False,False,False,False,
RUN-001,VIN-2026017,SUV,2026-08-01 06:22:41,22.69,False,True,False,False,True,RUN001-EVT01
RUN-001,VIN-2026018,Sedan,2026-08-01 06:24:07,24.12,False,True,False,False,True,RUN001-EVT01
RUN-001,VIN-2026019,SUV,2026-08-01 06:25:23,25.39,False,True,False,False,True,RUN001-EVT01
RUN-001,VIN-2026020,Sedan,2026-08-01 06:26:39,26.65,False,True,False,False,True,RUN001-EVT01
RUN-001,VIN-2026021,SUV,2026-08-01 06:28:04,28.07,False,True,False,False,True,RUN001-EVT01
RUN-001,VIN-2026022,EV,2026-08-01 06:29:19,29.32,False,True,False,False,True,RUN001-EVT01
RUN-001,VIN-2026023,Sedan,2026-08-01 06:30:37,30.63,False,True,False,False,True,RUN001-EVT01
RUN-001,VIN-2026024,Sedan,2026-08-01 06:32:11,32.19,False,True,False,False,True,RUN001-EVT01
RUN-001,VIN-2026025,SUV,2026-08-01 06:33:14,33.24,False,True,False,False,True,RUN001-EVT01
RUN-001,VIN-2026026,EV,2026-08-01 06:34:41,34.69,False,True,False,False,True,RUN001-EVT01
RUN-001,VIN-2026027,SUV,2026-08-01 06:35:54,35.91,False,True,False,False,True,RUN001-EVT01
RUN-001,VIN-2026028,EV,2026-08-01 06:37:11,37.19,False,True,False,False,True,RUN001-EVT01
RUN-001,VIN-2026029,EV,2026-08-01 06:38:46,38.78,False,True,False,False,True,RUN001-EVT01
RUN-001,VIN-2026030,Sedan,2026-08-01 06:40:00,40.01,False,True,False,False,True,RUN001-EVT01
RUN-001,VIN-2026031,Sedan,2026-08-01 06:41:12,41.2,False,True,False,False,True,RUN001-EVT01
RUN-001,VIN-2026032,SUV,2026-08-01 06:42:41,42.69,False,True,False,False,True,RUN001-EVT01
RUN-001,VIN-2026033,SUV,2026-08-01 06:44:10,44.18,False,True,False,False,True,RUN001-EVT01
RUN-001,VIN-2026034,Sedan,2026-08-01 06:45:18,45.31,False,True,False,False,True,RUN001-EVT01
RUN-001,VIN-2026035,SUV,2026-08-01 06:46:44,46.74,False,True,False,False,True,RUN001-EVT01
RUN-001,VIN-2026036,SUV,2026-08-01 06:47:51,47.86,False,True,False,False,True,RUN001-EVT01
RUN-001,VIN-2026037,Sedan,2026-08-01 06:49:11,49.19,False,True,False,False,True,RUN001-EVT01
RUN-001,VIN-2026038,SUV,2026-08-01 06:50:36,50.61,False,True,False,False,True,RUN001-EVT01
RUN-001,VIN-2026039,SUV,2026-08-01 06:51:58,51.98,False,True,False,False,True,RUN001-EVT01
RUN-001,VIN-2026040,SUV,2026-08-01 06:53:17,53.3,False,True,False,False,True,RUN001-EVT01
RUN-001,VIN-2026041,Sedan,2026-08-01 06:54:37,54.63,False,True,False,False,True,RUN001-EVT01
RUN-001,VIN-2026042,SUV,2026-08-01 06:55:59,56.0,False,True,False,False,True,RUN001-EVT01
RUN-001,VIN-2026043,SUV,2026-08-01 06:57:20,57.35,False,True,False,False,True,RUN001-EVT01
RUN-001,VIN-2026044,SUV,2026-08-01 06:58:38,58.65,False,False,False,False,False,
RUN-001,VIN-2026045,SUV,2026-08-01 06:59:58,59.98,False,False,False,False,False,
RUN-001,VIN-2026046,Sedan,2026-08-01 07:01:14,61.24,False,False,False,False,False,
RUN-001,VIN-2026047,EV,2026-08-01 07:02:48,62.81,False,False,False,False,False,
RUN-001,VIN-2026048,Sedan,2026-08-01 07:04:04,64.08,False,False,False,False,False,
RUN-001,VIN-2026049,SUV,2026-08-01 07:05:15,65.25,False,False,False,False,False,
RUN-001,VIN-2026050,Sedan,2026-08-01 07:06:42,66.71,False,False,False,False,False,
RUN-001,VIN-2026051,Sedan,2026-08-01 07:08:07,68.12,False,False,False,False,False,
RUN-001,VIN-2026052,Sedan,2026-08-01 07:09:18,69.31,False,False,False,False,False,
RUN-001,VIN-2026053,Sedan,2026-08-01 07:10:47,70.79,False,False,False,False,False,
RUN-001,VIN-2026054,SUV,2026-08-01 07:11:58,71.98,False,False,False,False,False,
RUN-001,VIN-2026055,EV,2026-08-01 07:13:13,73.22,False,False,False,False,False,
RUN-001,VIN-2026056,SUV,2026-08-01 07:14:46,74.78,False,False,False,False,False,
RUN-001,VIN-2026057,EV,2026-08-01 07:16:05,76.1,False,False,False,False,False,
RUN-001,VIN-2026058,Sedan,2026-08-01 07:17:20,77.34,True,False,False,False,False,RUN001-EVT02
RUN-001,VIN-2026059,EV,2026-08-01 07:18:38,78.64,True,False,False,False,False,RUN001-EVT02
RUN-001,VIN-2026060,SUV,2026-08-01 07:20:03,80.05,True,False,False,False,False,RUN001-EVT02
RUN-001,VIN-2026061,Sedan,2026-08-01 07:21:21,81.35,True,False,False,False,False,RUN001-EVT02
RUN-001,VIN-2026062,SUV,2026-08-01 07:22:41,82.68,True,False,False,False,False,RUN001-EVT02
RUN-001,VIN-2026063,EV,2026-08-01 07:23:58,83.98,True,False,False,False,False,RUN001-EVT02
RUN-001,VIN-2026064,SUV,2026-08-01 07:25:12,85.2,True,False,False,False,False,RUN001-EVT02
RUN-001,VIN-2026065,SUV,2026-08-01 07:26:37,86.62,True,False,False,False,False,RUN001-EVT02
RUN-001,VIN-2026066,Sedan,2026-08-01 07:27:53,87.89,True,False,False,False,False,RUN001-EVT02
RUN-001,VIN-2026067,SUV,2026-08-01 07:29:17,89.29,True,False,False,False,False,RUN001-EVT02
RUN-001,VIN-2026068,SUV,2026-08-01 07:30:39,90.66,True,False,False,False,False,RUN001-EVT02
RUN-001,VIN-2026069,EV,2026-08-01 07:32:06,92.1,True,False,False,False,False,RUN001-EVT02
RUN-001,VIN-2026070,Sedan,2026-08-01 07:33:22,93.38,True,False,False,False,False,RUN001-EVT02
RUN-001,VIN-2026071,Sedan,2026-08-01 07:34:34,94.58,True,False,False,False,False,RUN001-EVT02
RUN-001,VIN-2026072,EV,2026-08-01 07:36:04,96.08,True,False,False,False,False,RUN001-EVT02
RUN-001,VIN-2026073,Sedan,2026-08-01 07:37:22,97.38,True,False,False,False,False,RUN001-EVT02
RUN-001,VIN-2026074,Sedan,2026-08-01 07:38:32,98.54,True,False,False,False,False,RUN001-EVT02
RUN-001,VIN-2026075,EV,2026-08-01 07:39:58,99.98,True,False,False,False,False,RUN001-EVT02
RUN-001,VIN-2026076,Sedan,2026-08-01 07:41:20,101.35,True,False,False,False,False,RUN001-EVT02
RUN-001,VIN-2026077,Sedan,2026-08-01 07:42:32,102.54,True,False,False,False,False,RUN001-EVT02
RUN-001,VIN-2026078,Sedan,2026-08-01 07:43:57,103.97,True,False,False,False,False,RUN001-EVT02
RUN-001,VIN-2026079,EV,2026-08-01 07:45:17,105.29,True,False,False,False,False,RUN001-EVT02
RUN-001,VIN-2026080,Sedan,2026-08-01 07:46:45,106.76,True,False,False,False,False,RUN001-EVT02
RUN-001,VIN-2026081,Sedan,2026-08-01 07:48:04,108.07,True,False,False,False,False,RUN001-EVT02
RUN-001,VIN-2026082,Sedan,2026-08-01 07:49:15,109.26,True,False,False,False,False,RUN001-EVT02
RUN-001,VIN-2026083,Sedan,2026-08-01 07:50:36,110.6,True,False,False,False,False,RUN001-EVT02
RUN-001,VIN-2026084,SUV,2026-08-01 07:52:00,112.0,True,False,False,False,False,RUN001-EVT02
RUN-001,VIN-2026085,Sedan,2026-08-01 07:53:10,113.17,True,False,False,False,False,RUN001-EVT02
RUN-001,VIN-2026086,Sedan,2026-08-01 07:54:36,114.61,True,False,False,False,False,RUN001-EVT02
RUN-001,VIN-2026087,Sedan,2026-08-01 07:55:52,115.88,True,False,False,False,False,RUN001-EVT02
RUN-001,VIN-2026088,Sedan,2026-08-01 07:57:23,117.4,True,False,False,False,False,RUN001-EVT02
RUN-001,VIN-2026089,SUV,2026-08-01 07:58:32,118.55,True,False,False,False,False,RUN001-EVT02
RUN-001,VIN-2026090,EV,2026-08-01 07:59:56,119.95,True,False,False,False,False,RUN001-EVT02
RUN-001,VIN-2026091,Sedan,2026-08-01 08:01:09,121.15,True,False,False,False,False,RUN001-EVT02
RUN-001,VIN-2026092,Sedan,2026-08-01 08:02:36,122.61,True,False,False,False,False,RUN001-EVT02
RUN-001,VIN-2026093,SUV,2026-08-01 08:03:50,123.84,True,False,False,False,False,RUN001-EVT02
RUN-001,VIN-2026094,SUV,2026-08-01 08:05:24,125.41,True,False,False,False,False,RUN001-EVT02
RUN-001,VIN-2026095,SUV,2026-08-01 08:06:31,126.52,True,False,False,False,False,RUN001-EVT02
RUN-001,VIN-2026096,Sedan,2026-08-01 08:08:02,128.05,True,False,False,False,False,RUN001-EVT02
RUN-001,VIN-2026097,Sedan,2026-08-01 08:09:13,129.23,True,False,False,False,False,RUN001-EVT02
RUN-001,VIN-2026098,Sedan,2026-08-01 08:10:33,130.55,True,False,False,False,False,RUN001-EVT02
RUN-001,VIN-2026099,SUV,2026-08-01 08:11:55,131.92,True,False,False,False,False,RUN001-EVT02
RUN-001,VIN-2026100,Sedan,2026-08-01 08:13:24,133.4,True,False,False,False,False,RUN001-EVT02
RUN-001,VIN-2026101,SUV,2026-08-01 08:14:46,134.78,True,False,False,False,False,RUN001-EVT02
RUN-001,VIN-2026102,Sedan,2026-08-01 08:15:55,135.93,True,False,False,False,False,RUN001-EVT02
RUN-001,VIN-2026103,SUV,2026-08-01 08:17:14,137.25,True,False,False,False,False,RUN001-EVT02
RUN-001,VIN-2026104,EV,2026-08-01 08:18:50,138.83,True,False,False,False,False,RUN001-EVT02
RUN-001,VIN-2026105,Sedan,2026-08-01 08:19:56,139.95,True,False,False,False,False,RUN001-EVT02
RUN-001,VIN-2026106,Sedan,2026-08-01 08:21:21,141.35,False,False,False,False,False,
RUN-001,VIN-2026107,Sedan,2026-08-01 08:22:38,142.64,False,False,False,False,False,
RUN-001,VIN-2026108,Sedan,2026-08-01 08:24:07,144.12,False,False,False,False,False,
RUN-001,VIN-2026109,Sedan,2026-08-01 08:25:25,145.42,False,False,False,False,False,
RUN-001,VIN-2026110,SUV,2026-08-01 08:26:41,146.69,False,False,False,False,False,
RUN-001,VIN-2026111,EV,2026-08-01 08:27:58,147.98,False,False,False,False,False,
RUN-001,VIN-2026112,SUV,2026-08-01 08:29:16,149.28,False,False,False,False,False,
RUN-001,VIN-2026113,SUV,2026-08-01 08:30:41,150.69,False,False,False,False,False,
RUN-001,VIN-2026114,Sedan,2026-08-01 08:32:03,152.06,False,False,False,False,False,
RUN-001,VIN-2026115,Sedan,2026-08-01 08:33:16,153.27,False,False,False,False,False,
RUN-001,VIN-2026116,Sedan,2026-08-01 08:34:48,154.8,False,False,False,False,False,
RUN-001,VIN-2026117,Sedan,2026-08-01 08:36:03,156.06,False,False,False,False,False,
RUN-001,VIN-2026118,EV,2026-08-01 08:37:11,157.19,False,False,False,False,False,
RUN-001,VIN-2026119,Sedan,2026-08-01 08:38:36,158.6,False,False,False,False,False,
RUN-001,VIN-2026120,EV,2026-08-01 08:40:03,160.05,False,False,False,False,False,
RUN-001,VIN-2026121,Sedan,2026-08-01 08:41:11,161.19,False,False,False,False,False,
RUN-001,VIN-2026122,EV,2026-08-01 08:42:39,162.66,False,False,False,False,False,
RUN-001,VIN-2026123,EV,2026-08-01 08:44:04,164.07,False,False,False,False,False,
RUN-001,VIN-2026124,SUV,2026-08-01 08:45:23,165.4,False,False,False,False,False,
RUN-001,VIN-2026125,Sedan,2026-08-01 08:46:37,166.62,False,False,False,False,False,
RUN-001,VIN-2026126,SUV,2026-08-01 08:47:57,167.96,False,False,False,False,False,
RUN-001,VIN-2026127,SUV,2026-08-01 08:49:19,169.33,False,False,False,False,False,
RUN-001,VIN-2026128,EV,2026-08-01 08:50:47,170.8,False,False,False,False,False,
RUN-001,VIN-2026129,EV,2026-08-01 08:51:54,171.91,False,False,False,False,False,
RUN-001,VIN-2026130,SUV,2026-08-01 08:53:15,173.26,False,False,False,False,False,
RUN-001,VIN-2026131,Sedan,2026-08-01 08:54:35,174.6,False,False,False,False,False,
RUN-001,VIN-2026132,Sedan,2026-08-01 08:55:57,175.96,False,False,False,False,False,
RUN-001,VIN-2026133,EV,2026-08-01 08:57:24,177.41,False,False,False,False,False,
RUN-001,VIN-2026134,Sedan,2026-08-01 08:58:41,178.69,False,False,False,False,False,
RUN-001,VIN-2026135,Sedan,2026-08-01 08:59:58,179.98,False,False,False,False,False,
RUN-001,VIN-2026136,EV,2026-08-01 09:01:20,181.34,False,False,False,False,False,
RUN-001,VIN-2026137,Sedan,2026-08-01 09:02:46,182.78,False,False,False,False,False,
RUN-001,VIN-2026138,Sedan,2026-08-01 09:04:05,184.09,False,False,False,False,False,
RUN-001,VIN-2026139,Sedan,2026-08-01 09:05:21,185.36,False,False,False,False,False,
RUN-001,VIN-2026140,EV,2026-08-01 09:06:42,186.71,False,False,False,False,False,
RUN-001,VIN-2026141,SUV,2026-08-01 09:07:53,187.89,False,False,False,False,False,
RUN-001,VIN-2026142,SUV,2026-08-01 09:09:23,189.39,False,False,False,False,False,
RUN-001,VIN-2026143,Sedan,2026-08-01 09:10:39,190.65,False,False,False,False,False,
RUN-001,VIN-2026144,Sedan,2026-08-01 09:12:04,192.08,False,False,False,False,False,
RUN-001,VIN-2026145,SUV,2026-08-01 09:13:16,193.27,False,False,False,False,False,
RUN-001,VIN-2026146,SUV,2026-08-01 09:14:42,194.71,False,False,False,False,False,
RUN-001,VIN-2026147,SUV,2026-08-01 09:16:02,196.04,False,False,False,False,False,
RUN-001,VIN-2026148,Sedan,2026-08-01 09:17:26,197.44,False,False,False,False,False,
RUN-001,VIN-2026149,Sedan,2026-08-01 09:18:38,198.64,False,False,False,False,False,
RUN-001,VIN-2026150,SUV,2026-08-01 09:19:53,199.9,False,False,False,False,False,
RUN-001,VIN-2026151,Sedan,2026-08-01 09:21:19,201.32,False,False,False,False,False,
RUN-001,VIN-2026152,SUV,2026-08-01 09:22:31,202.53,False,False,False,False,False,
RUN-001,VIN-2026153,Sedan,2026-08-01 09:23:51,203.85,False,False,False,False,False,
RUN-001,VIN-2026154,Sedan,2026-08-01 09:25:18,205.31,False,False,False,False,False,
RUN-001,VIN-2026155,Sedan,2026-08-01 09:26:43,206.73,False,False,False,False,False,
RUN-001,VIN-2026156,EV,2026-08-01 09:28:01,208.02,False,False,False,False,False,
RUN-001,VIN-2026157,Sedan,2026-08-01 09:29:21,209.36,False,False,False,False,False,
RUN-001,VIN-2026158,Sedan,2026-08-01 09:30:42,210.71,False,False,False,False,False,
RUN-001,VIN-2026159,SUV,2026-08-01 09:32:00,212.01,False,False,False,False,False,
RUN-001,VIN-2026160,Sedan,2026-08-01 09:33:18,213.31,False,False,False,False,False,
RUN-001,VIN-2026161,EV,2026-08-01 09:34:39,214.65,False,False,False,False,False,
RUN-001,VIN-2026162,Sedan,2026-08-01 09:35:57,215.95,False,False,False,False,False,
RUN-001,VIN-2026163,SUV,2026-08-01 09:37:12,217.21,False,False,False,False,False,
RUN-001,VIN-2026164,SUV,2026-08-01 09:38:40,218.68,False,False,False,False,False,
RUN-001,VIN-2026165,SUV,2026-08-01 09:39:53,219.9,False,False,False,False,False,
RUN-001,VIN-2026166,Sedan,2026-08-01 09:41:25,221.43,False,False,False,False,False,
RUN-001,VIN-2026167,SUV,2026-08-01 09:42:44,222.75,False,False,False,False,False,
RUN-001,VIN-2026168,Sedan,2026-08-01 09:44:00,224.0,False,False,False,False,False,
RUN-001,VIN-2026169,SUV,2026-08-01 09:45:28,225.48,False,False,False,False,False,
RUN-001,VIN-2026170,Sedan,2026-08-01 09:46:45,226.77,False,False,False,False,False,
RUN-001,VIN-2026171,Sedan,2026-08-01 09:47:58,227.98,False,False,False,False,False,
RUN-001,VIN-2026172,Sedan,2026-08-01 09:49:26,229.44,False,False,False,False,False,
RUN-001,VIN-2026173,Sedan,2026-08-01 09:50:33,230.56,False,False,False,False,False,
RUN-001,VIN-2026174,SUV,2026-08-01 09:52:04,232.08,False,False,False,False,False,
RUN-001,VIN-2026175,Sedan,2026-08-01 09:53:27,233.45,False,False,False,False,False,
RUN-001,VIN-2026176,EV,2026-08-01 09:54:44,234.74,False,False,False,False,False,
RUN-001,VIN-2026177,Sedan,2026-08-01 09:55:51,235.86,False,False,False,False,False,
RUN-001,VIN-2026178,SUV,2026-08-01 09:57:09,237.16,False,False,False,False,False,
RUN-001,VIN-2026179,Sedan,2026-08-01 09:58:43,238.72,False,False,False,False,False,
RUN-002,VIN-2026180,SUV,2026-08-02 06:00:03,0.06,False,False,False,False,False,
RUN-002,VIN-2026181,SUV,2026-08-02 06:01:24,1.41,False,False,False,False,False,
RUN-002,VIN-2026182,Sedan,2026-08-02 06:02:43,2.73,False,False,False,False,False,
RUN-002,VIN-2026183,SUV,2026-08-02 06:04:03,4.05,False,False,False,False,False,
RUN-002,VIN-2026184,SUV,2026-08-02 06:05:25,5.43,False,False,False,False,False,
RUN-002,VIN-2026185,SUV,2026-08-02 06:06:32,6.54,False,False,False,False,False,
RUN-002,VIN-2026186,SUV,2026-08-02 06:07:59,7.99,False,False,False,False,False,
RUN-002,VIN-2026187,SUV,2026-08-02 06:09:15,9.26,False,False,False,False,False,
RUN-002,VIN-2026188,EV,2026-08-02 06:10:48,10.81,False,False,False,False,False,
RUN-002,VIN-2026189,Sedan,2026-08-02 06:11:54,11.9,False,False,False,False,False,
RUN-002,VIN-2026190,SUV,2026-08-02 06:13:20,13.35,False,False,False,False,False,
RUN-002,VIN-2026191,Sedan,2026-08-02 06:14:43,14.73,False,False,False,False,False,
RUN-002,VIN-2026192,Sedan,2026-08-02 06:16:02,16.05,False,False,False,False,False,
RUN-002,VIN-2026193,SUV,2026-08-02 06:17:13,17.23,False,False,False,False,False,
RUN-002,VIN-2026194,SUV,2026-08-02 06:18:35,18.6,False,False,False,False,False,
RUN-002,VIN-2026195,SUV,2026-08-02 06:20:13,20.23,False,False,False,False,False,
RUN-002,VIN-2026196,EV,2026-08-02 06:21:23,21.39,False,False,False,False,False,
RUN-002,VIN-2026197,SUV,2026-08-02 06:22:30,22.5,False,False,False,False,False,
RUN-002,VIN-2026198,Sedan,2026-08-02 06:23:54,23.91,False,False,False,False,False,
RUN-002,VIN-2026199,SUV,2026-08-02 06:25:17,25.3,False,False,False,False,False,
RUN-002,VIN-2026200,Sedan,2026-08-02 06:26:39,26.66,False,False,False,False,False,
RUN-002,VIN-2026201,Sedan,2026-08-02 06:27:59,28.0,False,False,False,False,False,
RUN-002,VIN-2026202,Sedan,2026-08-02 06:29:20,29.34,False,False,False,False,False,
RUN-002,VIN-2026203,SUV,2026-08-02 06:30:37,30.62,False,False,False,False,False,
RUN-002,VIN-2026204,Sedan,2026-08-02 06:32:08,32.14,False,False,False,False,False,
RUN-002,VIN-2026205,Sedan,2026-08-02 06:33:20,33.35,False,False,False,False,False,
RUN-002,VIN-2026206,Sedan,2026-08-02 06:34:49,34.83,False,False,False,False,False,
RUN-002,VIN-2026207,SUV,2026-08-02 06:36:06,36.11,False,False,False,False,False,
RUN-002,VIN-2026208,Sedan,2026-08-02 06:37:30,37.51,False,False,False,False,False,
RUN-002,VIN-2026209,Sedan,2026-08-02 06:38:42,38.7,False,False,False,False,False,
RUN-002,VIN-2026210,SUV,2026-08-02 06:39:58,39.98,False,False,False,False,False,
RUN-002,VIN-2026211,Sedan,2026-08-02 06:41:21,41.35,False,False,False,False,False,
RUN-002,VIN-2026212,Sedan,2026-08-02 06:42:39,42.66,False,False,False,False,False,
RUN-002,VIN-2026213,SUV,2026-08-02 06:43:59,43.99,False,False,False,False,False,
RUN-002,VIN-2026214,EV,2026-08-02 06:45:22,45.37,False,False,False,False,False,
RUN-002,VIN-2026215,Sedan,2026-08-02 06:46:49,46.82,False,False,False,False,False,
RUN-002,VIN-2026216,SUV,2026-08-02 06:47:55,47.92,False,False,False,False,False,
RUN-002,VIN-2026217,EV,2026-08-02 06:49:24,49.41,False,False,False,False,False,
RUN-002,VIN-2026218,SUV,2026-08-02 06:50:43,50.72,False,False,False,False,False,
RUN-002,VIN-2026219,Sedan,2026-08-02 06:52:04,52.08,False,False,False,False,False,
RUN-002,VIN-2026220,SUV,2026-08-02 06:53:20,53.34,False,False,False,False,False,
RUN-002,VIN-2026221,SUV,2026-08-02 06:54:35,54.59,False,False,False,False,False,
RUN-002,VIN-2026222,Sedan,2026-08-02 06:56:02,56.05,False,False,False,False,False,
RUN-002,VIN-2026223,Sedan,2026-08-02 06:57:29,57.5,False,False,False,False,False,
RUN-002,VIN-2026224,Sedan,2026-08-02 06:58:44,58.73,False,False,False,False,False,
RUN-002,VIN-2026225,SUV,2026-08-02 07:00:04,60.07,False,False,False,False,False,
RUN-002,VIN-2026226,Sedan,2026-08-02 07:01:25,61.43,False,False,False,False,False,
RUN-002,VIN-2026227,SUV,2026-08-02 07:02:32,62.55,False,False,False,False,False,
RUN-002,VIN-2026228,Sedan,2026-08-02 07:04:05,64.1,False,False,False,False,False,
RUN-002,VIN-2026229,SUV,2026-08-02 07:05:23,65.39,False,False,False,False,False,
RUN-002,VIN-2026230,Sedan,2026-08-02 07:06:37,66.63,False,False,False,False,False,
RUN-002,VIN-2026231,EV,2026-08-02 07:07:59,68.0,False,False,False,False,False,
RUN-002,VIN-2026232,SUV,2026-08-02 07:09:24,69.41,False,False,False,False,False,
RUN-002,VIN-2026233,EV,2026-08-02 07:10:40,70.68,False,False,False,False,False,
RUN-002,VIN-2026234,SUV,2026-08-02 07:12:00,72.01,False,False,False,False,False,
RUN-002,VIN-2026235,SUV,2026-08-02 07:13:22,73.38,False,False,False,False,False,
RUN-002,VIN-2026236,SUV,2026-08-02 07:14:36,74.6,False,False,False,False,False,
RUN-002,VIN-2026237,Sedan,2026-08-02 07:16:03,76.06,False,False,False,False,False,
RUN-002,VIN-2026238,Sedan,2026-08-02 07:17:12,77.21,False,False,False,False,False,
RUN-002,VIN-2026239,SUV,2026-08-02 07:18:35,78.6,False,False,False,False,False,
RUN-002,VIN-2026240,Sedan,2026-08-02 07:19:57,79.97,False,False,False,False,False,
RUN-002,VIN-2026241,EV,2026-08-02 07:21:14,81.23,False,False,False,False,False,
RUN-002,VIN-2026242,SUV,2026-08-02 07:22:39,82.65,False,False,False,False,False,
RUN-002,VIN-2026243,SUV,2026-08-02 07:24:00,84.02,False,False,False,False,False,
RUN-002,VIN-2026244,SUV,2026-08-02 07:25:27,85.46,False,False,False,False,False,
RUN-002,VIN-2026245,SUV,2026-08-02 07:26:41,86.69,False,False,False,False,False,
RUN-002,VIN-2026246,EV,2026-08-02 07:28:03,88.06,False,False,False,False,False,
RUN-002,VIN-2026247,EV,2026-08-02 07:29:25,89.43,False,False,False,False,False,
RUN-002,VIN-2026248,Sedan,2026-08-02 07:30:42,90.7,False,False,False,False,False,
RUN-002,VIN-2026249,SUV,2026-08-02 07:31:50,91.85,False,False,False,False,False,
RUN-002,VIN-2026250,Sedan,2026-08-02 07:33:18,93.32,False,False,False,False,False,
RUN-002,VIN-2026251,Sedan,2026-08-02 07:34:47,94.79,False,False,False,False,False,
RUN-002,VIN-2026252,Sedan,2026-08-02 07:36:04,96.07,False,False,False,False,False,
RUN-002,VIN-2026253,SUV,2026-08-02 07:37:19,97.32,False,False,False,False,False,
RUN-002,VIN-2026254,SUV,2026-08-02 07:38:43,98.72,False,False,False,False,False,
RUN-002,VIN-2026255,Sedan,2026-08-02 07:39:57,99.96,False,False,False,False,False,
RUN-002,VIN-2026256,Sedan,2026-08-02 07:41:15,101.26,False,False,False,False,False,
RUN-002,VIN-2026257,SUV,2026-08-02 07:42:35,102.6,False,False,False,False,False,
RUN-002,VIN-2026258,Sedan,2026-08-02 07:43:54,103.9,False,False,False,False,False,
RUN-002,VIN-2026259,Sedan,2026-08-02 07:45:28,105.48,False,False,False,False,False,
RUN-002,VIN-2026260,Sedan,2026-08-02 07:46:44,106.75,False,False,False,False,False,
RUN-002,VIN-2026261,SUV,2026-08-02 07:48:03,108.06,False,False,False,False,False,
RUN-002,VIN-2026262,SUV,2026-08-02 07:49:12,109.21,False,False,False,False,False,
RUN-002,VIN-2026263,Sedan,2026-08-02 07:50:38,110.65,False,False,False,False,False,
RUN-002,VIN-2026264,Sedan,2026-08-02 07:51:55,111.92,False,False,False,False,False,
RUN-002,VIN-2026265,Sedan,2026-08-02 07:53:18,113.31,False,False,False,False,False,
RUN-002,VIN-2026266,Sedan,2026-08-02 07:54:32,114.54,False,False,False,False,False,
RUN-002,VIN-2026267,Sedan,2026-08-02 07:55:55,115.92,False,False,False,False,False,
RUN-002,VIN-2026268,Sedan,2026-08-02 07:57:31,117.52,False,False,False,False,False,
RUN-002,VIN-2026269,Sedan,2026-08-02 07:58:47,118.79,False,False,False,False,False,
RUN-002,VIN-2026270,SUV,2026-08-02 07:59:56,119.95,False,False,False,False,False,
RUN-002,VIN-2026271,Sedan,2026-08-02 08:01:14,121.24,False,False,False,False,False,
RUN-002,VIN-2026272,Sedan,2026-08-02 08:02:37,122.63,False,False,False,False,False,
RUN-002,VIN-2026273,Sedan,2026-08-02 08:03:53,123.88,False,False,False,False,False,
RUN-002,VIN-2026274,SUV,2026-08-02 08:05:22,125.37,False,False,False,False,False,
RUN-002,VIN-2026275,Sedan,2026-08-02 08:06:49,126.83,False,False,False,False,False,
RUN-002,VIN-2026276,SUV,2026-08-02 08:07:57,127.95,False,False,False,False,False,
RUN-002,VIN-2026277,Sedan,2026-08-02 08:09:10,129.17,False,False,False,False,False,
RUN-002,VIN-2026278,Sedan,2026-08-02 08:10:45,130.76,False,False,False,True,True,RUN002-EVT02
RUN-002,VIN-2026279,SUV,2026-08-02 08:12:02,132.05,False,False,False,True,True,RUN002-EVT02
RUN-002,VIN-2026280,SUV,2026-08-02 08:13:24,133.4,False,False,False,True,True,RUN002-EVT02
RUN-002,VIN-2026281,Sedan,2026-08-02 08:14:36,134.61,False,False,False,True,True,RUN002-EVT02
RUN-002,VIN-2026282,Sedan,2026-08-02 08:15:58,135.98,False,False,False,True,True,RUN002-EVT02
RUN-002,VIN-2026283,Sedan,2026-08-02 08:17:22,137.37,False,False,False,True,True,RUN002-EVT02
RUN-002,VIN-2026284,Sedan,2026-08-02 08:18:30,138.51,False,False,False,True,True,RUN002-EVT02
RUN-002,VIN-2026285,EV,2026-08-02 08:19:58,139.98,False,False,False,True,True,RUN002-EVT02
RUN-002,VIN-2026286,Sedan,2026-08-02 08:21:24,141.4,False,False,False,True,True,RUN002-EVT02
RUN-002,VIN-2026287,Sedan,2026-08-02 08:22:45,142.75,False,False,False,True,True,RUN002-EVT02
RUN-002,VIN-2026288,SUV,2026-08-02 08:23:55,143.93,False,False,False,False,False,
RUN-002,VIN-2026289,Sedan,2026-08-02 08:25:16,145.27,False,False,False,False,False,
RUN-002,VIN-2026290,SUV,2026-08-02 08:26:43,146.72,False,False,False,False,False,
RUN-002,VIN-2026291,Sedan,2026-08-02 08:27:51,147.86,False,False,False,False,False,
RUN-002,VIN-2026292,Sedan,2026-08-02 08:29:16,149.28,False,False,False,False,False,
RUN-002,VIN-2026293,EV,2026-08-02 08:30:41,150.69,False,False,False,False,False,
RUN-002,VIN-2026294,Sedan,2026-08-02 08:31:59,152.0,False,False,False,False,False,
RUN-002,VIN-2026295,SUV,2026-08-02 08:33:23,153.39,False,True,False,False,True,RUN002-EVT01
RUN-002,VIN-2026296,SUV,2026-08-02 08:34:44,154.74,False,True,False,False,True,RUN002-EVT01
RUN-002,VIN-2026297,SUV,2026-08-02 08:36:07,156.12,False,True,False,False,True,RUN002-EVT01
RUN-002,VIN-2026298,Sedan,2026-08-02 08:37:11,157.2,False,True,False,False,True,RUN002-EVT01
RUN-002,VIN-2026299,Sedan,2026-08-02 08:38:36,158.61,False,True,False,False,True,RUN002-EVT01
RUN-002,VIN-2026300,EV,2026-08-02 08:40:02,160.04,False,True,False,False,True,RUN002-EVT01
RUN-002,VIN-2026301,SUV,2026-08-02 08:41:22,161.38,False,True,False,False,True,RUN002-EVT01
RUN-002,VIN-2026302,Sedan,2026-08-02 08:42:42,162.71,False,True,False,False,True,RUN002-EVT01
RUN-002,VIN-2026303,Sedan,2026-08-02 08:43:57,163.96,False,True,False,False,True,RUN002-EVT01
RUN-002,VIN-2026304,Sedan,2026-08-02 08:45:30,165.5,False,True,False,False,True,RUN002-EVT01
RUN-002,VIN-2026305,Sedan,2026-08-02 08:46:41,166.7,False,True,False,False,True,RUN002-EVT01
RUN-002,VIN-2026306,Sedan,2026-08-02 08:48:06,168.1,False,True,False,False,True,RUN002-EVT01
RUN-002,VIN-2026307,Sedan,2026-08-02 08:49:23,169.39,False,True,False,False,True,RUN002-EVT01
RUN-002,VIN-2026308,EV,2026-08-02 08:50:29,170.49,False,True,False,False,True,RUN002-EVT01
RUN-002,VIN-2026309,Sedan,2026-08-02 08:52:02,172.05,False,True,False,False,True,RUN002-EVT01
RUN-002,VIN-2026310,Sedan,2026-08-02 08:53:14,173.24,False,True,False,False,True,RUN002-EVT01
RUN-002,VIN-2026311,Sedan,2026-08-02 08:54:40,174.68,False,True,False,False,True,RUN002-EVT01
RUN-002,VIN-2026312,Sedan,2026-08-02 08:56:04,176.08,False,True,False,False,True,RUN002-EVT01
RUN-002,VIN-2026313,SUV,2026-08-02 08:57:18,177.3,False,True,False,False,True,RUN002-EVT01
RUN-002,VIN-2026314,EV,2026-08-02 08:58:44,178.74,False,True,False,False,True,RUN002-EVT01
RUN-002,VIN-2026315,Sedan,2026-08-02 08:59:56,179.95,False,True,False,False,True,RUN002-EVT01
RUN-002,VIN-2026316,EV,2026-08-02 09:01:16,181.27,False,True,False,False,True,RUN002-EVT01
RUN-002,VIN-2026317,Sedan,2026-08-02 09:02:31,182.53,False,True,False,False,True,RUN002-EVT01
RUN-002,VIN-2026318,Sedan,2026-08-02 09:04:03,184.07,False,True,False,False,True,RUN002-EVT01
RUN-002,VIN-2026319,SUV,2026-08-02 09:05:24,185.41,False,True,False,False,True,RUN002-EVT01
RUN-002,VIN-2026320,Sedan,2026-08-02 09:06:33,186.56,False,True,False,False,True,RUN002-EVT01
RUN-002,VIN-2026321,SUV,2026-08-02 09:07:53,187.89,False,True,False,False,True,RUN002-EVT01
RUN-002,VIN-2026322,Sedan,2026-08-02 09:09:18,189.3,False,True,False,False,True,RUN002-EVT01
RUN-002,VIN-2026323,EV,2026-08-02 09:10:43,190.72,False,True,False,False,True,RUN002-EVT01
RUN-002,VIN-2026324,Sedan,2026-08-02 09:12:05,192.09,False,True,False,False,True,RUN002-EVT01
RUN-002,VIN-2026325,Sedan,2026-08-02 09:13:20,193.35,False,True,False,False,True,RUN002-EVT01
RUN-002,VIN-2026326,SUV,2026-08-02 09:14:36,194.61,False,True,False,False,True,RUN002-EVT01
RUN-002,VIN-2026327,SUV,2026-08-02 09:16:00,196.0,False,True,False,False,True,RUN002-EVT01
RUN-002,VIN-2026328,SUV,2026-08-02 09:17:19,197.33,False,False,False,False,False,
RUN-002,VIN-2026329,Sedan,2026-08-02 09:18:33,198.56,False,False,False,False,False,
RUN-002,VIN-2026330,SUV,2026-08-02 09:20:11,200.2,False,False,False,False,False,
RUN-002,VIN-2026331,Sedan,2026-08-02 09:21:25,201.43,False,False,False,False,False,
RUN-002,VIN-2026332,Sedan,2026-08-02 09:22:39,202.66,False,False,False,False,False,
RUN-002,VIN-2026333,Sedan,2026-08-02 09:24:05,204.09,False,False,False,False,False,
RUN-002,VIN-2026334,EV,2026-08-02 09:25:16,205.28,False,False,False,False,False,
RUN-002,VIN-2026335,Sedan,2026-08-02 09:26:45,206.76,False,False,False,False,False,
RUN-002,VIN-2026336,Sedan,2026-08-02 09:28:03,208.06,False,False,False,False,False,
RUN-002,VIN-2026337,EV,2026-08-02 09:29:20,209.34,False,False,False,False,False,
RUN-002,VIN-2026338,Sedan,2026-08-02 09:30:47,210.79,False,False,False,False,False,
RUN-002,VIN-2026339,Sedan,2026-08-02 09:31:58,211.97,False,False,False,False,False,
RUN-002,VIN-2026340,Sedan,2026-08-02 09:33:22,213.38,False,False,False,False,False,
RUN-002,VIN-2026341,Sedan,2026-08-02 09:34:35,214.58,False,False,False,False,False,
RUN-002,VIN-2026342,Sedan,2026-08-02 09:35:55,215.93,False,False,False,False,False,
RUN-002,VIN-2026343,Sedan,2026-08-02 09:37:13,217.23,False,False,False,False,False,
RUN-002,VIN-2026344,SUV,2026-08-02 09:38:47,218.79,False,False,False,False,False,
RUN-002,VIN-2026345,Sedan,2026-08-02 09:40:01,220.03,False,False,False,False,False,
RUN-002,VIN-2026346,SUV,2026-08-02 09:41:22,221.38,False,False,False,False,False,
RUN-002,VIN-2026347,Sedan,2026-08-02 09:42:40,222.68,False,False,False,False,False,
RUN-002,VIN-2026348,Sedan,2026-08-02 09:44:04,224.07,False,False,False,False,False,
RUN-002,VIN-2026349,Sedan,2026-08-02 09:45:23,225.4,False,False,False,False,False,
RUN-002,VIN-2026350,Sedan,2026-08-02 09:46:36,226.61,False,False,False,False,False,
RUN-002,VIN-2026351,EV,2026-08-02 09:47:49,227.82,False,False,False,False,False,
RUN-002,VIN-2026352,Sedan,2026-08-02 09:49:24,229.41,False,False,False,False,False,
RUN-002,VIN-2026353,SUV,2026-08-02 09:50:45,230.76,False,False,False,False,False,
RUN-002,VIN-2026354,SUV,2026-08-02 09:52:03,232.06,False,False,False,False,False,
RUN-002,VIN-2026355,Sedan,2026-08-02 09:53:14,233.24,False,False,False,False,False,
RUN-002,VIN-2026356,Sedan,2026-08-02 09:54:33,234.56,False,False,False,False,False,
RUN-002,VIN-2026357,SUV,2026-08-02 09:56:01,236.03,False,False,False,False,False,
RUN-002,VIN-2026358,Sedan,2026-08-02 09:57:23,237.39,False,False,False,False,False,
RUN-002,VIN-2026359,Sedan,2026-08-02 09:58:48,238.82,False,False,False,False,False,
RUN-003,VIN-2026360,SUV,2026-08-03 06:00:00,0.0,False,False,False,False,False,
RUN-003,VIN-2026361,Sedan,2026-08-03 06:01:22,1.37,False,False,False,False,False,
RUN-003,VIN-2026362,SUV,2026-08-03 06:02:37,2.63,False,False,False,False,False,
RUN-003,VIN-2026363,Sedan,2026-08-03 06:04:04,4.08,False,False,False,False,False,
RUN-003,VIN-2026364,EV,2026-08-03 06:05:17,5.29,False,False,False,False,False,
RUN-003,VIN-2026365,Sedan,2026-08-03 06:06:30,6.51,False,False,False,False,False,
RUN-003,VIN-2026366,SUV,2026-08-03 06:08:06,8.11,False,False,False,False,False,
RUN-003,VIN-2026367,Sedan,2026-08-03 06:09:22,9.37,False,False,False,False,False,
RUN-003,VIN-2026368,Sedan,2026-08-03 06:10:44,10.74,False,False,False,False,False,
RUN-003,VIN-2026369,Sedan,2026-08-03 06:11:54,11.9,False,False,False,False,False,
RUN-003,VIN-2026370,SUV,2026-08-03 06:13:17,13.29,False,False,False,False,False,
RUN-003,VIN-2026371,SUV,2026-08-03 06:14:48,14.8,False,False,False,False,False,
RUN-003,VIN-2026372,Sedan,2026-08-03 06:15:59,16.0,False,False,False,False,False,
RUN-003,VIN-2026373,Sedan,2026-08-03 06:17:24,17.41,False,False,False,False,False,
RUN-003,VIN-2026374,Sedan,2026-08-03 06:18:44,18.75,False,False,False,False,False,
RUN-003,VIN-2026375,Sedan,2026-08-03 06:20:02,20.04,False,False,False,False,False,
RUN-003,VIN-2026376,Sedan,2026-08-03 06:21:16,21.27,False,False,False,False,False,
RUN-003,VIN-2026377,Sedan,2026-08-03 06:22:46,22.77,False,False,False,False,False,
RUN-003,VIN-2026378,Sedan,2026-08-03 06:24:05,24.1,False,False,False,False,False,
RUN-003,VIN-2026379,SUV,2026-08-03 06:25:30,25.51,False,False,False,False,False,
RUN-003,VIN-2026380,SUV,2026-08-03 06:26:38,26.64,False,False,False,False,False,
RUN-003,VIN-2026381,SUV,2026-08-03 06:28:04,28.07,False,False,False,False,False,
RUN-003,VIN-2026382,Sedan,2026-08-03 06:29:25,29.42,False,False,False,False,False,
RUN-003,VIN-2026383,EV,2026-08-03 06:30:35,30.59,False,False,False,False,False,
RUN-003,VIN-2026384,Sedan,2026-08-03 06:31:56,31.94,False,False,False,False,False,
RUN-003,VIN-2026385,Sedan,2026-08-03 06:33:24,33.42,False,False,False,False,False,
RUN-003,VIN-2026386,SUV,2026-08-03 06:34:33,34.56,False,False,False,False,False,
RUN-003,VIN-2026387,Sedan,2026-08-03 06:35:58,35.97,False,False,False,False,False,
RUN-003,VIN-2026388,Sedan,2026-08-03 06:37:18,37.31,False,False,False,False,False,
RUN-003,VIN-2026389,EV,2026-08-03 06:38:35,38.59,False,False,False,False,False,
RUN-003,VIN-2026390,Sedan,2026-08-03 06:40:02,40.03,False,False,False,False,False,
RUN-003,VIN-2026391,SUV,2026-08-03 06:41:18,41.31,False,False,False,False,False,
RUN-003,VIN-2026392,SUV,2026-08-03 06:42:41,42.69,False,False,False,False,False,
RUN-003,VIN-2026393,Sedan,2026-08-03 06:44:06,44.1,False,False,False,False,False,
RUN-003,VIN-2026394,SUV,2026-08-03 06:45:20,45.33,False,False,False,False,False,
RUN-003,VIN-2026395,EV,2026-08-03 06:46:39,46.66,False,False,False,False,False,
RUN-003,VIN-2026396,EV,2026-08-03 06:48:07,48.12,False,True,False,False,True,RUN003-EVT01
RUN-003,VIN-2026397,Sedan,2026-08-03 06:49:26,49.44,False,True,False,False,True,RUN003-EVT01
RUN-003,VIN-2026398,Sedan,2026-08-03 06:50:37,50.63,False,True,False,False,True,RUN003-EVT01
RUN-003,VIN-2026399,Sedan,2026-08-03 06:52:03,52.06,False,True,False,False,True,RUN003-EVT01
RUN-003,VIN-2026400,EV,2026-08-03 06:53:21,53.35,False,True,False,False,True,RUN003-EVT01
RUN-003,VIN-2026401,Sedan,2026-08-03 06:54:37,54.62,False,True,False,False,True,RUN003-EVT01
RUN-003,VIN-2026402,SUV,2026-08-03 06:55:56,55.94,False,True,False,False,True,RUN003-EVT01
RUN-003,VIN-2026403,Sedan,2026-08-03 06:57:18,57.31,False,True,False,False,True,RUN003-EVT01
RUN-003,VIN-2026404,Sedan,2026-08-03 06:58:35,58.6,False,True,False,False,True,RUN003-EVT01
RUN-003,VIN-2026405,SUV,2026-08-03 07:00:06,60.11,False,True,False,False,True,RUN003-EVT01
RUN-003,VIN-2026406,SUV,2026-08-03 07:01:20,61.34,False,True,False,False,True,RUN003-EVT01
RUN-003,VIN-2026407,SUV,2026-08-03 07:02:39,62.66,False,True,False,False,True,RUN003-EVT01
RUN-003,VIN-2026408,SUV,2026-08-03 07:03:53,63.9,False,True,False,False,True,RUN003-EVT01
RUN-003,VIN-2026409,SUV,2026-08-03 07:05:11,65.19,False,True,False,False,True,RUN003-EVT01
RUN-003,VIN-2026410,Sedan,2026-08-03 07:06:41,66.7,False,True,False,False,True,RUN003-EVT01
RUN-003,VIN-2026411,Sedan,2026-08-03 07:08:01,68.02,False,True,False,False,True,RUN003-EVT01
RUN-003,VIN-2026412,SUV,2026-08-03 07:09:12,69.21,False,True,False,False,True,RUN003-EVT01
RUN-003,VIN-2026413,Sedan,2026-08-03 07:10:48,70.81,False,True,False,False,True,RUN003-EVT01
RUN-003,VIN-2026414,Sedan,2026-08-03 07:11:51,71.86,False,True,False,False,True,RUN003-EVT01
RUN-003,VIN-2026415,Sedan,2026-08-03 07:13:27,73.46,False,True,False,False,True,RUN003-EVT01
RUN-003,VIN-2026416,EV,2026-08-03 07:14:35,74.6,False,True,False,False,True,RUN003-EVT01
RUN-003,VIN-2026417,EV,2026-08-03 07:15:55,75.93,False,True,False,False,True,RUN003-EVT01
RUN-003,VIN-2026418,Sedan,2026-08-03 07:17:23,77.39,False,True,False,False,True,RUN003-EVT01
RUN-003,VIN-2026419,SUV,2026-08-03 07:18:40,78.68,False,True,False,False,True,RUN003-EVT01
RUN-003,VIN-2026420,EV,2026-08-03 07:19:56,79.95,False,True,False,False,True,RUN003-EVT01
RUN-003,VIN-2026421,EV,2026-08-03 07:21:20,81.34,False,True,False,False,True,RUN003-EVT01
RUN-003,VIN-2026422,Sedan,2026-08-03 07:22:45,82.75,False,True,False,False,True,RUN003-EVT01
RUN-003,VIN-2026423,EV,2026-08-03 07:23:56,83.94,False,True,False,False,True,RUN003-EVT01
RUN-003,VIN-2026424,Sedan,2026-08-03 07:25:13,85.22,False,True,False,False,True,RUN003-EVT01
RUN-003,VIN-2026425,SUV,2026-08-03 07:26:41,86.69,False,True,False,False,True,RUN003-EVT01
RUN-003,VIN-2026426,Sedan,2026-08-03 07:28:02,88.05,False,True,False,False,True,RUN003-EVT01
RUN-003,VIN-2026427,Sedan,2026-08-03 07:29:21,89.36,False,True,False,False,True,RUN003-EVT01
RUN-003,VIN-2026428,SUV,2026-08-03 07:30:36,90.61,False,True,False,False,True,RUN003-EVT01
RUN-003,VIN-2026429,Sedan,2026-08-03 07:31:57,91.96,False,True,False,False,True,RUN003-EVT01
RUN-003,VIN-2026430,SUV,2026-08-03 07:33:25,93.43,False,True,False,False,True,RUN003-EVT01
RUN-003,VIN-2026431,EV,2026-08-03 07:34:31,94.53,False,True,False,False,True,RUN003-EVT01
RUN-003,VIN-2026432,Sedan,2026-08-03 07:35:59,96.0,False,True,False,False,True,RUN003-EVT01
RUN-003,VIN-2026433,SUV,2026-08-03 07:37:23,97.4,False,True,False,False,True,RUN003-EVT01
RUN-003,VIN-2026434,Sedan,2026-08-03 07:38:37,98.63,False,True,False,False,True,RUN003-EVT01
RUN-003,VIN-2026435,Sedan,2026-08-03 07:40:08,100.14,False,True,False,False,True,RUN003-EVT01
RUN-003,VIN-2026436,SUV,2026-08-03 07:41:21,101.36,False,True,False,False,True,RUN003-EVT01
RUN-003,VIN-2026437,Sedan,2026-08-03 07:42:41,102.7,False,False,False,False,False,
RUN-003,VIN-2026438,SUV,2026-08-03 07:44:01,104.03,False,False,False,False,False,
RUN-003,VIN-2026439,Sedan,2026-08-03 07:45:24,105.4,False,False,False,False,False,
RUN-003,VIN-2026440,SUV,2026-08-03 07:46:32,106.55,False,False,False,False,False,
RUN-003,VIN-2026441,SUV,2026-08-03 07:48:06,108.12,False,False,False,False,False,
RUN-003,VIN-2026442,Sedan,2026-08-03 07:49:14,109.25,False,False,False,False,False,
RUN-003,VIN-2026443,Sedan,2026-08-03 07:50:37,110.62,False,False,False,False,False,
RUN-003,VIN-2026444,SUV,2026-08-03 07:52:05,112.08,False,False,False,False,False,
RUN-003,VIN-2026445,SUV,2026-08-03 07:53:14,113.24,False,False,False,False,False,
RUN-003,VIN-2026446,Sedan,2026-08-03 07:54:34,114.58,False,False,False,False,False,
RUN-003,VIN-2026447,Sedan,2026-08-03 07:55:51,115.86,False,False,False,False,False,
RUN-003,VIN-2026448,SUV,2026-08-03 07:57:15,117.26,False,False,False,False,False,
RUN-003,VIN-2026449,EV,2026-08-03 07:58:40,118.68,False,False,False,False,False,
RUN-003,VIN-2026450,Sedan,2026-08-03 07:59:59,119.99,False,False,False,False,False,
RUN-003,VIN-2026451,SUV,2026-08-03 08:01:21,121.36,False,False,False,False,False,
RUN-003,VIN-2026452,SUV,2026-08-03 08:02:30,122.51,False,False,False,False,False,
RUN-003,VIN-2026453,Sedan,2026-08-03 08:03:58,123.98,False,False,False,False,False,
RUN-003,VIN-2026454,SUV,2026-08-03 08:05:17,125.3,False,False,False,False,False,
RUN-003,VIN-2026455,Sedan,2026-08-03 08:06:40,126.67,False,False,False,False,False,
RUN-003,VIN-2026456,Sedan,2026-08-03 08:08:07,128.13,False,False,False,False,False,
RUN-003,VIN-2026457,Sedan,2026-08-03 08:09:18,129.31,False,False,False,False,False,
RUN-003,VIN-2026458,Sedan,2026-08-03 08:10:43,130.73,False,False,False,False,False,
RUN-003,VIN-2026459,EV,2026-08-03 08:11:54,131.91,False,False,False,False,False,
RUN-003,VIN-2026460,Sedan,2026-08-03 08:13:15,133.26,False,False,False,False,False,
RUN-003,VIN-2026461,Sedan,2026-08-03 08:14:35,134.59,False,False,False,False,False,
RUN-003,VIN-2026462,Sedan,2026-08-03 08:16:00,136.01,False,False,False,False,False,
RUN-003,VIN-2026463,Sedan,2026-08-03 08:17:19,137.33,False,False,False,False,False,
RUN-003,VIN-2026464,EV,2026-08-03 08:18:32,138.55,False,False,False,False,False,
RUN-003,VIN-2026465,SUV,2026-08-03 08:20:02,140.04,False,False,False,False,False,
RUN-003,VIN-2026466,SUV,2026-08-03 08:21:20,141.34,False,False,False,False,False,
RUN-003,VIN-2026467,SUV,2026-08-03 08:22:49,142.83,False,False,False,False,False,
RUN-003,VIN-2026468,EV,2026-08-03 08:24:08,144.15,False,False,False,False,False,
RUN-003,VIN-2026469,Sedan,2026-08-03 08:25:15,145.26,False,False,False,False,False,
RUN-003,VIN-2026470,Sedan,2026-08-03 08:26:56,146.95,False,False,False,False,False,
RUN-003,VIN-2026471,SUV,2026-08-03 08:28:10,148.17,False,False,False,False,False,
RUN-003,VIN-2026472,SUV,2026-08-03 08:29:24,149.41,False,False,False,False,False,
RUN-003,VIN-2026473,EV,2026-08-03 08:30:37,150.62,False,False,False,False,False,
RUN-003,VIN-2026474,EV,2026-08-03 08:32:05,152.08,False,False,False,False,False,
RUN-003,VIN-2026475,Sedan,2026-08-03 08:33:24,153.41,False,False,False,False,False,
RUN-003,VIN-2026476,SUV,2026-08-03 08:34:34,154.58,False,False,False,False,False,
RUN-003,VIN-2026477,Sedan,2026-08-03 08:36:07,156.12,False,False,False,False,False,
RUN-003,VIN-2026478,SUV,2026-08-03 08:37:15,157.26,False,False,False,False,False,
RUN-003,VIN-2026479,Sedan,2026-08-03 08:38:47,158.79,False,False,False,False,False,
RUN-003,VIN-2026480,Sedan,2026-08-03 08:40:04,160.08,False,False,False,False,False,
RUN-003,VIN-2026481,SUV,2026-08-03 08:41:14,161.24,False,False,False,False,False,
RUN-003,VIN-2026482,Sedan,2026-08-03 08:42:36,162.6,False,False,False,False,False,
RUN-003,VIN-2026483,SUV,2026-08-03 08:43:50,163.84,False,False,False,False,False,
RUN-003,VIN-2026484,EV,2026-08-03 08:45:30,165.5,False,False,False,False,False,
RUN-003,VIN-2026485,Sedan,2026-08-03 08:46:46,166.78,False,False,False,False,False,
RUN-003,VIN-2026486,Sedan,2026-08-03 08:47:56,167.93,False,False,False,False,False,
RUN-003,VIN-2026487,SUV,2026-08-03 08:49:24,169.41,False,False,False,False,False,
RUN-003,VIN-2026488,Sedan,2026-08-03 08:50:31,170.52,False,False,False,False,False,
RUN-003,VIN-2026489,Sedan,2026-08-03 08:52:00,172.01,False,False,False,False,False,
RUN-003,VIN-2026490,Sedan,2026-08-03 08:53:26,173.44,False,False,False,False,False,
RUN-003,VIN-2026491,Sedan,2026-08-03 08:54:42,174.71,False,False,False,False,False,
RUN-003,VIN-2026492,Sedan,2026-08-03 08:55:51,175.86,False,False,False,False,False,
RUN-003,VIN-2026493,EV,2026-08-03 08:57:27,177.46,False,False,False,False,False,
RUN-003,VIN-2026494,Sedan,2026-08-03 08:58:34,178.58,False,False,False,False,False,
RUN-003,VIN-2026495,EV,2026-08-03 08:59:59,180.0,False,False,False,False,False,
RUN-003,VIN-2026496,Sedan,2026-08-03 09:01:26,181.44,False,False,False,False,False,
RUN-003,VIN-2026497,SUV,2026-08-03 09:02:32,182.54,False,False,False,False,False,
RUN-003,VIN-2026498,Sedan,2026-08-03 09:04:02,184.05,False,False,False,False,False,
RUN-003,VIN-2026499,EV,2026-08-03 09:05:19,185.33,False,False,False,False,False,
RUN-003,VIN-2026500,Sedan,2026-08-03 09:06:40,186.67,False,False,False,False,False,
RUN-003,VIN-2026501,SUV,2026-08-03 09:08:01,188.03,False,False,False,False,False,
RUN-003,VIN-2026502,Sedan,2026-08-03 09:09:25,189.43,False,False,False,False,False,
RUN-003,VIN-2026503,Sedan,2026-08-03 09:10:40,190.68,False,False,False,False,False,
RUN-003,VIN-2026504,SUV,2026-08-03 09:12:00,192.0,False,False,False,False,False,
RUN-003,VIN-2026505,SUV,2026-08-03 09:13:17,193.29,False,False,False,False,False,
RUN-003,VIN-2026506,Sedan,2026-08-03 09:14:49,194.82,False,False,False,False,False,
RUN-003,VIN-2026507,SUV,2026-08-03 09:16:05,196.1,False,False,False,False,False,
RUN-003,VIN-2026508,SUV,2026-08-03 09:17:12,197.2,False,False,False,False,False,
RUN-003,VIN-2026509,EV,2026-08-03 09:18:51,198.86,False,False,False,False,False,
RUN-003,VIN-2026510,EV,2026-08-03 09:19:56,199.94,False,False,False,False,False,
RUN-003,VIN-2026511,Sedan,2026-08-03 09:21:18,201.31,False,False,False,False,False,
RUN-003,VIN-2026512,EV,2026-08-03 09:22:35,202.59,False,False,False,False,False,
RUN-003,VIN-2026513,Sedan,2026-08-03 09:23:58,203.98,False,False,False,False,False,
RUN-003,VIN-2026514,Sedan,2026-08-03 09:25:16,205.27,False,False,False,False,False,
RUN-003,VIN-2026515,Sedan,2026-08-03 09:26:35,206.59,False,False,False,False,False,
RUN-003,VIN-2026516,Sedan,2026-08-03 09:28:01,208.02,False,False,False,False,False,
RUN-003,VIN-2026517,Sedan,2026-08-03 09:29:16,209.27,False,False,False,False,False,
RUN-003,VIN-2026518,Sedan,2026-08-03 09:30:36,210.61,False,False,False,False,False,
RUN-003,VIN-2026519,EV,2026-08-03 09:32:03,212.06,False,False,False,False,False,
RUN-003,VIN-2026520,SUV,2026-08-03 09:33:20,213.35,False,False,False,False,False,
RUN-003,VIN-2026521,Sedan,2026-08-03 09:34:39,214.66,False,False,False,False,False,
RUN-003,VIN-2026522,SUV,2026-08-03 09:36:07,216.13,False,False,False,False,False,
RUN-003,VIN-2026523,SUV,2026-08-03 09:37:22,217.38,False,False,False,False,False,
RUN-003,VIN-2026524,EV,2026-08-03 09:38:39,218.66,False,False,False,False,False,
RUN-003,VIN-2026525,Sedan,2026-08-03 09:40:03,220.06,False,False,False,False,False,
RUN-003,VIN-2026526,Sedan,2026-08-03 09:41:32,221.54,False,False,False,False,False,
RUN-003,VIN-2026527,SUV,2026-08-03 09:42:41,222.69,False,False,False,False,False,
RUN-003,VIN-2026528,Sedan,2026-08-03 09:44:03,224.06,False,False,False,False,False,
RUN-003,VIN-2026529,Sedan,2026-08-03 09:45:24,225.41,False,False,False,False,False,
RUN-003,VIN-2026530,EV,2026-08-03 09:46:39,226.66,False,False,False,False,False,
RUN-003,VIN-2026531,SUV,2026-08-03 09:47:55,227.93,False,False,False,False,False,
RUN-003,VIN-2026532,Sedan,2026-08-03 09:49:20,229.34,False,False,False,False,False,
RUN-003,VIN-2026533,Sedan,2026-08-03 09:50:43,230.73,False,False,False,False,False,
RUN-003,VIN-2026534,SUV,2026-08-03 09:52:08,232.14,False,False,False,False,False,
RUN-003,VIN-2026535,SUV,2026-08-03 09:53:21,233.35,False,False,False,False,False,
RUN-003,VIN-2026536,Sedan,2026-08-03 09:54:37,234.62,False,False,False,False,False,
RUN-003,VIN-2026537,EV,2026-08-03 09:56:03,236.06,False,False,False,False,False,
RUN-003,VIN-2026538,SUV,2026-08-03 09:57:11,237.18,False,False,False,False,False,
RUN-003,VIN-2026539,Sedan,2026-08-03 09:58:36,238.61,False,False,False,False,False,
RUN-004,VIN-2026540,EV,2026-08-04 06:00:12,0.2,False,False,False,False,False,
RUN-004,VIN-2026541,Sedan,2026-08-04 06:01:22,1.38,False,False,False,False,False,
RUN-004,VIN-2026542,Sedan,2026-08-04 06:02:55,2.92,False,False,False,False,False,
RUN-004,VIN-2026543,SUV,2026-08-04 06:04:00,4.01,False,False,False,False,False,
RUN-004,VIN-2026544,EV,2026-08-04 06:05:15,5.27,False,False,False,False,False,
RUN-004,VIN-2026545,Sedan,2026-08-04 06:06:41,6.68,False,False,False,False,False,
RUN-004,VIN-2026546,SUV,2026-08-04 06:07:56,7.94,False,False,False,False,False,
RUN-004,VIN-2026547,EV,2026-08-04 06:09:23,9.4,False,False,False,False,False,
RUN-004,VIN-2026548,SUV,2026-08-04 06:10:30,10.52,False,False,False,False,False,
RUN-004,VIN-2026549,EV,2026-08-04 06:11:47,11.79,False,False,False,False,False,
RUN-004,VIN-2026550,EV,2026-08-04 06:13:15,13.26,False,False,False,False,False,
RUN-004,VIN-2026551,SUV,2026-08-04 06:14:40,14.67,False,False,False,False,False,
RUN-004,VIN-2026552,SUV,2026-08-04 06:15:58,15.98,False,False,False,False,False,
RUN-004,VIN-2026553,Sedan,2026-08-04 06:17:15,17.25,False,False,False,False,False,
RUN-004,VIN-2026554,SUV,2026-08-04 06:18:35,18.6,False,False,False,False,False,
RUN-004,VIN-2026555,SUV,2026-08-04 06:19:53,19.89,False,False,False,False,False,
RUN-004,VIN-2026556,SUV,2026-08-04 06:21:26,21.44,False,False,False,False,False,
RUN-004,VIN-2026557,Sedan,2026-08-04 06:22:37,22.62,False,False,False,False,False,
RUN-004,VIN-2026558,Sedan,2026-08-04 06:24:01,24.03,False,False,False,False,False,
RUN-004,VIN-2026559,Sedan,2026-08-04 06:25:17,25.29,False,False,False,False,False,
RUN-004,VIN-2026560,Sedan,2026-08-04 06:26:42,26.7,False,False,False,False,False,
RUN-004,VIN-2026561,Sedan,2026-08-04 06:27:58,27.97,False,False,False,False,False,
RUN-004,VIN-2026562,Sedan,2026-08-04 06:29:14,29.24,False,False,False,False,False,
RUN-004,VIN-2026563,Sedan,2026-08-04 06:30:45,30.76,False,False,False,False,False,
RUN-004,VIN-2026564,SUV,2026-08-04 06:31:55,31.93,False,False,False,False,False,
RUN-004,VIN-2026565,SUV,2026-08-04 06:33:16,33.27,False,False,False,False,False,
RUN-004,VIN-2026566,SUV,2026-08-04 06:34:33,34.56,False,False,False,False,False,
RUN-004,VIN-2026567,Sedan,2026-08-04 06:36:01,36.02,False,False,False,False,False,
RUN-004,VIN-2026568,Sedan,2026-08-04 06:37:22,37.38,False,False,False,False,False,
RUN-004,VIN-2026569,Sedan,2026-08-04 06:38:36,38.6,False,False,False,False,False,
RUN-004,VIN-2026570,SUV,2026-08-04 06:40:02,40.04,False,False,False,False,False,
RUN-004,VIN-2026571,Sedan,2026-08-04 06:41:19,41.32,False,False,False,False,False,
RUN-004,VIN-2026572,Sedan,2026-08-04 06:42:31,42.52,False,False,False,False,False,
RUN-004,VIN-2026573,Sedan,2026-08-04 06:43:52,43.88,False,False,False,False,False,
RUN-004,VIN-2026574,EV,2026-08-04 06:45:33,45.56,False,False,False,False,False,
RUN-004,VIN-2026575,EV,2026-08-04 06:46:49,46.83,False,False,False,False,False,
RUN-004,VIN-2026576,EV,2026-08-04 06:47:58,47.97,False,False,False,False,False,
RUN-004,VIN-2026577,Sedan,2026-08-04 06:49:21,49.36,False,False,False,False,False,
RUN-004,VIN-2026578,EV,2026-08-04 06:50:46,50.77,False,False,False,False,False,
RUN-004,VIN-2026579,EV,2026-08-04 06:51:55,51.93,False,False,False,False,False,
RUN-004,VIN-2026580,SUV,2026-08-04 06:53:16,53.27,False,False,False,False,False,
RUN-004,VIN-2026581,Sedan,2026-08-04 06:54:40,54.68,False,False,False,False,False,
RUN-004,VIN-2026582,Sedan,2026-08-04 06:55:56,55.95,False,False,False,False,False,
RUN-004,VIN-2026583,EV,2026-08-04 06:57:16,57.27,False,False,False,False,False,
RUN-004,VIN-2026584,EV,2026-08-04 06:58:35,58.58,False,False,False,False,False,
RUN-004,VIN-2026585,Sedan,2026-08-04 06:59:59,59.99,False,False,False,False,False,
RUN-004,VIN-2026586,Sedan,2026-08-04 07:01:21,61.37,False,False,False,False,False,
RUN-004,VIN-2026587,Sedan,2026-08-04 07:02:41,62.69,False,False,False,False,False,
RUN-004,VIN-2026588,Sedan,2026-08-04 07:03:59,64.0,False,False,False,False,False,
RUN-004,VIN-2026589,SUV,2026-08-04 07:05:19,65.32,False,False,False,False,False,
RUN-004,VIN-2026590,EV,2026-08-04 07:06:47,66.79,False,False,False,False,False,
RUN-004,VIN-2026591,EV,2026-08-04 07:08:06,68.11,False,False,False,False,False,
RUN-004,VIN-2026592,EV,2026-08-04 07:09:19,69.32,False,False,False,False,False,
RUN-004,VIN-2026593,Sedan,2026-08-04 07:10:35,70.59,False,False,False,False,False,
RUN-004,VIN-2026594,SUV,2026-08-04 07:11:54,71.91,False,False,False,False,False,
RUN-004,VIN-2026595,Sedan,2026-08-04 07:13:21,73.35,False,False,False,False,False,
RUN-004,VIN-2026596,Sedan,2026-08-04 07:14:42,74.7,False,False,False,False,False,
RUN-004,VIN-2026597,SUV,2026-08-04 07:16:00,76.01,False,False,False,False,False,
RUN-004,VIN-2026598,SUV,2026-08-04 07:17:17,77.3,False,False,False,False,False,
RUN-004,VIN-2026599,Sedan,2026-08-04 07:18:49,78.82,False,False,False,False,False,
RUN-004,VIN-2026600,EV,2026-08-04 07:20:06,80.11,False,False,False,False,False,
RUN-004,VIN-2026601,SUV,2026-08-04 07:21:33,81.55,False,False,False,False,False,
RUN-004,VIN-2026602,EV,2026-08-04 07:22:38,82.64,False,False,False,False,False,
RUN-004,VIN-2026603,EV,2026-08-04 07:24:09,84.16,False,False,False,False,False,
RUN-004,VIN-2026604,EV,2026-08-04 07:25:15,85.26,False,False,False,False,False,
RUN-004,VIN-2026605,Sedan,2026-08-04 07:26:43,86.73,False,False,False,False,False,
RUN-004,VIN-2026606,EV,2026-08-04 07:28:01,88.03,False,False,False,False,False,
RUN-004,VIN-2026607,SUV,2026-08-04 07:29:20,89.34,False,False,False,False,False,
RUN-004,VIN-2026608,Sedan,2026-08-04 07:30:30,90.51,False,False,False,False,False,
RUN-004,VIN-2026609,Sedan,2026-08-04 07:32:09,92.16,False,False,False,False,False,
RUN-004,VIN-2026610,SUV,2026-08-04 07:33:23,93.39,False,False,False,False,False,
RUN-004,VIN-2026611,SUV,2026-08-04 07:34:40,94.68,False,False,False,False,False,
RUN-004,VIN-2026612,SUV,2026-08-04 07:36:01,96.02,False,False,False,False,False,
RUN-004,VIN-2026613,SUV,2026-08-04 07:37:20,97.34,False,False,False,False,False,
RUN-004,VIN-2026614,Sedan,2026-08-04 07:38:43,98.72,False,False,False,False,False,
RUN-004,VIN-2026615,Sedan,2026-08-04 07:39:52,99.88,False,False,False,False,False,
RUN-004,VIN-2026616,EV,2026-08-04 07:41:24,101.42,False,False,False,False,False,
RUN-004,VIN-2026617,EV,2026-08-04 07:42:41,102.69,False,False,False,False,False,
RUN-004,VIN-2026618,SUV,2026-08-04 07:44:09,104.16,False,False,False,False,False,
RUN-004,VIN-2026619,Sedan,2026-08-04 07:45:22,105.38,False,False,False,False,False,
RUN-004,VIN-2026620,Sedan,2026-08-04 07:46:34,106.57,False,False,False,False,False,
RUN-004,VIN-2026621,Sedan,2026-08-04 07:47:49,107.83,False,False,False,False,False,
RUN-004,VIN-2026622,Sedan,2026-08-04 07:49:20,109.34,False,False,False,False,False,
RUN-004,VIN-2026623,SUV,2026-08-04 07:50:42,110.71,False,False,False,False,False,
RUN-004,VIN-2026624,Sedan,2026-08-04 07:51:57,111.96,False,False,False,False,False,
RUN-004,VIN-2026625,Sedan,2026-08-04 07:53:25,113.42,False,False,False,False,False,
RUN-004,VIN-2026626,Sedan,2026-08-04 07:54:34,114.57,False,False,False,False,False,
RUN-004,VIN-2026627,Sedan,2026-08-04 07:56:07,116.12,False,False,False,False,False,
RUN-004,VIN-2026628,Sedan,2026-08-04 07:57:15,117.25,False,False,False,False,False,
RUN-004,VIN-2026629,Sedan,2026-08-04 07:58:35,118.59,False,False,False,False,False,
RUN-004,VIN-2026630,Sedan,2026-08-04 07:59:57,119.96,False,False,False,False,False,
RUN-004,VIN-2026631,SUV,2026-08-04 08:01:20,121.34,False,False,False,False,False,
RUN-004,VIN-2026632,EV,2026-08-04 08:02:45,122.76,False,False,False,False,False,
RUN-004,VIN-2026633,Sedan,2026-08-04 08:03:57,123.96,False,False,False,False,False,
RUN-004,VIN-2026634,Sedan,2026-08-04 08:05:14,125.25,False,False,False,False,False,
RUN-004,VIN-2026635,Sedan,2026-08-04 08:06:44,126.75,False,False,False,False,False,
RUN-004,VIN-2026636,EV,2026-08-04 08:07:58,127.97,False,False,False,False,False,
RUN-004,VIN-2026637,SUV,2026-08-04 08:09:19,129.33,False,False,False,False,False,
RUN-004,VIN-2026638,Sedan,2026-08-04 08:10:37,130.63,False,False,False,False,False,
RUN-004,VIN-2026639,SUV,2026-08-04 08:12:06,132.11,False,False,False,False,False,
RUN-004,VIN-2026640,SUV,2026-08-04 08:13:28,133.47,False,False,False,False,False,
RUN-004,VIN-2026641,Sedan,2026-08-04 08:14:50,134.84,False,False,False,False,False,
RUN-004,VIN-2026642,Sedan,2026-08-04 08:15:55,135.93,False,False,False,False,False,
RUN-004,VIN-2026643,Sedan,2026-08-04 08:17:13,137.23,False,False,False,False,False,
RUN-004,VIN-2026644,EV,2026-08-04 08:18:37,138.62,False,False,False,False,False,
RUN-004,VIN-2026645,EV,2026-08-04 08:20:06,140.1,False,False,False,False,False,
RUN-004,VIN-2026646,SUV,2026-08-04 08:21:17,141.3,False,False,False,False,False,
RUN-004,VIN-2026647,SUV,2026-08-04 08:22:44,142.75,False,False,False,False,False,
RUN-004,VIN-2026648,SUV,2026-08-04 08:23:55,143.93,False,False,False,False,False,
RUN-004,VIN-2026649,Sedan,2026-08-04 08:25:17,145.28,False,False,False,False,False,
RUN-004,VIN-2026650,Sedan,2026-08-04 08:26:33,146.57,False,False,False,False,False,
RUN-004,VIN-2026651,Sedan,2026-08-04 08:28:07,148.12,False,False,False,False,False,
RUN-004,VIN-2026652,Sedan,2026-08-04 08:29:16,149.27,False,False,False,False,False,
RUN-004,VIN-2026653,SUV,2026-08-04 08:30:35,150.6,False,False,False,False,False,
RUN-004,VIN-2026654,Sedan,2026-08-04 08:31:55,151.93,False,False,False,False,False,
RUN-004,VIN-2026655,EV,2026-08-04 08:33:17,153.29,False,False,False,False,False,
RUN-004,VIN-2026656,SUV,2026-08-04 08:34:43,154.73,False,False,False,False,False,
RUN-004,VIN-2026657,SUV,2026-08-04 08:35:59,155.99,False,False,False,False,False,
RUN-004,VIN-2026658,EV,2026-08-04 08:37:14,157.24,False,False,False,False,False,
RUN-004,VIN-2026659,Sedan,2026-08-04 08:38:37,158.62,False,False,False,False,False,
RUN-004,VIN-2026660,SUV,2026-08-04 08:39:55,159.93,False,False,False,False,False,
RUN-004,VIN-2026661,Sedan,2026-08-04 08:41:11,161.19,False,False,False,False,False,
RUN-004,VIN-2026662,SUV,2026-08-04 08:42:34,162.58,False,False,False,False,False,
RUN-004,VIN-2026663,Sedan,2026-08-04 08:43:55,163.92,False,False,False,False,False,
RUN-004,VIN-2026664,SUV,2026-08-04 08:45:21,165.35,False,False,False,False,False,
RUN-004,VIN-2026665,Sedan,2026-08-04 08:46:44,166.73,False,False,False,False,False,
RUN-004,VIN-2026666,Sedan,2026-08-04 08:48:02,168.05,False,False,False,False,False,
RUN-004,VIN-2026667,Sedan,2026-08-04 08:49:27,169.46,False,False,False,False,False,
RUN-004,VIN-2026668,SUV,2026-08-04 08:50:41,170.68,False,False,False,False,False,
RUN-004,VIN-2026669,Sedan,2026-08-04 08:51:59,171.99,False,False,False,False,False,
RUN-004,VIN-2026670,SUV,2026-08-04 08:53:25,173.43,False,False,False,False,False,
RUN-004,VIN-2026671,SUV,2026-08-04 08:54:39,174.67,False,False,False,False,False,
RUN-004,VIN-2026672,SUV,2026-08-04 08:55:55,175.93,False,False,False,False,False,
RUN-004,VIN-2026673,Sedan,2026-08-04 08:57:17,177.29,False,False,False,False,False,
RUN-004,VIN-2026674,Sedan,2026-08-04 08:58:44,178.74,False,False,False,False,False,
RUN-004,VIN-2026675,Sedan,2026-08-04 08:59:48,179.81,False,False,False,False,False,
RUN-004,VIN-2026676,SUV,2026-08-04 09:01:22,181.38,False,False,False,False,False,
RUN-004,VIN-2026677,Sedan,2026-08-04 09:02:31,182.52,False,False,False,False,False,
RUN-004,VIN-2026678,Sedan,2026-08-04 09:03:59,183.98,False,False,False,False,False,
RUN-004,VIN-2026679,SUV,2026-08-04 09:05:14,185.25,False,False,False,False,False,
RUN-004,VIN-2026680,Sedan,2026-08-04 09:06:36,186.61,False,False,False,False,False,
RUN-004,VIN-2026681,SUV,2026-08-04 09:08:05,188.1,False,False,False,False,False,
RUN-004,VIN-2026682,Sedan,2026-08-04 09:09:19,189.33,False,False,False,False,False,
RUN-004,VIN-2026683,Sedan,2026-08-04 09:10:40,190.68,False,False,False,False,False,
RUN-004,VIN-2026684,SUV,2026-08-04 09:12:02,192.04,False,False,False,False,False,
RUN-004,VIN-2026685,EV,2026-08-04 09:13:15,193.25,False,False,False,False,False,
RUN-004,VIN-2026686,SUV,2026-08-04 09:14:38,194.65,False,False,False,False,False,
RUN-004,VIN-2026687,SUV,2026-08-04 09:16:02,196.05,False,False,False,False,False,
RUN-004,VIN-2026688,Sedan,2026-08-04 09:17:24,197.41,False,False,False,False,False,
RUN-004,VIN-2026689,SUV,2026-08-04 09:18:36,198.6,False,False,False,False,False,
RUN-004,VIN-2026690,SUV,2026-08-04 09:19:55,199.93,False,False,False,False,False,
RUN-004,VIN-2026691,Sedan,2026-08-04 09:21:19,201.32,False,False,False,False,False,
RUN-004,VIN-2026692,SUV,2026-08-04 09:22:43,202.73,False,False,False,False,False,
RUN-004,VIN-2026693,Sedan,2026-08-04 09:24:03,204.05,False,False,False,False,False,
RUN-004,VIN-2026694,SUV,2026-08-04 09:25:19,205.32,False,False,False,False,False,
RUN-004,VIN-2026695,SUV,2026-08-04 09:26:41,206.69,False,False,False,False,False,
RUN-004,VIN-2026696,Sedan,2026-08-04 09:28:00,208.01,False,False,False,False,False,
RUN-004,VIN-2026697,Sedan,2026-08-04 09:29:26,209.44,False,False,False,False,False,
RUN-004,VIN-2026698,SUV,2026-08-04 09:30:37,210.63,False,False,False,False,False,
RUN-004,VIN-2026699,Sedan,2026-08-04 09:31:55,211.93,False,False,False,False,False,
RUN-004,VIN-2026700,SUV,2026-08-04 09:33:14,213.24,False,False,False,False,False,
RUN-004,VIN-2026701,Sedan,2026-08-04 09:34:47,214.8,False,False,False,False,False,
RUN-004,VIN-2026702,SUV,2026-08-04 09:36:00,216.02,False,False,False,False,False,
RUN-004,VIN-2026703,Sedan,2026-08-04 09:37:22,217.38,False,False,False,False,False,
RUN-004,VIN-2026704,Sedan,2026-08-04 09:38:44,218.73,False,False,False,False,False,
RUN-004,VIN-2026705,EV,2026-08-04 09:40:01,220.02,False,False,False,False,False,
RUN-004,VIN-2026706,Sedan,2026-08-04 09:41:18,221.31,False,False,False,False,False,
RUN-004,VIN-2026707,EV,2026-08-04 09:42:38,222.64,False,False,False,False,False,
RUN-004,VIN-2026708,Sedan,2026-08-04 09:44:03,224.05,False,False,False,False,False,
RUN-004,VIN-2026709,SUV,2026-08-04 09:45:21,225.37,False,False,False,False,False,
RUN-004,VIN-2026710,EV,2026-08-04 09:46:38,226.64,False,False,False,False,False,
RUN-004,VIN-2026711,SUV,2026-08-04 09:47:56,227.93,False,False,False,False,False,
RUN-004,VIN-2026712,Sedan,2026-08-04 09:49:16,229.28,False,False,False,False,False,
RUN-004,VIN-2026713,SUV,2026-08-04 09:50:42,230.71,False,False,False,False,False,
RUN-004,VIN-2026714,Sedan,2026-08-04 09:52:01,232.03,False,False,False,False,False,
RUN-004,VIN-2026715,Sedan,2026-08-04 09:53:29,233.5,False,False,False,False,False,
RUN-004,VIN-2026716,Sedan,2026-08-04 09:54:41,234.7,False,False,False,False,False,
RUN-004,VIN-2026717,Sedan,2026-08-04 09:56:06,236.12,False,False,False,False,False,
RUN-004,VIN-2026718,SUV,2026-08-04 09:57:17,237.3,False,False,False,False,False,
RUN-004,VIN-2026719,SUV,2026-08-04 09:58:34,238.58,False,False,False,False,False,
RUN-005,VIN-2026720,SUV,2026-08-05 06:00:04,0.07,False,False,False,False,False,
RUN-005,VIN-2026721,EV,2026-08-05 06:01:20,1.35,False,False,False,False,False,
RUN-005,VIN-2026722,Sedan,2026-08-05 06:02:47,2.8,False,False,False,False,False,
RUN-005,VIN-2026723,SUV,2026-08-05 06:03:52,3.87,False,False,False,False,False,
RUN-005,VIN-2026724,Sedan,2026-08-05 06:05:17,5.29,False,False,False,False,False,
RUN-005,VIN-2026725,SUV,2026-08-05 06:06:45,6.76,False,False,False,False,False,
RUN-005,VIN-2026726,SUV,2026-08-05 06:08:07,8.13,False,False,False,False,False,
RUN-005,VIN-2026727,Sedan,2026-08-05 06:09:14,9.24,False,False,False,False,False,
RUN-005,VIN-2026728,SUV,2026-08-05 06:10:46,10.77,False,False,False,False,False,
RUN-005,VIN-2026729,SUV,2026-08-05 06:12:00,12.01,False,False,False,False,False,
RUN-005,VIN-2026730,SUV,2026-08-05 06:13:18,13.31,False,False,False,False,False,
RUN-005,VIN-2026731,Sedan,2026-08-05 06:14:45,14.76,False,False,False,False,False,
RUN-005,VIN-2026732,EV,2026-08-05 06:15:56,15.94,False,False,False,False,False,
RUN-005,VIN-2026733,Sedan,2026-08-05 06:17:19,17.32,False,False,False,False,False,
RUN-005,VIN-2026734,EV,2026-08-05 06:18:48,18.81,False,False,False,False,False,
RUN-005,VIN-2026735,SUV,2026-08-05 06:20:09,20.15,False,False,False,False,False,
RUN-005,VIN-2026736,Sedan,2026-08-05 06:21:30,21.51,False,False,False,False,False,
RUN-005,VIN-2026737,Sedan,2026-08-05 06:22:32,22.54,False,False,False,False,False,
RUN-005,VIN-2026738,Sedan,2026-08-05 06:23:54,23.91,False,False,False,False,False,
RUN-005,VIN-2026739,SUV,2026-08-05 06:25:22,25.37,False,False,False,False,False,
RUN-005,VIN-2026740,Sedan,2026-08-05 06:26:35,26.59,False,False,False,False,False,
RUN-005,VIN-2026741,Sedan,2026-08-05 06:27:45,27.76,False,False,False,False,False,
RUN-005,VIN-2026742,EV,2026-08-05 06:29:21,29.36,False,False,False,False,False,
RUN-005,VIN-2026743,SUV,2026-08-05 06:30:43,30.73,False,False,False,False,False,
RUN-005,VIN-2026744,EV,2026-08-05 06:32:01,32.02,False,False,False,False,False,
RUN-005,VIN-2026745,SUV,2026-08-05 06:33:21,33.37,False,False,False,False,False,
RUN-005,VIN-2026746,Sedan,2026-08-05 06:34:41,34.68,False,False,False,False,False,
RUN-005,VIN-2026747,SUV,2026-08-05 06:35:58,35.97,False,False,False,False,False,
RUN-005,VIN-2026748,SUV,2026-08-05 06:37:21,37.36,False,False,False,False,False,
RUN-005,VIN-2026749,EV,2026-08-05 06:38:42,38.71,False,False,False,False,False,
RUN-005,VIN-2026750,Sedan,2026-08-05 06:40:07,40.12,False,False,False,False,False,
RUN-005,VIN-2026751,Sedan,2026-08-05 06:41:23,41.38,False,False,False,False,False,
RUN-005,VIN-2026752,EV,2026-08-05 06:42:43,42.73,False,False,False,False,False,
RUN-005,VIN-2026753,SUV,2026-08-05 06:43:52,43.87,False,False,False,False,False,
RUN-005,VIN-2026754,Sedan,2026-08-05 06:45:13,45.23,False,False,False,False,False,
RUN-005,VIN-2026755,Sedan,2026-08-05 06:46:39,46.66,False,False,False,False,False,
RUN-005,VIN-2026756,Sedan,2026-08-05 06:48:04,48.07,False,False,False,False,False,
RUN-005,VIN-2026757,EV,2026-08-05 06:49:19,49.33,False,False,False,False,False,
RUN-005,VIN-2026758,Sedan,2026-08-05 06:50:37,50.63,False,False,False,False,False,
RUN-005,VIN-2026759,Sedan,2026-08-05 06:52:02,52.04,False,False,False,False,False,
RUN-005,VIN-2026760,SUV,2026-08-05 06:53:22,53.38,False,False,False,False,False,
RUN-005,VIN-2026761,Sedan,2026-08-05 06:54:33,54.55,False,False,False,False,False,
RUN-005,VIN-2026762,SUV,2026-08-05 06:56:04,56.08,False,False,False,False,False,
RUN-005,VIN-2026763,EV,2026-08-05 06:57:15,57.25,False,False,False,False,False,
RUN-005,VIN-2026764,EV,2026-08-05 06:58:39,58.66,False,False,False,False,False,
RUN-005,VIN-2026765,Sedan,2026-08-05 07:00:01,60.02,False,False,False,False,False,
RUN-005,VIN-2026766,Sedan,2026-08-05 07:01:10,61.17,False,False,False,False,False,
RUN-005,VIN-2026767,Sedan,2026-08-05 07:02:49,62.83,False,False,False,False,False,
RUN-005,VIN-2026768,SUV,2026-08-05 07:03:56,63.95,False,False,False,False,False,
RUN-005,VIN-2026769,Sedan,2026-08-05 07:05:27,65.45,False,False,False,False,False,
RUN-005,VIN-2026770,SUV,2026-08-05 07:06:42,66.72,False,True,False,False,True,RUN005-EVT01
RUN-005,VIN-2026771,SUV,2026-08-05 07:08:02,68.05,False,True,False,False,True,RUN005-EVT01
RUN-005,VIN-2026772,Sedan,2026-08-05 07:09:21,69.36,False,True,False,False,True,RUN005-EVT01
RUN-005,VIN-2026773,Sedan,2026-08-05 07:10:42,70.7,False,True,False,False,True,RUN005-EVT01
RUN-005,VIN-2026774,SUV,2026-08-05 07:11:57,71.96,False,True,False,False,True,RUN005-EVT01
RUN-005,VIN-2026775,Sedan,2026-08-05 07:13:11,73.19,False,True,False,False,True,RUN005-EVT01
RUN-005,VIN-2026776,EV,2026-08-05 07:14:32,74.55,False,True,False,False,True,RUN005-EVT01
RUN-005,VIN-2026777,Sedan,2026-08-05 07:16:10,76.18,False,True,False,False,True,RUN005-EVT01
RUN-005,VIN-2026778,SUV,2026-08-05 07:17:14,77.24,False,True,False,False,True,RUN005-EVT01
RUN-005,VIN-2026779,SUV,2026-08-05 07:18:39,78.66,False,True,False,False,True,RUN005-EVT01
RUN-005,VIN-2026780,EV,2026-08-05 07:19:59,79.99,False,True,False,False,True,RUN005-EVT01
RUN-005,VIN-2026781,SUV,2026-08-05 07:21:20,81.34,False,True,False,False,True,RUN005-EVT01
RUN-005,VIN-2026782,EV,2026-08-05 07:22:38,82.64,False,True,False,False,True,RUN005-EVT01
RUN-005,VIN-2026783,SUV,2026-08-05 07:23:59,84.0,False,True,False,False,True,RUN005-EVT01
RUN-005,VIN-2026784,EV,2026-08-05 07:25:24,85.41,False,True,False,False,True,RUN005-EVT01
RUN-005,VIN-2026785,Sedan,2026-08-05 07:26:34,86.58,False,True,False,False,True,RUN005-EVT01
RUN-005,VIN-2026786,Sedan,2026-08-05 07:28:01,88.02,False,True,False,False,True,RUN005-EVT01
RUN-005,VIN-2026787,SUV,2026-08-05 07:29:23,89.4,False,True,False,False,True,RUN005-EVT01
RUN-005,VIN-2026788,Sedan,2026-08-05 07:30:35,90.6,False,True,False,False,True,RUN005-EVT01
RUN-005,VIN-2026789,SUV,2026-08-05 07:31:53,91.89,False,True,False,False,True,RUN005-EVT01
RUN-005,VIN-2026790,SUV,2026-08-05 07:33:24,93.4,False,True,False,False,True,RUN005-EVT01
RUN-005,VIN-2026791,SUV,2026-08-05 07:34:38,94.64,False,True,False,False,True,RUN005-EVT01
RUN-005,VIN-2026792,Sedan,2026-08-05 07:35:57,95.96,False,True,False,False,True,RUN005-EVT01
RUN-005,VIN-2026793,EV,2026-08-05 07:37:15,97.26,False,True,False,False,True,RUN005-EVT01
RUN-005,VIN-2026794,EV,2026-08-05 07:38:43,98.73,False,True,False,False,True,RUN005-EVT01
RUN-005,VIN-2026795,EV,2026-08-05 07:40:01,100.03,False,True,False,False,True,RUN005-EVT01
RUN-005,VIN-2026796,Sedan,2026-08-05 07:41:17,101.3,False,True,False,False,True,RUN005-EVT01
RUN-005,VIN-2026797,SUV,2026-08-05 07:42:38,102.64,False,True,False,False,True,RUN005-EVT01
RUN-005,VIN-2026798,Sedan,2026-08-05 07:44:05,104.09,False,True,False,False,True,RUN005-EVT01
RUN-005,VIN-2026799,EV,2026-08-05 07:45:19,105.33,False,True,False,False,True,RUN005-EVT01
RUN-005,VIN-2026800,Sedan,2026-08-05 07:46:38,106.64,False,True,False,False,True,RUN005-EVT01
RUN-005,VIN-2026801,SUV,2026-08-05 07:47:57,107.95,False,True,False,False,True,RUN005-EVT01
RUN-005,VIN-2026802,Sedan,2026-08-05 07:49:20,109.35,False,True,False,False,True,RUN005-EVT01
RUN-005,VIN-2026803,EV,2026-08-05 07:50:42,110.7,False,True,False,False,True,RUN005-EVT01
RUN-005,VIN-2026804,Sedan,2026-08-05 07:52:06,112.1,False,True,False,False,True,RUN005-EVT01
RUN-005,VIN-2026805,SUV,2026-08-05 07:53:19,113.32,False,True,False,False,True,RUN005-EVT01
RUN-005,VIN-2026806,Sedan,2026-08-05 07:54:45,114.75,False,True,False,False,True,RUN005-EVT01
RUN-005,VIN-2026807,EV,2026-08-05 07:56:02,116.04,False,False,False,False,False,
RUN-005,VIN-2026808,SUV,2026-08-05 07:57:22,117.37,False,False,False,False,False,
RUN-005,VIN-2026809,Sedan,2026-08-05 07:58:45,118.75,False,False,False,False,False,
RUN-005,VIN-2026810,Sedan,2026-08-05 07:59:56,119.94,False,False,False,False,False,
RUN-005,VIN-2026811,Sedan,2026-08-05 08:01:23,121.39,False,False,False,False,False,
RUN-005,VIN-2026812,EV,2026-08-05 08:02:33,122.55,False,False,False,False,False,
RUN-005,VIN-2026813,Sedan,2026-08-05 08:03:58,123.97,False,False,False,False,False,
RUN-005,VIN-2026814,SUV,2026-08-05 08:05:26,125.43,False,False,False,False,False,
RUN-005,VIN-2026815,SUV,2026-08-05 08:06:42,126.71,False,False,False,False,False,
RUN-005,VIN-2026816,SUV,2026-08-05 08:08:01,128.02,False,False,False,False,False,
RUN-005,VIN-2026817,Sedan,2026-08-05 08:09:15,129.25,False,False,False,False,False,
RUN-005,VIN-2026818,Sedan,2026-08-05 08:10:33,130.56,False,False,False,False,False,
RUN-005,VIN-2026819,Sedan,2026-08-05 08:11:59,132.0,False,False,False,False,False,
RUN-005,VIN-2026820,Sedan,2026-08-05 08:13:26,133.45,False,False,False,False,False,
RUN-005,VIN-2026821,Sedan,2026-08-05 08:14:38,134.64,False,False,False,False,False,
RUN-005,VIN-2026822,EV,2026-08-05 08:15:57,135.95,False,False,False,False,False,
RUN-005,VIN-2026823,SUV,2026-08-05 08:17:19,137.33,False,False,False,False,False,
RUN-005,VIN-2026824,Sedan,2026-08-05 08:18:30,138.5,False,False,False,False,False,
RUN-005,VIN-2026825,SUV,2026-08-05 08:20:01,140.03,False,False,False,False,False,
RUN-005,VIN-2026826,Sedan,2026-08-05 08:21:22,141.38,False,False,False,False,False,
RUN-005,VIN-2026827,EV,2026-08-05 08:22:37,142.62,False,False,False,False,False,
RUN-005,VIN-2026828,SUV,2026-08-05 08:24:01,144.02,False,False,False,False,False,
RUN-005,VIN-2026829,SUV,2026-08-05 08:25:20,145.33,False,False,False,False,False,
RUN-005,VIN-2026830,Sedan,2026-08-05 08:26:46,146.78,False,False,False,False,False,
RUN-005,VIN-2026831,Sedan,2026-08-05 08:27:54,147.9,False,False,False,False,False,
RUN-005,VIN-2026832,Sedan,2026-08-05 08:29:28,149.47,False,False,False,False,False,
RUN-005,VIN-2026833,Sedan,2026-08-05 08:30:31,150.52,False,False,False,False,False,
RUN-005,VIN-2026834,SUV,2026-08-05 08:31:56,151.93,False,False,False,False,False,
RUN-005,VIN-2026835,Sedan,2026-08-05 08:33:25,153.43,False,False,False,False,False,
RUN-005,VIN-2026836,Sedan,2026-08-05 08:34:39,154.66,False,False,False,False,False,
RUN-005,VIN-2026837,Sedan,2026-08-05 08:35:57,155.96,False,False,False,False,False,
RUN-005,VIN-2026838,SUV,2026-08-05 08:37:21,157.36,False,False,False,False,False,
RUN-005,VIN-2026839,Sedan,2026-08-05 08:38:32,158.54,False,False,False,False,False,
RUN-005,VIN-2026840,Sedan,2026-08-05 08:40:11,160.19,False,False,False,False,False,
RUN-005,VIN-2026841,Sedan,2026-08-05 08:41:27,161.45,False,False,False,False,False,
RUN-005,VIN-2026842,Sedan,2026-08-05 08:42:31,162.52,False,False,False,False,False,
RUN-005,VIN-2026843,Sedan,2026-08-05 08:43:56,163.94,False,False,False,False,False,
RUN-005,VIN-2026844,EV,2026-08-05 08:45:20,165.34,False,False,False,False,False,
RUN-005,VIN-2026845,Sedan,2026-08-05 08:46:39,166.66,False,False,False,False,False,
RUN-005,VIN-2026846,SUV,2026-08-05 08:47:52,167.88,False,False,False,False,False,
RUN-005,VIN-2026847,Sedan,2026-08-05 08:49:16,169.27,False,False,False,False,False,
RUN-005,VIN-2026848,EV,2026-08-05 08:50:24,170.4,False,False,False,False,False,
RUN-005,VIN-2026849,SUV,2026-08-05 08:52:06,172.1,False,False,False,False,False,
RUN-005,VIN-2026850,Sedan,2026-08-05 08:53:24,173.41,False,False,False,False,False,
RUN-005,VIN-2026851,Sedan,2026-08-05 08:54:41,174.69,False,False,False,False,False,
RUN-005,VIN-2026852,SUV,2026-08-05 08:56:10,176.17,False,False,False,False,False,
RUN-005,VIN-2026853,Sedan,2026-08-05 08:57:18,177.31,False,False,False,False,False,
RUN-005,VIN-2026854,Sedan,2026-08-05 08:58:37,178.62,False,False,False,False,False,
RUN-005,VIN-2026855,Sedan,2026-08-05 09:00:02,180.05,False,False,False,False,False,
RUN-005,VIN-2026856,Sedan,2026-08-05 09:01:24,181.42,False,False,False,False,False,
RUN-005,VIN-2026857,SUV,2026-08-05 09:02:36,182.61,False,False,False,False,False,
RUN-005,VIN-2026858,Sedan,2026-08-05 09:04:05,184.09,False,False,False,False,False,
RUN-005,VIN-2026859,Sedan,2026-08-05 09:05:22,185.37,False,False,False,False,False,
RUN-005,VIN-2026860,EV,2026-08-05 09:06:39,186.66,False,False,False,False,False,
RUN-005,VIN-2026861,Sedan,2026-08-05 09:08:01,188.02,False,False,False,False,False,
RUN-005,VIN-2026862,SUV,2026-08-05 09:09:24,189.42,False,False,False,False,False,
RUN-005,VIN-2026863,Sedan,2026-08-05 09:10:39,190.66,False,False,False,False,False,
RUN-005,VIN-2026864,Sedan,2026-08-05 09:11:59,191.98,False,False,False,False,False,
RUN-005,VIN-2026865,Sedan,2026-08-05 09:13:17,193.29,False,False,False,False,False,
RUN-005,VIN-2026866,EV,2026-08-05 09:14:38,194.64,False,False,False,False,False,
RUN-005,VIN-2026867,EV,2026-08-05 09:16:04,196.07,False,False,False,False,False,
RUN-005,VIN-2026868,SUV,2026-08-05 09:17:19,197.32,False,False,False,False,False,
RUN-005,VIN-2026869,Sedan,2026-08-05 09:18:37,198.63,False,False,False,False,False,
RUN-005,VIN-2026870,SUV,2026-08-05 09:20:05,200.08,False,False,False,False,False,
RUN-005,VIN-2026871,Sedan,2026-08-05 09:21:23,201.39,False,False,False,False,False,
RUN-005,VIN-2026872,SUV,2026-08-05 09:22:37,202.63,False,False,False,False,False,
RUN-005,VIN-2026873,Sedan,2026-08-05 09:24:03,204.06,False,False,False,False,False,
RUN-005,VIN-2026874,Sedan,2026-08-05 09:25:31,205.53,False,False,False,False,False,
RUN-005,VIN-2026875,Sedan,2026-08-05 09:26:40,206.67,False,False,False,False,False,
RUN-005,VIN-2026876,Sedan,2026-08-05 09:27:59,208.0,False,False,False,False,False,
RUN-005,VIN-2026877,Sedan,2026-08-05 09:29:14,209.24,False,False,False,False,False,
RUN-005,VIN-2026878,SUV,2026-08-05 09:30:35,210.59,False,False,False,False,False,
RUN-005,VIN-2026879,EV,2026-08-05 09:31:46,211.78,False,False,False,False,False,
RUN-005,VIN-2026880,Sedan,2026-08-05 09:33:17,213.29,False,False,False,False,False,
RUN-005,VIN-2026881,EV,2026-08-05 09:34:41,214.68,False,False,False,False,False,
RUN-005,VIN-2026882,SUV,2026-08-05 09:35:59,215.99,False,False,False,False,False,
RUN-005,VIN-2026883,Sedan,2026-08-05 09:37:29,217.49,False,False,False,False,False,
RUN-005,VIN-2026884,Sedan,2026-08-05 09:38:39,218.66,False,False,False,False,False,
RUN-005,VIN-2026885,Sedan,2026-08-05 09:39:59,219.99,False,False,False,False,False,
RUN-005,VIN-2026886,EV,2026-08-05 09:41:25,221.43,False,False,False,False,False,
RUN-005,VIN-2026887,Sedan,2026-08-05 09:42:37,222.63,False,False,False,False,False,
RUN-005,VIN-2026888,Sedan,2026-08-05 09:44:03,224.06,False,False,False,False,False,
RUN-005,VIN-2026889,Sedan,2026-08-05 09:45:16,225.28,False,False,False,False,False,
RUN-005,VIN-2026890,Sedan,2026-08-05 09:46:43,226.73,False,False,False,False,False,
RUN-005,VIN-2026891,Sedan,2026-08-05 09:47:55,227.92,False,False,False,False,False,
RUN-005,VIN-2026892,SUV,2026-08-05 09:49:18,229.31,False,False,False,False,False,
RUN-005,VIN-2026893,Sedan,2026-08-05 09:50:47,230.8,False,False,False,False,False,
RUN-005,VIN-2026894,SUV,2026-08-05 09:51:52,231.87,False,False,False,False,False,
RUN-005,VIN-2026895,Sedan,2026-08-05 09:53:20,233.33,False,False,False,False,False,
RUN-005,VIN-2026896,SUV,2026-08-05 09:54:39,234.66,False,False,False,False,False,
RUN-005,VIN-2026897,EV,2026-08-05 09:55:55,235.93,False,False,False,False,False,
RUN-005,VIN-2026898,Sedan,2026-08-05 09:57:19,237.32,False,False,False,False,False,
RUN-005,VIN-2026899,Sedan,2026-08-05 09:58:42,238.71,False,False,False,False,False,
RUN-006,VIN-2026900,Sedan,2026-08-06 06:00:00,0.0,False,False,False,False,False,
RUN-006,VIN-2026901,SUV,2026-08-06 06:01:22,1.38,False,False,False,False,False,
RUN-006,VIN-2026902,SUV,2026-08-06 06:02:32,2.54,False,False,False,False,False,
RUN-006,VIN-2026903,SUV,2026-08-06 06:03:58,3.98,False,False,False,False,False,
RUN-006,VIN-2026904,SUV,2026-08-06 06:05:13,5.22,False,False,False,False,False,
RUN-006,VIN-2026905,Sedan,2026-08-06 06:06:41,6.69,False,False,False,False,False,
RUN-006,VIN-2026906,SUV,2026-08-06 06:07:57,7.97,False,False,False,False,False,
RUN-006,VIN-2026907,Sedan,2026-08-06 06:09:25,9.42,False,False,False,False,False,
RUN-006,VIN-2026908,SUV,2026-08-06 06:10:41,10.7,False,False,False,False,False,
RUN-006,VIN-2026909,SUV,2026-08-06 06:11:50,11.85,False,False,False,False,False,
RUN-006,VIN-2026910,SUV,2026-08-06 06:13:21,13.35,False,False,False,False,False,
RUN-006,VIN-2026911,Sedan,2026-08-06 06:14:45,14.76,False,False,False,False,False,
RUN-006,VIN-2026912,Sedan,2026-08-06 06:15:55,15.92,False,False,False,False,False,
RUN-006,VIN-2026913,SUV,2026-08-06 06:17:21,17.36,False,False,False,False,False,
RUN-006,VIN-2026914,Sedan,2026-08-06 06:18:43,18.72,False,False,False,False,False,
RUN-006,VIN-2026915,SUV,2026-08-06 06:20:01,20.02,False,False,False,False,False,
RUN-006,VIN-2026916,Sedan,2026-08-06 06:21:19,21.32,False,False,False,False,False,
RUN-006,VIN-2026917,EV,2026-08-06 06:22:38,22.64,False,False,False,False,False,
RUN-006,VIN-2026918,Sedan,2026-08-06 06:24:03,24.06,False,False,False,False,False,
RUN-006,VIN-2026919,SUV,2026-08-06 06:25:17,25.3,False,False,False,False,False,
RUN-006,VIN-2026920,Sedan,2026-08-06 06:26:46,26.78,False,False,False,False,False,
RUN-006,VIN-2026921,Sedan,2026-08-06 06:28:03,28.06,False,False,False,False,False,
RUN-006,VIN-2026922,Sedan,2026-08-06 06:29:18,29.31,False,False,False,False,False,
RUN-006,VIN-2026923,Sedan,2026-08-06 06:30:41,30.7,False,False,False,False,False,
RUN-006,VIN-2026924,Sedan,2026-08-06 06:32:07,32.13,False,False,False,False,False,
RUN-006,VIN-2026925,Sedan,2026-08-06 06:33:16,33.28,False,False,False,False,False,
RUN-006,VIN-2026926,SUV,2026-08-06 06:34:46,34.78,False,False,False,False,False,
RUN-006,VIN-2026927,EV,2026-08-06 06:36:02,36.05,False,False,False,False,False,
RUN-006,VIN-2026928,SUV,2026-08-06 06:37:17,37.29,False,False,False,False,False,
RUN-006,VIN-2026929,Sedan,2026-08-06 06:38:37,38.62,False,False,False,False,False,
RUN-006,VIN-2026930,SUV,2026-08-06 06:39:57,39.95,False,False,False,False,False,
RUN-006,VIN-2026931,EV,2026-08-06 06:41:24,41.4,False,False,False,False,False,
RUN-006,VIN-2026932,SUV,2026-08-06 06:42:49,42.82,False,False,False,False,False,
RUN-006,VIN-2026933,SUV,2026-08-06 06:43:54,43.91,False,False,False,False,False,
RUN-006,VIN-2026934,SUV,2026-08-06 06:45:18,45.3,False,False,False,False,False,
RUN-006,VIN-2026935,Sedan,2026-08-06 06:46:41,46.69,False,False,False,False,False,
RUN-006,VIN-2026936,Sedan,2026-08-06 06:48:00,48.01,False,False,False,False,False,
RUN-006,VIN-2026937,Sedan,2026-08-06 06:49:24,49.42,False,False,False,False,False,
RUN-006,VIN-2026938,Sedan,2026-08-06 06:50:41,50.69,False,False,False,False,False,
RUN-006,VIN-2026939,EV,2026-08-06 06:52:05,52.09,False,False,False,False,False,
RUN-006,VIN-2026940,Sedan,2026-08-06 06:53:14,53.25,False,False,False,False,False,
RUN-006,VIN-2026941,Sedan,2026-08-06 06:54:36,54.61,False,False,False,False,False,
RUN-006,VIN-2026942,SUV,2026-08-06 06:56:04,56.07,False,False,False,False,False,
RUN-006,VIN-2026943,SUV,2026-08-06 06:57:12,57.21,False,False,False,False,False,
RUN-006,VIN-2026944,EV,2026-08-06 06:58:41,58.69,False,False,False,False,False,
RUN-006,VIN-2026945,SUV,2026-08-06 06:59:59,60.0,False,False,False,False,False,
RUN-006,VIN-2026946,EV,2026-08-06 07:01:19,61.32,False,False,False,False,False,
RUN-006,VIN-2026947,Sedan,2026-08-06 07:02:46,62.77,False,False,False,False,False,
RUN-006,VIN-2026948,SUV,2026-08-06 07:04:03,64.06,False,False,False,False,False,
RUN-006,VIN-2026949,EV,2026-08-06 07:05:30,65.51,False,False,False,False,False,
RUN-006,VIN-2026950,SUV,2026-08-06 07:06:27,66.46,False,False,False,False,False,
RUN-006,VIN-2026951,EV,2026-08-06 07:07:51,67.87,False,False,False,False,False,
RUN-006,VIN-2026952,Sedan,2026-08-06 07:09:24,69.41,False,False,False,False,False,
RUN-006,VIN-2026953,Sedan,2026-08-06 07:10:43,70.73,False,False,False,False,False,
RUN-006,VIN-2026954,SUV,2026-08-06 07:11:52,71.87,False,False,False,False,False,
RUN-006,VIN-2026955,EV,2026-08-06 07:13:20,73.34,False,False,False,False,False,
RUN-006,VIN-2026956,Sedan,2026-08-06 07:14:35,74.59,False,False,False,False,False,
RUN-006,VIN-2026957,SUV,2026-08-06 07:16:00,76.02,False,False,False,False,False,
RUN-006,VIN-2026958,SUV,2026-08-06 07:17:07,77.13,False,False,False,False,False,
RUN-006,VIN-2026959,SUV,2026-08-06 07:18:37,78.63,False,False,False,False,False,
RUN-006,VIN-2026960,SUV,2026-08-06 07:20:02,80.04,False,False,False,False,False,
RUN-006,VIN-2026961,SUV,2026-08-06 07:21:15,81.25,False,False,False,False,False,
RUN-006,VIN-2026962,Sedan,2026-08-06 07:22:40,82.67,False,False,False,False,False,
RUN-006,VIN-2026963,SUV,2026-08-06 07:23:55,83.93,False,False,False,False,False,
RUN-006,VIN-2026964,Sedan,2026-08-06 07:25:21,85.36,False,False,False,False,False,
RUN-006,VIN-2026965,Sedan,2026-08-06 07:26:46,86.77,False,False,False,False,False,
RUN-006,VIN-2026966,Sedan,2026-08-06 07:28:00,88.02,False,False,False,False,False,
RUN-006,VIN-2026967,Sedan,2026-08-06 07:29:15,89.25,False,False,False,False,False,
RUN-006,VIN-2026968,Sedan,2026-08-06 07:30:52,90.88,False,True,False,False,True,RUN006-EVT01
RUN-006,VIN-2026969,SUV,2026-08-06 07:32:05,92.09,False,True,False,False,True,RUN006-EVT01
RUN-006,VIN-2026970,Sedan,2026-08-06 07:33:21,93.36,False,True,False,False,True,RUN006-EVT01
RUN-006,VIN-2026971,Sedan,2026-08-06 07:34:46,94.78,False,True,False,False,True,RUN006-EVT01
RUN-006,VIN-2026972,Sedan,2026-08-06 07:36:04,96.07,False,True,False,False,True,RUN006-EVT01
RUN-006,VIN-2026973,SUV,2026-08-06 07:37:13,97.23,False,True,False,False,True,RUN006-EVT01
RUN-006,VIN-2026974,SUV,2026-08-06 07:38:33,98.55,False,True,False,False,True,RUN006-EVT01
RUN-006,VIN-2026975,SUV,2026-08-06 07:40:05,100.09,False,True,False,False,True,RUN006-EVT01
RUN-006,VIN-2026976,Sedan,2026-08-06 07:41:19,101.32,False,True,False,False,True,RUN006-EVT01
RUN-006,VIN-2026977,Sedan,2026-08-06 07:42:36,102.62,False,True,False,False,True,RUN006-EVT01
RUN-006,VIN-2026978,SUV,2026-08-06 07:43:57,103.95,False,True,False,False,True,RUN006-EVT01
RUN-006,VIN-2026979,SUV,2026-08-06 07:45:28,105.48,False,True,False,False,True,RUN006-EVT01
RUN-006,VIN-2026980,SUV,2026-08-06 07:46:48,106.8,False,True,False,False,True,RUN006-EVT01
RUN-006,VIN-2026981,EV,2026-08-06 07:47:53,107.89,False,True,False,False,True,RUN006-EVT01
RUN-006,VIN-2026982,SUV,2026-08-06 07:49:02,109.04,False,True,False,False,True,RUN006-EVT01
RUN-006,VIN-2026983,SUV,2026-08-06 07:50:39,110.66,False,True,False,False,True,RUN006-EVT01
RUN-006,VIN-2026984,SUV,2026-08-06 07:51:50,111.84,False,True,False,False,True,RUN006-EVT01
RUN-006,VIN-2026985,EV,2026-08-06 07:53:18,113.3,False,True,False,False,True,RUN006-EVT01
RUN-006,VIN-2026986,Sedan,2026-08-06 07:54:39,114.66,False,True,False,False,True,RUN006-EVT01
RUN-006,VIN-2026987,Sedan,2026-08-06 07:55:54,115.91,False,True,False,False,True,RUN006-EVT01
RUN-006,VIN-2026988,Sedan,2026-08-06 07:57:21,117.35,False,True,False,False,True,RUN006-EVT01
RUN-006,VIN-2026989,Sedan,2026-08-06 07:58:41,118.69,False,True,False,False,True,RUN006-EVT01
RUN-006,VIN-2026990,SUV,2026-08-06 08:00:04,120.07,False,True,False,False,True,RUN006-EVT01
RUN-006,VIN-2026991,Sedan,2026-08-06 08:01:23,121.39,False,True,False,False,True,RUN006-EVT01
RUN-006,VIN-2026992,Sedan,2026-08-06 08:02:36,122.61,False,True,False,False,True,RUN006-EVT01
RUN-006,VIN-2026993,Sedan,2026-08-06 08:03:55,123.93,False,True,False,False,True,RUN006-EVT01
RUN-006,VIN-2026994,EV,2026-08-06 08:05:09,125.16,False,False,False,False,False,
RUN-006,VIN-2026995,Sedan,2026-08-06 08:06:38,126.63,False,False,False,False,False,
RUN-006,VIN-2026996,EV,2026-08-06 08:07:52,127.87,False,False,False,False,False,
RUN-006,VIN-2026997,SUV,2026-08-06 08:09:19,129.33,False,False,False,False,False,
RUN-006,VIN-2026998,Sedan,2026-08-06 08:10:41,130.69,False,False,False,False,False,
RUN-006,VIN-2026999,Sedan,2026-08-06 08:11:54,131.91,False,False,False,False,False,
RUN-006,VIN-2027000,Sedan,2026-08-06 08:13:21,133.36,False,False,False,False,False,
RUN-006,VIN-2027001,Sedan,2026-08-06 08:14:37,134.63,False,False,False,False,False,
RUN-006,VIN-2027002,SUV,2026-08-06 08:15:54,135.91,False,False,False,False,False,
RUN-006,VIN-2027003,Sedan,2026-08-06 08:17:11,137.19,False,False,False,False,False,
RUN-006,VIN-2027004,Sedan,2026-08-06 08:18:35,138.59,False,False,False,False,False,
RUN-006,VIN-2027005,Sedan,2026-08-06 08:19:57,139.95,False,False,False,False,False,
RUN-006,VIN-2027006,EV,2026-08-06 08:21:28,141.47,False,False,False,False,False,
RUN-006,VIN-2027007,Sedan,2026-08-06 08:22:36,142.6,False,False,False,False,False,
RUN-006,VIN-2027008,EV,2026-08-06 08:23:55,143.92,False,False,False,False,False,
RUN-006,VIN-2027009,SUV,2026-08-06 08:25:16,145.27,False,False,False,False,False,
RUN-006,VIN-2027010,Sedan,2026-08-06 08:26:37,146.62,False,False,False,False,False,
RUN-006,VIN-2027011,Sedan,2026-08-06 08:28:09,148.15,False,False,False,False,False,
RUN-006,VIN-2027012,EV,2026-08-06 08:29:16,149.28,False,False,False,False,False,
RUN-006,VIN-2027013,SUV,2026-08-06 08:30:43,150.73,False,False,False,False,False,
RUN-006,VIN-2027014,Sedan,2026-08-06 08:31:54,151.9,False,False,False,False,False,
RUN-006,VIN-2027015,Sedan,2026-08-06 08:33:19,153.32,False,False,False,False,False,
RUN-006,VIN-2027016,SUV,2026-08-06 08:34:44,154.74,False,False,False,False,False,
RUN-006,VIN-2027017,SUV,2026-08-06 08:35:56,155.94,False,False,False,False,False,
RUN-006,VIN-2027018,Sedan,2026-08-06 08:37:19,157.32,False,False,False,False,False,
RUN-006,VIN-2027019,Sedan,2026-08-06 08:38:50,158.83,False,False,False,False,False,
RUN-006,VIN-2027020,EV,2026-08-06 08:40:03,160.06,False,False,False,False,False,
RUN-006,VIN-2027021,SUV,2026-08-06 08:41:28,161.48,False,False,False,False,False,
RUN-006,VIN-2027022,Sedan,2026-08-06 08:42:41,162.69,False,False,False,False,False,
RUN-006,VIN-2027023,SUV,2026-08-06 08:44:02,164.05,False,False,False,False,False,
RUN-006,VIN-2027024,Sedan,2026-08-06 08:45:14,165.23,False,False,False,False,False,
RUN-006,VIN-2027025,SUV,2026-08-06 08:46:49,166.83,False,False,False,False,False,
RUN-006,VIN-2027026,Sedan,2026-08-06 08:48:05,168.1,False,False,False,False,False,
RUN-006,VIN-2027027,SUV,2026-08-06 08:49:24,169.4,False,False,False,False,False,
RUN-006,VIN-2027028,SUV,2026-08-06 08:50:38,170.64,False,False,False,False,False,
RUN-006,VIN-2027029,SUV,2026-08-06 08:52:01,172.02,False,False,False,False,False,
RUN-006,VIN-2027030,SUV,2026-08-06 08:53:17,173.29,False,False,False,False,False,
RUN-006,VIN-2027031,Sedan,2026-08-06 08:54:43,174.73,False,False,False,False,False,
RUN-006,VIN-2027032,SUV,2026-08-06 08:55:53,175.9,False,False,False,False,False,
RUN-006,VIN-2027033,SUV,2026-08-06 08:57:19,177.33,False,False,False,False,False,
RUN-006,VIN-2027034,Sedan,2026-08-06 08:58:42,178.71,False,False,False,False,False,
RUN-006,VIN-2027035,EV,2026-08-06 08:59:55,179.93,False,False,False,False,False,
RUN-006,VIN-2027036,SUV,2026-08-06 09:01:22,181.38,False,False,False,False,False,
RUN-006,VIN-2027037,Sedan,2026-08-06 09:02:41,182.7,False,False,False,False,False,
RUN-006,VIN-2027038,Sedan,2026-08-06 09:04:02,184.04,False,False,False,False,False,
RUN-006,VIN-2027039,SUV,2026-08-06 09:05:19,185.33,False,False,False,False,False,
RUN-006,VIN-2027040,EV,2026-08-06 09:06:36,186.61,False,False,False,False,False,
RUN-006,VIN-2027041,SUV,2026-08-06 09:08:04,188.07,False,False,False,False,False,
RUN-006,VIN-2027042,Sedan,2026-08-06 09:09:21,189.36,False,False,False,False,False,
RUN-006,VIN-2027043,SUV,2026-08-06 09:10:49,190.83,False,False,False,False,False,
RUN-006,VIN-2027044,Sedan,2026-08-06 09:12:05,192.1,False,False,False,False,False,
RUN-006,VIN-2027045,Sedan,2026-08-06 09:13:16,193.28,False,False,False,False,False,
RUN-006,VIN-2027046,SUV,2026-08-06 09:14:37,194.63,False,False,False,False,False,
RUN-006,VIN-2027047,Sedan,2026-08-06 09:15:53,195.88,False,False,False,False,False,
RUN-006,VIN-2027048,Sedan,2026-08-06 09:17:26,197.43,False,False,False,False,False,
RUN-006,VIN-2027049,Sedan,2026-08-06 09:18:46,198.78,False,False,False,False,False,
RUN-006,VIN-2027050,Sedan,2026-08-06 09:19:54,199.91,False,False,False,False,False,
RUN-006,VIN-2027051,EV,2026-08-06 09:21:23,201.39,False,False,False,False,False,
RUN-006,VIN-2027052,Sedan,2026-08-06 09:22:41,202.69,False,False,False,False,False,
RUN-006,VIN-2027053,SUV,2026-08-06 09:23:55,203.92,False,False,False,False,False,
RUN-006,VIN-2027054,Sedan,2026-08-06 09:25:17,205.28,False,False,False,False,False,
RUN-006,VIN-2027055,Sedan,2026-08-06 09:26:39,206.67,False,False,False,False,False,
RUN-006,VIN-2027056,SUV,2026-08-06 09:28:01,208.02,False,False,False,False,False,
RUN-006,VIN-2027057,Sedan,2026-08-06 09:29:21,209.36,False,False,False,False,False,
RUN-006,VIN-2027058,SUV,2026-08-06 09:30:39,210.66,False,False,False,False,False,
RUN-006,VIN-2027059,SUV,2026-08-06 09:32:11,212.2,False,False,False,False,False,
RUN-006,VIN-2027060,SUV,2026-08-06 09:33:20,213.35,False,False,False,False,False,
RUN-006,VIN-2027061,SUV,2026-08-06 09:34:30,214.5,False,False,False,False,False,
RUN-006,VIN-2027062,EV,2026-08-06 09:36:05,216.09,False,False,False,False,False,
RUN-006,VIN-2027063,EV,2026-08-06 09:37:22,217.38,False,False,False,False,False,
RUN-006,VIN-2027064,EV,2026-08-06 09:38:42,218.72,False,False,False,False,False,
RUN-006,VIN-2027065,EV,2026-08-06 09:39:59,220.0,False,False,False,False,False,
RUN-006,VIN-2027066,Sedan,2026-08-06 09:41:22,221.38,False,False,False,False,False,
RUN-006,VIN-2027067,Sedan,2026-08-06 09:42:40,222.68,False,False,False,False,False,
RUN-006,VIN-2027068,EV,2026-08-06 09:44:05,224.09,False,False,False,False,False,
RUN-006,VIN-2027069,Sedan,2026-08-06 09:45:24,225.41,False,False,False,False,False,
RUN-006,VIN-2027070,SUV,2026-08-06 09:46:48,226.81,False,False,False,False,False,
RUN-006,VIN-2027071,SUV,2026-08-06 09:48:07,228.13,False,False,False,False,False,
RUN-006,VIN-2027072,Sedan,2026-08-06 09:49:22,229.37,False,False,False,False,False,
RUN-006,VIN-2027073,Sedan,2026-08-06 09:50:38,230.64,False,False,False,False,False,
RUN-006,VIN-2027074,Sedan,2026-08-06 09:51:58,231.98,False,False,False,False,False,
RUN-006,VIN-2027075,Sedan,2026-08-06 09:53:14,233.25,False,False,False,False,False,
RUN-006,VIN-2027076,Sedan,2026-08-06 09:54:35,234.59,False,False,False,False,False,
RUN-006,VIN-2027077,SUV,2026-08-06 09:55:58,235.98,False,False,False,False,False,
RUN-006,VIN-2027078,Sedan,2026-08-06 09:57:23,237.39,False,False,False,False,False,
RUN-006,VIN-2027079,SUV,2026-08-06 09:58:55,238.92,False,False,False,False,False,
RUN-007,VIN-2027080,Sedan,2026-08-07 06:00:00,0.0,False,False,False,False,False,
RUN-007,VIN-2027081,Sedan,2026-08-07 06:01:29,1.49,False,False,False,False,False,
RUN-007,VIN-2027082,SUV,2026-08-07 06:02:37,2.62,False,False,False,False,False,
RUN-007,VIN-2027083,SUV,2026-08-07 06:03:56,3.95,False,False,False,False,False,
RUN-007,VIN-2027084,SUV,2026-08-07 06:05:21,5.36,False,False,False,False,False,
RUN-007,VIN-2027085,Sedan,2026-08-07 06:06:44,6.74,False,False,False,False,False,
RUN-007,VIN-2027086,Sedan,2026-08-07 06:08:03,8.05,False,False,False,False,False,
RUN-007,VIN-2027087,SUV,2026-08-07 06:09:20,9.34,False,False,False,False,False,
RUN-007,VIN-2027088,Sedan,2026-08-07 06:10:37,10.63,False,False,False,False,False,
RUN-007,VIN-2027089,Sedan,2026-08-07 06:12:08,12.13,False,False,False,False,False,
RUN-007,VIN-2027090,SUV,2026-08-07 06:13:21,13.36,False,False,False,False,False,
RUN-007,VIN-2027091,EV,2026-08-07 06:14:37,14.63,False,False,False,False,False,
RUN-007,VIN-2027092,EV,2026-08-07 06:16:00,16.01,False,False,False,False,False,
RUN-007,VIN-2027093,SUV,2026-08-07 06:17:26,17.44,False,False,False,False,False,
RUN-007,VIN-2027094,Sedan,2026-08-07 06:18:40,18.68,False,False,False,False,False,
RUN-007,VIN-2027095,Sedan,2026-08-07 06:19:52,19.88,False,False,False,False,False,
RUN-007,VIN-2027096,Sedan,2026-08-07 06:21:25,21.43,False,False,False,False,False,
RUN-007,VIN-2027097,SUV,2026-08-07 06:22:39,22.66,False,False,False,False,False,
RUN-007,VIN-2027098,Sedan,2026-08-07 06:24:00,24.0,False,False,False,False,False,
RUN-007,VIN-2027099,Sedan,2026-08-07 06:25:20,25.34,False,False,False,False,False,
RUN-007,VIN-2027100,Sedan,2026-08-07 06:26:42,26.71,False,False,False,False,False,
RUN-007,VIN-2027101,Sedan,2026-08-07 06:28:08,28.14,False,False,False,False,False,
RUN-007,VIN-2027102,EV,2026-08-07 06:29:11,29.19,False,False,False,False,False,
RUN-007,VIN-2027103,Sedan,2026-08-07 06:30:36,30.61,False,False,False,False,False,
RUN-007,VIN-2027104,Sedan,2026-08-07 06:31:49,31.83,False,False,False,False,False,
RUN-007,VIN-2027105,Sedan,2026-08-07 06:33:20,33.35,False,False,False,False,False,
RUN-007,VIN-2027106,SUV,2026-08-07 06:34:37,34.63,False,False,False,False,False,
RUN-007,VIN-2027107,SUV,2026-08-07 06:36:00,36.01,False,False,False,False,False,
RUN-007,VIN-2027108,EV,2026-08-07 06:37:12,37.21,False,False,False,False,False,
RUN-007,VIN-2027109,Sedan,2026-08-07 06:38:31,38.52,False,False,False,False,False,
RUN-007,VIN-2027110,Sedan,2026-08-07 06:39:54,39.91,False,False,False,False,False,
RUN-007,VIN-2027111,Sedan,2026-08-07 06:41:16,41.27,False,False,False,False,False,
RUN-007,VIN-2027112,Sedan,2026-08-07 06:42:37,42.63,False,False,False,False,False,
RUN-007,VIN-2027113,SUV,2026-08-07 06:44:03,44.06,False,False,False,False,False,
RUN-007,VIN-2027114,Sedan,2026-08-07 06:45:28,45.48,False,False,False,False,False,
RUN-007,VIN-2027115,SUV,2026-08-07 06:46:32,46.55,False,False,False,False,False,
RUN-007,VIN-2027116,EV,2026-08-07 06:47:55,47.93,False,False,False,False,False,
RUN-007,VIN-2027117,EV,2026-08-07 06:49:18,49.31,False,False,False,False,False,
RUN-007,VIN-2027118,Sedan,2026-08-07 06:50:29,50.5,False,False,False,False,False,
RUN-007,VIN-2027119,Sedan,2026-08-07 06:51:57,51.96,False,False,False,False,False,
RUN-007,VIN-2027120,SUV,2026-08-07 06:53:22,53.37,False,False,False,False,False,
RUN-007,VIN-2027121,Sedan,2026-08-07 06:54:35,54.59,False,False,False,False,False,
RUN-007,VIN-2027122,SUV,2026-08-07 06:56:02,56.03,False,False,False,False,False,
RUN-007,VIN-2027123,Sedan,2026-08-07 06:57:02,57.05,False,False,False,False,False,
RUN-007,VIN-2027124,Sedan,2026-08-07 06:58:50,58.83,False,False,False,False,False,
RUN-007,VIN-2027125,Sedan,2026-08-07 07:00:01,60.03,False,False,False,False,False,
RUN-007,VIN-2027126,SUV,2026-08-07 07:01:13,61.23,False,False,False,False,False,
RUN-007,VIN-2027127,Sedan,2026-08-07 07:02:35,62.59,False,False,False,False,False,
RUN-007,VIN-2027128,Sedan,2026-08-07 07:03:57,63.95,False,False,False,False,False,
RUN-007,VIN-2027129,Sedan,2026-08-07 07:05:23,65.4,False,False,False,False,False,
RUN-007,VIN-2027130,Sedan,2026-08-07 07:06:43,66.73,False,False,False,False,False,
RUN-007,VIN-2027131,Sedan,2026-08-07 07:08:00,68.0,False,False,False,False,False,
RUN-007,VIN-2027132,SUV,2026-08-07 07:09:13,69.23,False,False,False,False,False,
RUN-007,VIN-2027133,Sedan,2026-08-07 07:10:37,70.63,False,False,False,False,False,
RUN-007,VIN-2027134,Sedan,2026-08-07 07:12:00,72.01,False,False,False,False,False,
RUN-007,VIN-2027135,SUV,2026-08-07 07:13:17,73.3,False,False,False,False,False,
RUN-007,VIN-2027136,SUV,2026-08-07 07:14:46,74.77,False,False,False,False,False,
RUN-007,VIN-2027137,EV,2026-08-07 07:15:53,75.89,False,False,False,False,False,
RUN-007,VIN-2027138,Sedan,2026-08-07 07:17:25,77.43,False,False,False,False,False,
RUN-007,VIN-2027139,EV,2026-08-07 07:18:39,78.65,False,False,False,False,False,
RUN-007,VIN-2027140,EV,2026-08-07 07:20:01,80.03,False,False,False,False,False,
RUN-007,VIN-2027141,SUV,2026-08-07 07:21:29,81.49,False,False,False,False,False,
RUN-007,VIN-2027142,Sedan,2026-08-07 07:22:46,82.78,False,False,False,False,False,
RUN-007,VIN-2027143,Sedan,2026-08-07 07:24:11,84.19,False,False,False,False,False,
RUN-007,VIN-2027144,Sedan,2026-08-07 07:25:20,85.34,False,False,False,False,False,
RUN-007,VIN-2027145,Sedan,2026-08-07 07:26:39,86.66,False,False,False,False,False,
RUN-007,VIN-2027146,Sedan,2026-08-07 07:28:02,88.04,False,False,False,False,False,
RUN-007,VIN-2027147,EV,2026-08-07 07:29:30,89.52,False,False,False,False,False,
RUN-007,VIN-2027148,EV,2026-08-07 07:30:36,90.61,False,False,False,False,False,
RUN-007,VIN-2027149,Sedan,2026-08-07 07:32:06,92.12,False,False,False,False,False,
RUN-007,VIN-2027150,SUV,2026-08-07 07:33:12,93.21,False,False,False,False,False,
RUN-007,VIN-2027151,Sedan,2026-08-07 07:34:38,94.64,False,False,False,False,False,
RUN-007,VIN-2027152,Sedan,2026-08-07 07:36:12,96.21,False,False,False,False,False,
RUN-007,VIN-2027153,SUV,2026-08-07 07:37:12,97.21,False,False,False,False,False,
RUN-007,VIN-2027154,Sedan,2026-08-07 07:38:32,98.55,False,False,False,False,False,
RUN-007,VIN-2027155,Sedan,2026-08-07 07:40:07,100.12,False,False,False,False,False,
RUN-007,VIN-2027156,SUV,2026-08-07 07:41:28,101.48,False,False,False,False,False,
RUN-007,VIN-2027157,SUV,2026-08-07 07:42:48,102.81,False,False,False,False,False,
RUN-007,VIN-2027158,SUV,2026-08-07 07:44:06,104.11,False,False,False,False,False,
RUN-007,VIN-2027159,SUV,2026-08-07 07:45:17,105.3,False,False,False,False,False,
RUN-007,VIN-2027160,SUV,2026-08-07 07:46:40,106.68,False,False,False,False,False,
RUN-007,VIN-2027161,Sedan,2026-08-07 07:48:07,108.13,False,False,False,False,False,
RUN-007,VIN-2027162,EV,2026-08-07 07:49:20,109.33,False,False,False,False,False,
RUN-007,VIN-2027163,Sedan,2026-08-07 07:50:32,110.55,False,False,False,False,False,
RUN-007,VIN-2027164,Sedan,2026-08-07 07:52:04,112.08,False,False,False,False,False,
RUN-007,VIN-2027165,Sedan,2026-08-07 07:53:16,113.28,False,False,False,False,False,
RUN-007,VIN-2027166,EV,2026-08-07 07:54:43,114.73,False,False,False,False,False,
RUN-007,VIN-2027167,Sedan,2026-08-07 07:56:05,116.09,False,False,False,False,False,
RUN-007,VIN-2027168,SUV,2026-08-07 07:57:30,117.5,False,False,False,False,False,
RUN-007,VIN-2027169,Sedan,2026-08-07 07:58:39,118.65,False,False,False,False,False,
RUN-007,VIN-2027170,SUV,2026-08-07 07:59:55,119.92,False,False,False,False,False,
RUN-007,VIN-2027171,Sedan,2026-08-07 08:01:11,121.19,False,False,False,False,False,
RUN-007,VIN-2027172,Sedan,2026-08-07 08:02:36,122.6,False,False,False,False,False,
RUN-007,VIN-2027173,SUV,2026-08-07 08:04:07,124.12,False,False,False,False,False,
RUN-007,VIN-2027174,EV,2026-08-07 08:05:23,125.39,False,False,False,False,False,
RUN-007,VIN-2027175,SUV,2026-08-07 08:06:35,126.59,False,False,False,False,False,
RUN-007,VIN-2027176,Sedan,2026-08-07 08:07:57,127.95,False,False,False,False,False,
RUN-007,VIN-2027177,Sedan,2026-08-07 08:09:16,129.28,False,False,False,False,False,
RUN-007,VIN-2027178,SUV,2026-08-07 08:10:37,130.62,False,False,False,False,False,
RUN-007,VIN-2027179,Sedan,2026-08-07 08:11:48,131.8,False,False,False,False,False,
RUN-007,VIN-2027180,EV,2026-08-07 08:13:21,133.36,False,False,False,False,False,
RUN-007,VIN-2027181,Sedan,2026-08-07 08:14:37,134.63,False,False,False,False,False,
RUN-007,VIN-2027182,EV,2026-08-07 08:15:59,135.99,False,False,False,False,False,
RUN-007,VIN-2027183,SUV,2026-08-07 08:17:23,137.39,False,False,False,False,False,
RUN-007,VIN-2027184,SUV,2026-08-07 08:18:45,138.76,False,False,False,False,False,
RUN-007,VIN-2027185,EV,2026-08-07 08:19:59,139.99,False,False,False,False,False,
RUN-007,VIN-2027186,SUV,2026-08-07 08:21:23,141.39,False,False,False,False,False,
RUN-007,VIN-2027187,Sedan,2026-08-07 08:22:41,142.69,False,False,False,False,False,
RUN-007,VIN-2027188,Sedan,2026-08-07 08:23:50,143.84,False,False,False,False,False,
RUN-007,VIN-2027189,SUV,2026-08-07 08:25:10,145.18,False,False,False,False,False,
RUN-007,VIN-2027190,SUV,2026-08-07 08:26:42,146.72,False,False,False,False,False,
RUN-007,VIN-2027191,Sedan,2026-08-07 08:27:59,147.99,False,False,False,False,False,
RUN-007,VIN-2027192,Sedan,2026-08-07 08:29:21,149.36,False,False,False,False,False,
RUN-007,VIN-2027193,EV,2026-08-07 08:30:38,150.64,False,False,False,False,False,
RUN-007,VIN-2027194,Sedan,2026-08-07 08:31:55,151.93,False,False,False,False,False,
RUN-007,VIN-2027195,Sedan,2026-08-07 08:33:13,153.23,False,False,False,False,False,
RUN-007,VIN-2027196,Sedan,2026-08-07 08:34:39,154.66,False,False,False,False,False,
RUN-007,VIN-2027197,EV,2026-08-07 08:35:53,155.89,False,False,False,False,False,
RUN-007,VIN-2027198,Sedan,2026-08-07 08:37:26,157.44,False,False,False,False,False,
RUN-007,VIN-2027199,Sedan,2026-08-07 08:38:35,158.6,False,False,False,False,False,
RUN-007,VIN-2027200,Sedan,2026-08-07 08:39:54,159.91,False,False,False,False,False,
RUN-007,VIN-2027201,Sedan,2026-08-07 08:41:18,161.31,False,True,False,False,True,RUN007-EVT01
RUN-007,VIN-2027202,Sedan,2026-08-07 08:42:38,162.63,False,True,False,False,True,RUN007-EVT01
RUN-007,VIN-2027203,Sedan,2026-08-07 08:43:56,163.94,False,True,False,False,True,RUN007-EVT01
RUN-007,VIN-2027204,SUV,2026-08-07 08:45:27,165.45,False,True,False,False,True,RUN007-EVT01
RUN-007,VIN-2027205,Sedan,2026-08-07 08:46:37,166.62,False,True,False,False,True,RUN007-EVT01
RUN-007,VIN-2027206,SUV,2026-08-07 08:48:02,168.05,False,True,False,False,True,RUN007-EVT01
RUN-007,VIN-2027207,Sedan,2026-08-07 08:49:27,169.45,False,True,False,False,True,RUN007-EVT01
RUN-007,VIN-2027208,SUV,2026-08-07 08:50:40,170.68,False,True,False,False,True,RUN007-EVT01
RUN-007,VIN-2027209,Sedan,2026-08-07 08:51:53,171.89,False,True,False,False,True,RUN007-EVT01
RUN-007,VIN-2027210,SUV,2026-08-07 08:53:15,173.26,False,True,False,False,True,RUN007-EVT01
RUN-007,VIN-2027211,SUV,2026-08-07 08:54:37,174.63,False,True,False,False,True,RUN007-EVT01
RUN-007,VIN-2027212,SUV,2026-08-07 08:56:06,176.11,False,True,False,False,True,RUN007-EVT01
RUN-007,VIN-2027213,Sedan,2026-08-07 08:57:19,177.33,False,True,False,False,True,RUN007-EVT01
RUN-007,VIN-2027214,EV,2026-08-07 08:58:35,178.59,False,True,False,False,True,RUN007-EVT01
RUN-007,VIN-2027215,SUV,2026-08-07 08:59:59,179.98,False,True,False,False,True,RUN007-EVT01
RUN-007,VIN-2027216,Sedan,2026-08-07 09:01:33,181.55,False,True,False,False,True,RUN007-EVT01
RUN-007,VIN-2027217,SUV,2026-08-07 09:02:37,182.63,False,True,False,False,True,RUN007-EVT01
RUN-007,VIN-2027218,Sedan,2026-08-07 09:04:00,184.01,False,True,False,False,True,RUN007-EVT01
RUN-007,VIN-2027219,SUV,2026-08-07 09:05:18,185.31,False,True,False,False,True,RUN007-EVT01
RUN-007,VIN-2027220,SUV,2026-08-07 09:06:39,186.66,False,True,False,False,True,RUN007-EVT01
RUN-007,VIN-2027221,SUV,2026-08-07 09:08:00,188.01,False,True,False,False,True,RUN007-EVT01
RUN-007,VIN-2027222,Sedan,2026-08-07 09:09:19,189.33,False,True,False,False,True,RUN007-EVT01
RUN-007,VIN-2027223,Sedan,2026-08-07 09:10:40,190.68,False,True,False,False,True,RUN007-EVT01
RUN-007,VIN-2027224,EV,2026-08-07 09:11:55,191.93,False,True,False,False,True,RUN007-EVT01
RUN-007,VIN-2027225,SUV,2026-08-07 09:13:24,193.4,False,True,False,False,True,RUN007-EVT01
RUN-007,VIN-2027226,Sedan,2026-08-07 09:14:42,194.7,False,True,False,False,True,RUN007-EVT01
RUN-007,VIN-2027227,SUV,2026-08-07 09:15:51,195.86,False,False,False,False,False,
RUN-007,VIN-2027228,Sedan,2026-08-07 09:17:12,197.21,False,False,False,False,False,
RUN-007,VIN-2027229,Sedan,2026-08-07 09:18:45,198.75,False,False,False,False,False,
RUN-007,VIN-2027230,SUV,2026-08-07 09:19:58,199.98,False,False,False,False,False,
RUN-007,VIN-2027231,EV,2026-08-07 09:21:20,201.34,False,False,False,False,False,
RUN-007,VIN-2027232,EV,2026-08-07 09:22:44,202.74,False,False,False,False,False,
RUN-007,VIN-2027233,EV,2026-08-07 09:24:04,204.07,False,False,False,False,False,
RUN-007,VIN-2027234,SUV,2026-08-07 09:25:20,205.34,False,False,False,False,False,
RUN-007,VIN-2027235,Sedan,2026-08-07 09:26:47,206.79,False,False,False,False,False,
RUN-007,VIN-2027236,SUV,2026-08-07 09:27:58,207.97,False,False,False,False,False,
RUN-007,VIN-2027237,Sedan,2026-08-07 09:29:19,209.32,False,False,False,False,False,
RUN-007,VIN-2027238,SUV,2026-08-07 09:30:33,210.55,False,False,False,False,False,
RUN-007,VIN-2027239,Sedan,2026-08-07 09:32:02,212.04,False,False,False,False,False,
RUN-007,VIN-2027240,Sedan,2026-08-07 09:33:24,213.41,False,False,False,False,False,
RUN-007,VIN-2027241,EV,2026-08-07 09:34:41,214.69,False,False,False,False,False,
RUN-007,VIN-2027242,Sedan,2026-08-07 09:36:02,216.05,False,False,False,False,False,
RUN-007,VIN-2027243,Sedan,2026-08-07 09:37:16,217.28,False,False,False,False,False,
RUN-007,VIN-2027244,Sedan,2026-08-07 09:38:41,218.69,False,False,False,False,False,
RUN-007,VIN-2027245,Sedan,2026-08-07 09:40:02,220.05,False,False,False,False,False,
RUN-007,VIN-2027246,SUV,2026-08-07 09:41:21,221.35,False,False,False,False,False,
RUN-007,VIN-2027247,EV,2026-08-07 09:42:39,222.65,False,False,False,False,False,
RUN-007,VIN-2027248,EV,2026-08-07 09:44:06,224.1,False,False,False,False,False,
RUN-007,VIN-2027249,Sedan,2026-08-07 09:45:20,225.35,False,False,False,False,False,
RUN-007,VIN-2027250,Sedan,2026-08-07 09:46:36,226.61,False,False,False,False,False,
RUN-007,VIN-2027251,Sedan,2026-08-07 09:47:53,227.89,False,False,False,False,False,
RUN-007,VIN-2027252,Sedan,2026-08-07 09:49:17,229.3,False,False,False,False,False,
RUN-007,VIN-2027253,SUV,2026-08-07 09:50:37,230.62,False,False,False,False,False,
RUN-007,VIN-2027254,Sedan,2026-08-07 09:52:07,232.13,False,False,False,False,False,
RUN-007,VIN-2027255,EV,2026-08-07 09:53:19,233.33,False,False,False,False,False,
RUN-007,VIN-2027256,Sedan,2026-08-07 09:54:45,234.76,False,False,False,False,False,
RUN-007,VIN-2027257,SUV,2026-08-07 09:55:54,235.91,False,False,False,False,False,
RUN-007,VIN-2027258,Sedan,2026-08-07 09:57:17,237.3,False,False,False,False,False,
RUN-007,VIN-2027259,Sedan,2026-08-07 09:58:36,238.6,False,False,False,False,False,
RUN-008,VIN-2027260,SUV,2026-08-08 06:00:01,0.03,False,False,False,False,False,
RUN-008,VIN-2027261,SUV,2026-08-08 06:01:25,1.42,False,False,False,False,False,
RUN-008,VIN-2027262,EV,2026-08-08 06:02:46,2.77,False,False,False,False,False,
RUN-008,VIN-2027263,Sedan,2026-08-08 06:03:51,3.85,False,False,False,False,False,
RUN-008,VIN-2027264,Sedan,2026-08-08 06:05:24,5.4,False,False,False,False,False,
RUN-008,VIN-2027265,SUV,2026-08-08 06:06:43,6.73,False,False,False,False,False,
RUN-008,VIN-2027266,Sedan,2026-08-08 06:08:06,8.1,False,False,False,False,False,
RUN-008,VIN-2027267,EV,2026-08-08 06:09:09,9.16,False,False,False,False,False,
RUN-008,VIN-2027268,Sedan,2026-08-08 06:10:43,10.72,False,False,False,False,False,
RUN-008,VIN-2027269,EV,2026-08-08 06:12:01,12.03,False,False,False,False,False,
RUN-008,VIN-2027270,SUV,2026-08-08 06:13:19,13.33,False,False,False,False,False,
RUN-008,VIN-2027271,Sedan,2026-08-08 06:14:42,14.7,False,False,False,False,False,
RUN-008,VIN-2027272,EV,2026-08-08 06:16:01,16.02,False,False,False,False,False,
RUN-008,VIN-2027273,EV,2026-08-08 06:17:17,17.29,False,False,False,False,False,
RUN-008,VIN-2027274,Sedan,2026-08-08 06:18:47,18.79,False,False,False,False,False,
RUN-008,VIN-2027275,EV,2026-08-08 06:20:05,20.1,False,False,False,False,False,
RUN-008,VIN-2027276,Sedan,2026-08-08 06:21:19,21.33,False,False,False,False,False,
RUN-008,VIN-2027277,Sedan,2026-08-08 06:22:41,22.7,False,False,False,False,False,
RUN-008,VIN-2027278,SUV,2026-08-08 06:24:04,24.07,False,False,False,False,False,
RUN-008,VIN-2027279,EV,2026-08-08 06:25:19,25.33,False,False,False,False,False,
RUN-008,VIN-2027280,SUV,2026-08-08 06:26:36,26.61,False,False,False,False,False,
RUN-008,VIN-2027281,SUV,2026-08-08 06:28:02,28.05,False,False,False,False,False,
RUN-008,VIN-2027282,Sedan,2026-08-08 06:29:25,29.43,False,False,False,False,False,
RUN-008,VIN-2027283,SUV,2026-08-08 06:30:45,30.75,False,False,False,False,False,
RUN-008,VIN-2027284,Sedan,2026-08-08 06:31:57,31.96,False,False,False,False,False,
RUN-008,VIN-2027285,Sedan,2026-08-08 06:33:23,33.4,False,False,False,False,False,
RUN-008,VIN-2027286,SUV,2026-08-08 06:34:36,34.62,False,False,False,False,False,
RUN-008,VIN-2027287,Sedan,2026-08-08 06:36:04,36.08,False,False,False,False,False,
RUN-008,VIN-2027288,Sedan,2026-08-08 06:37:27,37.45,False,False,False,False,False,
RUN-008,VIN-2027289,EV,2026-08-08 06:38:33,38.55,False,False,False,False,False,
RUN-008,VIN-2027290,SUV,2026-08-08 06:39:56,39.94,False,False,False,False,False,
RUN-008,VIN-2027291,Sedan,2026-08-08 06:41:19,41.32,False,False,False,False,False,
RUN-008,VIN-2027292,EV,2026-08-08 06:42:49,42.83,False,False,False,False,False,
RUN-008,VIN-2027293,SUV,2026-08-08 06:43:52,43.87,False,False,False,False,False,
RUN-008,VIN-2027294,SUV,2026-08-08 06:45:14,45.24,False,False,False,False,False,
RUN-008,VIN-2027295,SUV,2026-08-08 06:46:32,46.55,False,False,False,False,False,
RUN-008,VIN-2027296,EV,2026-08-08 06:48:03,48.07,False,False,False,False,False,
RUN-008,VIN-2027297,Sedan,2026-08-08 06:49:27,49.46,False,False,False,False,False,
RUN-008,VIN-2027298,SUV,2026-08-08 06:50:42,50.7,False,False,False,False,False,
RUN-008,VIN-2027299,Sedan,2026-08-08 06:52:04,52.08,False,False,False,False,False,
RUN-008,VIN-2027300,SUV,2026-08-08 06:53:21,53.36,False,False,False,False,False,
RUN-008,VIN-2027301,Sedan,2026-08-08 06:54:55,54.93,False,False,False,False,False,
RUN-008,VIN-2027302,Sedan,2026-08-08 06:55:59,55.99,False,False,False,False,False,
RUN-008,VIN-2027303,Sedan,2026-08-08 06:57:08,57.14,False,False,False,False,False,
RUN-008,VIN-2027304,SUV,2026-08-08 06:58:27,58.46,False,False,False,False,False,
RUN-008,VIN-2027305,Sedan,2026-08-08 07:00:04,60.07,False,False,False,False,False,
RUN-008,VIN-2027306,SUV,2026-08-08 07:01:23,61.39,False,False,False,False,False,
RUN-008,VIN-2027307,Sedan,2026-08-08 07:02:36,62.6,False,False,False,False,False,
RUN-008,VIN-2027308,Sedan,2026-08-08 07:04:02,64.04,False,False,False,False,False,
RUN-008,VIN-2027309,EV,2026-08-08 07:05:18,65.31,False,True,False,False,True,RUN008-EVT01
RUN-008,VIN-2027310,Sedan,2026-08-08 07:06:37,66.62,False,True,False,False,True,RUN008-EVT01
RUN-008,VIN-2027311,Sedan,2026-08-08 07:08:01,68.03,False,True,False,False,True,RUN008-EVT01
RUN-008,VIN-2027312,Sedan,2026-08-08 07:09:28,69.48,False,True,False,False,True,RUN008-EVT01
RUN-008,VIN-2027313,EV,2026-08-08 07:10:43,70.73,False,True,False,False,True,RUN008-EVT01
RUN-008,VIN-2027314,SUV,2026-08-08 07:12:06,72.11,False,True,False,False,True,RUN008-EVT01
RUN-008,VIN-2027315,EV,2026-08-08 07:13:28,73.48,False,True,False,False,True,RUN008-EVT01
RUN-008,VIN-2027316,EV,2026-08-08 07:14:35,74.59,False,True,False,False,True,RUN008-EVT01
RUN-008,VIN-2027317,SUV,2026-08-08 07:16:02,76.04,False,True,False,False,True,RUN008-EVT01
RUN-008,VIN-2027318,SUV,2026-08-08 07:17:18,77.32,False,True,False,False,True,RUN008-EVT01
RUN-008,VIN-2027319,EV,2026-08-08 07:18:37,78.63,False,True,False,False,True,RUN008-EVT01
RUN-008,VIN-2027320,EV,2026-08-08 07:20:03,80.06,False,True,False,False,True,RUN008-EVT01
RUN-008,VIN-2027321,Sedan,2026-08-08 07:21:17,81.3,False,True,False,False,True,RUN008-EVT01
RUN-008,VIN-2027322,Sedan,2026-08-08 07:22:40,82.67,False,True,False,False,True,RUN008-EVT01
RUN-008,VIN-2027323,SUV,2026-08-08 07:23:54,83.91,False,True,False,False,True,RUN008-EVT01
RUN-008,VIN-2027324,SUV,2026-08-08 07:25:20,85.33,False,True,False,False,True,RUN008-EVT01
RUN-008,VIN-2027325,SUV,2026-08-08 07:26:35,86.59,False,True,False,False,True,RUN008-EVT01
RUN-008,VIN-2027326,Sedan,2026-08-08 07:28:06,88.1,False,True,False,False,True,RUN008-EVT01
RUN-008,VIN-2027327,EV,2026-08-08 07:29:13,89.23,False,True,False,False,True,RUN008-EVT01
RUN-008,VIN-2027328,Sedan,2026-08-08 07:30:38,90.64,False,True,False,False,True,RUN008-EVT01
RUN-008,VIN-2027329,SUV,2026-08-08 07:32:04,92.08,False,True,False,False,True,RUN008-EVT01
RUN-008,VIN-2027330,Sedan,2026-08-08 07:33:22,93.38,False,True,False,False,True,RUN008-EVT01
RUN-008,VIN-2027331,SUV,2026-08-08 07:34:29,94.5,False,True,False,False,True,RUN008-EVT01
RUN-008,VIN-2027332,Sedan,2026-08-08 07:35:53,95.9,False,True,False,False,True,RUN008-EVT01
RUN-008,VIN-2027333,Sedan,2026-08-08 07:37:17,97.28,False,True,False,False,True,RUN008-EVT01
RUN-008,VIN-2027334,Sedan,2026-08-08 07:38:36,98.61,False,True,False,False,True,RUN008-EVT01
RUN-008,VIN-2027335,Sedan,2026-08-08 07:39:57,99.97,False,True,False,False,True,RUN008-EVT01
RUN-008,VIN-2027336,Sedan,2026-08-08 07:41:19,101.33,False,True,False,False,True,RUN008-EVT01
RUN-008,VIN-2027337,Sedan,2026-08-08 07:42:37,102.63,False,True,False,False,True,RUN008-EVT01
RUN-008,VIN-2027338,Sedan,2026-08-08 07:43:55,103.93,False,True,False,False,True,RUN008-EVT01
RUN-008,VIN-2027339,Sedan,2026-08-08 07:45:14,105.25,False,True,False,False,True,RUN008-EVT01
RUN-008,VIN-2027340,Sedan,2026-08-08 07:46:46,106.77,False,True,False,False,True,RUN008-EVT01
RUN-008,VIN-2027341,SUV,2026-08-08 07:48:00,108.01,False,True,False,False,True,RUN008-EVT01
RUN-008,VIN-2027342,SUV,2026-08-08 07:49:21,109.35,False,True,False,False,True,RUN008-EVT01
RUN-008,VIN-2027343,Sedan,2026-08-08 07:50:44,110.75,False,True,False,False,True,RUN008-EVT01
RUN-008,VIN-2027344,SUV,2026-08-08 07:51:52,111.88,False,True,False,False,True,RUN008-EVT01
RUN-008,VIN-2027345,SUV,2026-08-08 07:53:24,113.41,False,True,False,False,True,RUN008-EVT01
RUN-008,VIN-2027346,Sedan,2026-08-08 07:54:37,114.62,False,True,False,False,True,RUN008-EVT01
RUN-008,VIN-2027347,Sedan,2026-08-08 07:56:05,116.09,False,True,False,False,True,RUN008-EVT01
RUN-008,VIN-2027348,SUV,2026-08-08 07:57:13,117.22,False,True,False,False,True,RUN008-EVT01
RUN-008,VIN-2027349,Sedan,2026-08-08 07:58:36,118.61,False,True,False,False,True,RUN008-EVT01
RUN-008,VIN-2027350,EV,2026-08-08 08:00:02,120.04,False,False,False,False,False,
RUN-008,VIN-2027351,Sedan,2026-08-08 08:01:22,121.38,False,False,False,False,False,
RUN-008,VIN-2027352,EV,2026-08-08 08:02:51,122.86,False,False,False,False,False,
RUN-008,VIN-2027353,EV,2026-08-08 08:03:51,123.86,False,False,False,False,False,
RUN-008,VIN-2027354,SUV,2026-08-08 08:05:26,125.43,False,False,False,False,False,
RUN-008,VIN-2027355,SUV,2026-08-08 08:06:34,126.58,False,False,False,False,False,
RUN-008,VIN-2027356,SUV,2026-08-08 08:08:09,128.17,False,False,False,False,False,
RUN-008,VIN-2027357,SUV,2026-08-08 08:09:28,129.47,False,False,False,False,False,
RUN-008,VIN-2027358,EV,2026-08-08 08:10:33,130.56,False,False,False,False,False,
RUN-008,VIN-2027359,SUV,2026-08-08 08:11:56,131.94,False,False,False,False,False,
RUN-008,VIN-2027360,EV,2026-08-08 08:13:21,133.36,False,False,False,False,False,
RUN-008,VIN-2027361,Sedan,2026-08-08 08:14:43,134.73,False,False,False,False,False,
RUN-008,VIN-2027362,Sedan,2026-08-08 08:15:53,135.89,False,False,False,False,False,
RUN-008,VIN-2027363,SUV,2026-08-08 08:17:21,137.36,False,False,False,False,False,
RUN-008,VIN-2027364,SUV,2026-08-08 08:18:39,138.65,False,False,False,False,False,
RUN-008,VIN-2027365,Sedan,2026-08-08 08:20:02,140.04,False,False,False,False,False,
RUN-008,VIN-2027366,SUV,2026-08-08 08:21:21,141.36,False,False,False,False,False,
RUN-008,VIN-2027367,Sedan,2026-08-08 08:22:41,142.7,False,False,False,False,False,
RUN-008,VIN-2027368,Sedan,2026-08-08 08:23:55,143.93,False,False,False,False,False,
RUN-008,VIN-2027369,SUV,2026-08-08 08:25:15,145.25,False,False,False,False,False,
RUN-008,VIN-2027370,EV,2026-08-08 08:26:33,146.56,False,False,False,False,False,
RUN-008,VIN-2027371,Sedan,2026-08-08 08:28:03,148.06,False,False,False,False,False,
RUN-008,VIN-2027372,Sedan,2026-08-08 08:29:13,149.23,False,False,False,False,False,
RUN-008,VIN-2027373,EV,2026-08-08 08:30:46,150.77,False,False,False,False,False,
RUN-008,VIN-2027374,SUV,2026-08-08 08:31:59,151.98,False,False,False,False,False,
RUN-008,VIN-2027375,Sedan,2026-08-08 08:33:17,153.3,False,False,False,False,False,
RUN-008,VIN-2027376,EV,2026-08-08 08:34:43,154.73,False,False,False,False,False,
RUN-008,VIN-2027377,Sedan,2026-08-08 08:35:58,155.97,False,False,False,False,False,
RUN-008,VIN-2027378,SUV,2026-08-08 08:37:25,157.42,False,False,False,False,False,
RUN-008,VIN-2027379,SUV,2026-08-08 08:38:28,158.47,False,False,False,False,False,
RUN-008,VIN-2027380,Sedan,2026-08-08 08:39:58,159.98,False,False,False,False,False,
RUN-008,VIN-2027381,SUV,2026-08-08 08:41:25,161.43,False,False,False,False,False,
RUN-008,VIN-2027382,Sedan,2026-08-08 08:42:29,162.49,False,False,False,False,False,
RUN-008,VIN-2027383,EV,2026-08-08 08:44:00,164.0,False,False,False,False,False,
RUN-008,VIN-2027384,SUV,2026-08-08 08:45:23,165.4,False,False,False,False,False,
RUN-008,VIN-2027385,Sedan,2026-08-08 08:46:44,166.74,False,False,False,False,False,
RUN-008,VIN-2027386,Sedan,2026-08-08 08:47:53,167.9,False,False,False,False,False,
RUN-008,VIN-2027387,EV,2026-08-08 08:49:14,169.23,False,False,False,False,False,
RUN-008,VIN-2027388,SUV,2026-08-08 08:50:44,170.75,False,False,False,False,False,
RUN-008,VIN-2027389,Sedan,2026-08-08 08:51:58,171.98,False,False,False,False,False,
RUN-008,VIN-2027390,SUV,2026-08-08 08:53:17,173.29,False,False,False,False,False,
RUN-008,VIN-2027391,Sedan,2026-08-08 08:54:37,174.63,False,False,False,False,False,
RUN-008,VIN-2027392,SUV,2026-08-08 08:56:03,176.06,False,False,False,False,False,
RUN-008,VIN-2027393,Sedan,2026-08-08 08:57:20,177.34,False,False,False,False,False,
RUN-008,VIN-2027394,Sedan,2026-08-08 08:58:33,178.55,False,False,False,False,False,
RUN-008,VIN-2027395,SUV,2026-08-08 09:00:02,180.04,False,False,False,False,False,
RUN-008,VIN-2027396,EV,2026-08-08 09:01:21,181.35,False,False,False,False,False,
RUN-008,VIN-2027397,SUV,2026-08-08 09:02:36,182.61,False,False,False,False,False,
RUN-008,VIN-2027398,EV,2026-08-08 09:04:05,184.09,False,False,False,False,False,
RUN-008,VIN-2027399,Sedan,2026-08-08 09:05:16,185.27,False,False,False,False,False,
RUN-008,VIN-2027400,Sedan,2026-08-08 09:06:43,186.72,False,False,False,False,False,
RUN-008,VIN-2027401,Sedan,2026-08-08 09:08:00,188.0,False,False,False,False,False,
RUN-008,VIN-2027402,SUV,2026-08-08 09:09:22,189.37,False,False,False,False,False,
RUN-008,VIN-2027403,Sedan,2026-08-08 09:10:46,190.77,False,False,False,False,False,
RUN-008,VIN-2027404,EV,2026-08-08 09:11:57,191.96,False,False,False,False,False,
RUN-008,VIN-2027405,Sedan,2026-08-08 09:13:15,193.27,False,False,False,False,False,
RUN-008,VIN-2027406,Sedan,2026-08-08 09:14:39,194.65,False,False,False,False,False,
RUN-008,VIN-2027407,EV,2026-08-08 09:16:00,196.0,False,False,False,False,False,
RUN-008,VIN-2027408,EV,2026-08-08 09:17:17,197.29,False,False,False,False,False,
RUN-008,VIN-2027409,Sedan,2026-08-08 09:18:30,198.5,False,False,False,False,False,
RUN-008,VIN-2027410,SUV,2026-08-08 09:20:03,200.05,False,False,False,False,False,
RUN-008,VIN-2027411,EV,2026-08-08 09:21:22,201.37,False,False,False,False,False,
RUN-008,VIN-2027412,SUV,2026-08-08 09:22:44,202.74,False,False,False,False,False,
RUN-008,VIN-2027413,EV,2026-08-08 09:24:06,204.11,False,False,False,False,False,
RUN-008,VIN-2027414,Sedan,2026-08-08 09:25:18,205.3,False,False,False,False,False,
RUN-008,VIN-2027415,SUV,2026-08-08 09:26:35,206.59,False,False,False,False,False,
RUN-008,VIN-2027416,SUV,2026-08-08 09:28:06,208.1,False,False,False,False,False,
RUN-008,VIN-2027417,Sedan,2026-08-08 09:29:14,209.24,False,False,False,False,False,
RUN-008,VIN-2027418,Sedan,2026-08-08 09:30:32,210.55,False,False,False,False,False,
RUN-008,VIN-2027419,Sedan,2026-08-08 09:32:02,212.04,False,False,False,False,False,
RUN-008,VIN-2027420,Sedan,2026-08-08 09:33:26,213.44,False,False,False,False,False,
RUN-008,VIN-2027421,Sedan,2026-08-08 09:34:40,214.67,False,False,False,False,False,
RUN-008,VIN-2027422,Sedan,2026-08-08 09:35:54,215.9,False,False,False,False,False,
RUN-008,VIN-2027423,Sedan,2026-08-08 09:37:22,217.38,False,False,False,False,False,
RUN-008,VIN-2027424,Sedan,2026-08-08 09:38:38,218.64,False,False,False,False,False,
RUN-008,VIN-2027425,EV,2026-08-08 09:39:57,219.96,False,False,False,False,False,
RUN-008,VIN-2027426,Sedan,2026-08-08 09:41:26,221.44,False,False,False,False,False,
RUN-008,VIN-2027427,SUV,2026-08-08 09:42:39,222.66,False,False,False,False,False,
RUN-008,VIN-2027428,SUV,2026-08-08 09:43:59,224.0,False,False,False,False,False,
RUN-008,VIN-2027429,EV,2026-08-08 09:45:16,225.28,False,False,False,False,False,
RUN-008,VIN-2027430,Sedan,2026-08-08 09:46:39,226.66,False,False,False,False,False,
RUN-008,VIN-2027431,SUV,2026-08-08 09:48:07,228.13,False,False,False,False,False,
RUN-008,VIN-2027432,EV,2026-08-08 09:49:12,229.21,False,False,False,False,False,
RUN-008,VIN-2027433,Sedan,2026-08-08 09:50:39,230.66,False,False,False,False,False,
RUN-008,VIN-2027434,EV,2026-08-08 09:52:06,232.11,False,False,False,False,False,
RUN-008,VIN-2027435,Sedan,2026-08-08 09:53:14,233.24,False,False,False,False,False,
RUN-008,VIN-2027436,SUV,2026-08-08 09:54:41,234.69,False,False,False,False,False,
RUN-008,VIN-2027437,EV,2026-08-08 09:55:54,235.92,False,False,False,False,False,
RUN-008,VIN-2027438,SUV,2026-08-08 09:57:27,237.45,False,False,False,False,False,
RUN-008,VIN-2027439,SUV,2026-08-08 09:58:42,238.71,False,False,False,False,False,
RUN-009,VIN-2027440,SUV,2026-08-09 06:00:00,0.0,False,False,False,False,False,
RUN-009,VIN-2027441,Sedan,2026-08-09 06:01:27,1.46,False,False,False,False,False,
RUN-009,VIN-2027442,Sedan,2026-08-09 06:02:43,2.73,False,False,False,False,False,
RUN-009,VIN-2027443,SUV,2026-08-09 06:03:57,3.96,False,False,False,False,False,
RUN-009,VIN-2027444,Sedan,2026-08-09 06:05:14,5.24,False,False,False,False,False,
RUN-009,VIN-2027445,SUV,2026-08-09 06:06:41,6.7,False,False,False,False,False,
RUN-009,VIN-2027446,SUV,2026-08-09 06:08:08,8.14,False,False,False,False,False,
RUN-009,VIN-2027447,Sedan,2026-08-09 06:09:15,9.25,False,False,False,False,False,
RUN-009,VIN-2027448,SUV,2026-08-09 06:10:42,10.7,False,False,False,False,False,
RUN-009,VIN-2027449,EV,2026-08-09 06:11:57,11.96,False,False,False,False,False,
RUN-009,VIN-2027450,EV,2026-08-09 06:13:27,13.45,False,False,False,False,False,
RUN-009,VIN-2027451,Sedan,2026-08-09 06:14:43,14.72,False,False,False,False,False,
RUN-009,VIN-2027452,SUV,2026-08-09 06:15:47,15.8,False,False,False,False,False,
RUN-009,VIN-2027453,SUV,2026-08-09 06:17:18,17.31,False,False,False,False,False,
RUN-009,VIN-2027454,Sedan,2026-08-09 06:18:39,18.66,False,False,False,False,False,
RUN-009,VIN-2027455,Sedan,2026-08-09 06:19:57,19.95,False,False,False,False,False,
RUN-009,VIN-2027456,EV,2026-08-09 06:21:24,21.41,False,False,False,False,False,
RUN-009,VIN-2027457,Sedan,2026-08-09 06:22:40,22.68,False,False,False,False,False,
RUN-009,VIN-2027458,Sedan,2026-08-09 06:23:55,23.92,False,False,False,False,False,
RUN-009,VIN-2027459,Sedan,2026-08-09 06:25:17,25.3,False,False,False,False,False,
RUN-009,VIN-2027460,Sedan,2026-08-09 06:26:36,26.6,False,False,False,False,False,
RUN-009,VIN-2027461,SUV,2026-08-09 06:28:00,28.01,False,False,False,False,False,
RUN-009,VIN-2027462,SUV,2026-08-09 06:29:16,29.27,False,False,False,False,False,
RUN-009,VIN-2027463,EV,2026-08-09 06:30:42,30.7,False,False,False,False,False,
RUN-009,VIN-2027464,SUV,2026-08-09 06:32:02,32.05,False,False,False,False,False,
RUN-009,VIN-2027465,Sedan,2026-08-09 06:33:27,33.46,False,False,False,False,False,
RUN-009,VIN-2027466,Sedan,2026-08-09 06:34:40,34.67,False,False,False,False,False,
RUN-009,VIN-2027467,SUV,2026-08-09 06:35:56,35.94,False,False,False,False,False,
RUN-009,VIN-2027468,Sedan,2026-08-09 06:37:20,37.35,False,False,False,False,False,
RUN-009,VIN-2027469,Sedan,2026-08-09 06:38:34,38.57,False,False,False,False,False,
RUN-009,VIN-2027470,Sedan,2026-08-09 06:40:03,40.06,False,False,False,False,False,
RUN-009,VIN-2027471,SUV,2026-08-09 06:41:17,41.29,False,False,False,False,False,
RUN-009,VIN-2027472,EV,2026-08-09 06:42:31,42.52,False,False,False,False,False,
RUN-009,VIN-2027473,Sedan,2026-08-09 06:43:58,43.98,False,False,False,False,False,
RUN-009,VIN-2027474,SUV,2026-08-09 06:45:22,45.38,False,False,False,False,False,
RUN-009,VIN-2027475,Sedan,2026-08-09 06:46:47,46.8,False,False,False,False,False,
RUN-009,VIN-2027476,SUV,2026-08-09 06:47:58,47.98,False,False,False,False,False,
RUN-009,VIN-2027477,EV,2026-08-09 06:49:21,49.36,False,False,False,False,False,
RUN-009,VIN-2027478,Sedan,2026-08-09 06:50:47,50.79,False,False,False,False,False,
RUN-009,VIN-2027479,Sedan,2026-08-09 06:51:54,51.91,False,False,False,False,False,
RUN-009,VIN-2027480,SUV,2026-08-09 06:53:27,53.46,False,False,False,False,False,
RUN-009,VIN-2027481,Sedan,2026-08-09 06:54:37,54.62,False,False,False,False,False,
RUN-009,VIN-2027482,Sedan,2026-08-09 06:55:59,55.99,False,False,False,False,False,
RUN-009,VIN-2027483,SUV,2026-08-09 06:57:20,57.34,False,False,False,False,False,
RUN-009,VIN-2027484,SUV,2026-08-09 06:58:36,58.61,False,False,False,False,False,
RUN-009,VIN-2027485,SUV,2026-08-09 06:59:59,59.99,False,False,False,False,False,
RUN-009,VIN-2027486,SUV,2026-08-09 07:01:16,61.28,False,False,False,False,False,
RUN-009,VIN-2027487,Sedan,2026-08-09 07:02:37,62.63,False,False,False,False,False,
RUN-009,VIN-2027488,Sedan,2026-08-09 07:04:00,64.02,False,False,False,False,False,
RUN-009,VIN-2027489,SUV,2026-08-09 07:05:13,65.22,False,False,False,False,False,
RUN-009,VIN-2027490,SUV,2026-08-09 07:06:40,66.67,False,False,False,False,False,
RUN-009,VIN-2027491,SUV,2026-08-09 07:08:06,68.11,False,False,False,False,False,
RUN-009,VIN-2027492,EV,2026-08-09 07:09:24,69.4,False,False,False,False,False,
RUN-009,VIN-2027493,Sedan,2026-08-09 07:10:43,70.73,False,False,False,False,False,
RUN-009,VIN-2027494,SUV,2026-08-09 07:12:04,72.07,False,False,False,False,False,
RUN-009,VIN-2027495,SUV,2026-08-09 07:13:18,73.31,False,False,False,False,False,
RUN-009,VIN-2027496,EV,2026-08-09 07:14:34,74.57,False,False,False,False,False,
RUN-009,VIN-2027497,SUV,2026-08-09 07:16:03,76.06,False,False,False,False,False,
RUN-009,VIN-2027498,Sedan,2026-08-09 07:17:15,77.26,False,False,False,False,False,
RUN-009,VIN-2027499,SUV,2026-08-09 07:18:39,78.67,False,False,False,False,False,
RUN-009,VIN-2027500,Sedan,2026-08-09 07:19:57,79.96,False,False,False,False,False,
RUN-009,VIN-2027501,Sedan,2026-08-09 07:21:20,81.34,False,False,False,False,False,
RUN-009,VIN-2027502,SUV,2026-08-09 07:22:38,82.64,False,False,False,False,False,
RUN-009,VIN-2027503,Sedan,2026-08-09 07:24:00,84.01,False,False,False,False,False,
RUN-009,VIN-2027504,Sedan,2026-08-09 07:25:12,85.21,False,False,False,False,False,
RUN-009,VIN-2027505,Sedan,2026-08-09 07:26:36,86.6,False,False,False,False,False,
RUN-009,VIN-2027506,Sedan,2026-08-09 07:27:56,87.94,False,False,False,False,False,
RUN-009,VIN-2027507,Sedan,2026-08-09 07:29:16,89.28,False,False,False,False,False,
RUN-009,VIN-2027508,SUV,2026-08-09 07:30:48,90.81,False,False,False,False,False,
RUN-009,VIN-2027509,Sedan,2026-08-09 07:32:03,92.07,False,False,False,False,False,
RUN-009,VIN-2027510,Sedan,2026-08-09 07:33:24,93.41,False,False,False,False,False,
RUN-009,VIN-2027511,Sedan,2026-08-09 07:34:40,94.67,False,False,False,False,False,
RUN-009,VIN-2027512,Sedan,2026-08-09 07:35:51,95.86,False,False,False,False,False,
RUN-009,VIN-2027513,Sedan,2026-08-09 07:37:16,97.28,False,False,False,False,False,
RUN-009,VIN-2027514,Sedan,2026-08-09 07:38:37,98.62,False,False,False,False,False,
RUN-009,VIN-2027515,SUV,2026-08-09 07:39:56,99.94,False,False,False,False,False,
RUN-009,VIN-2027516,Sedan,2026-08-09 07:41:25,101.43,False,False,False,False,False,
RUN-009,VIN-2027517,SUV,2026-08-09 07:42:29,102.49,False,False,False,False,False,
RUN-009,VIN-2027518,SUV,2026-08-09 07:44:05,104.09,False,False,False,False,False,
RUN-009,VIN-2027519,Sedan,2026-08-09 07:45:19,105.32,False,False,False,False,False,
RUN-009,VIN-2027520,Sedan,2026-08-09 07:46:36,106.62,False,False,False,False,False,
RUN-009,VIN-2027521,Sedan,2026-08-09 07:47:53,107.89,False,False,False,False,False,
RUN-009,VIN-2027522,SUV,2026-08-09 07:49:15,109.25,False,False,False,False,False,
RUN-009,VIN-2027523,Sedan,2026-08-09 07:50:40,110.67,False,False,False,False,False,
RUN-009,VIN-2027524,Sedan,2026-08-09 07:52:01,112.03,False,False,False,False,False,
RUN-009,VIN-2027525,EV,2026-08-09 07:53:21,113.36,False,False,False,False,False,
RUN-009,VIN-2027526,EV,2026-08-09 07:54:31,114.52,False,False,False,False,False,
RUN-009,VIN-2027527,Sedan,2026-08-09 07:55:56,115.95,False,False,False,False,False,
RUN-009,VIN-2027528,Sedan,2026-08-09 07:57:23,117.39,False,False,False,False,False,
RUN-009,VIN-2027529,EV,2026-08-09 07:58:37,118.62,False,False,False,False,False,
RUN-009,VIN-2027530,SUV,2026-08-09 07:59:57,119.96,False,False,False,False,False,
RUN-009,VIN-2027531,Sedan,2026-08-09 08:01:16,121.27,False,False,False,False,False,
RUN-009,VIN-2027532,Sedan,2026-08-09 08:02:42,122.71,False,False,False,False,False,
RUN-009,VIN-2027533,Sedan,2026-08-09 08:03:56,123.94,False,False,False,False,False,
RUN-009,VIN-2027534,Sedan,2026-08-09 08:05:25,125.42,False,False,False,False,False,
RUN-009,VIN-2027535,Sedan,2026-08-09 08:06:35,126.6,False,False,False,False,False,
RUN-009,VIN-2027536,EV,2026-08-09 08:08:03,128.06,False,False,False,False,False,
RUN-009,VIN-2027537,Sedan,2026-08-09 08:09:26,129.44,False,False,False,False,False,
RUN-009,VIN-2027538,Sedan,2026-08-09 08:10:34,130.58,False,False,False,False,False,
RUN-009,VIN-2027539,Sedan,2026-08-09 08:12:07,132.13,False,False,False,False,False,
RUN-009,VIN-2027540,Sedan,2026-08-09 08:13:07,133.13,False,False,False,False,False,
RUN-009,VIN-2027541,Sedan,2026-08-09 08:14:39,134.65,False,False,False,False,False,
RUN-009,VIN-2027542,EV,2026-08-09 08:16:03,136.05,False,False,False,False,False,
RUN-009,VIN-2027543,EV,2026-08-09 08:17:18,137.31,False,False,False,False,False,
RUN-009,VIN-2027544,Sedan,2026-08-09 08:18:44,138.74,False,False,False,False,False,
RUN-009,VIN-2027545,SUV,2026-08-09 08:20:03,140.06,False,False,False,False,False,
RUN-009,VIN-2027546,Sedan,2026-08-09 08:21:21,141.36,False,False,False,False,False,
RUN-009,VIN-2027547,EV,2026-08-09 08:22:41,142.7,False,False,False,False,False,
RUN-009,VIN-2027548,Sedan,2026-08-09 08:24:03,144.06,False,False,False,False,False,
RUN-009,VIN-2027549,Sedan,2026-08-09 08:25:22,145.38,False,False,False,False,False,
RUN-009,VIN-2027550,Sedan,2026-08-09 08:26:41,146.69,False,False,False,False,False,
RUN-009,VIN-2027551,Sedan,2026-08-09 08:28:14,148.25,False,False,False,False,False,
RUN-009,VIN-2027552,SUV,2026-08-09 08:29:20,149.35,False,False,False,False,False,
RUN-009,VIN-2027553,EV,2026-08-09 08:30:30,150.5,False,False,False,False,False,
RUN-009,VIN-2027554,Sedan,2026-08-09 08:31:59,151.99,False,False,False,False,False,
RUN-009,VIN-2027555,Sedan,2026-08-09 08:33:09,153.16,False,False,False,False,False,
RUN-009,VIN-2027556,Sedan,2026-08-09 08:34:44,154.73,False,False,False,False,False,
RUN-009,VIN-2027557,EV,2026-08-09 08:36:01,156.03,False,False,False,False,False,
RUN-009,VIN-2027558,Sedan,2026-08-09 08:37:15,157.25,False,False,False,False,False,
RUN-009,VIN-2027559,Sedan,2026-08-09 08:38:38,158.65,False,False,False,False,False,
RUN-009,VIN-2027560,Sedan,2026-08-09 08:39:56,159.95,False,False,False,False,False,
RUN-009,VIN-2027561,Sedan,2026-08-09 08:41:23,161.39,False,False,False,False,False,
RUN-009,VIN-2027562,Sedan,2026-08-09 08:42:42,162.71,False,True,False,False,True,RUN009-EVT01
RUN-009,VIN-2027563,EV,2026-08-09 08:44:04,164.08,False,True,False,False,True,RUN009-EVT01
RUN-009,VIN-2027564,Sedan,2026-08-09 08:45:23,165.4,False,True,False,False,True,RUN009-EVT01
RUN-009,VIN-2027565,SUV,2026-08-09 08:46:35,166.59,False,True,False,False,True,RUN009-EVT01
RUN-009,VIN-2027566,Sedan,2026-08-09 08:47:57,167.97,False,True,False,False,True,RUN009-EVT01
RUN-009,VIN-2027567,Sedan,2026-08-09 08:49:21,169.35,False,True,False,False,True,RUN009-EVT01
RUN-009,VIN-2027568,EV,2026-08-09 08:50:49,170.82,False,True,False,False,True,RUN009-EVT01
RUN-009,VIN-2027569,Sedan,2026-08-09 08:52:01,172.03,False,True,False,False,True,RUN009-EVT01
RUN-009,VIN-2027570,EV,2026-08-09 08:53:17,173.29,False,True,False,False,True,RUN009-EVT01
RUN-009,VIN-2027571,SUV,2026-08-09 08:54:43,174.72,False,True,False,False,True,RUN009-EVT01
RUN-009,VIN-2027572,SUV,2026-08-09 08:56:04,176.08,False,True,False,False,True,RUN009-EVT01
RUN-009,VIN-2027573,EV,2026-08-09 08:57:20,177.34,False,True,False,False,True,RUN009-EVT01
RUN-009,VIN-2027574,Sedan,2026-08-09 08:58:40,178.68,False,True,False,False,True,RUN009-EVT01
RUN-009,VIN-2027575,SUV,2026-08-09 08:59:52,179.88,False,True,False,False,True,RUN009-EVT01
RUN-009,VIN-2027576,EV,2026-08-09 09:01:22,181.37,False,True,False,False,True,RUN009-EVT01
RUN-009,VIN-2027577,Sedan,2026-08-09 09:02:38,182.64,False,True,False,False,True,RUN009-EVT01
RUN-009,VIN-2027578,SUV,2026-08-09 09:04:05,184.09,False,True,False,False,True,RUN009-EVT01
RUN-009,VIN-2027579,Sedan,2026-08-09 09:05:25,185.43,False,True,False,False,True,RUN009-EVT01
RUN-009,VIN-2027580,SUV,2026-08-09 09:06:42,186.71,False,True,False,False,True,RUN009-EVT01
RUN-009,VIN-2027581,SUV,2026-08-09 09:07:59,187.99,False,True,False,False,True,RUN009-EVT01
RUN-009,VIN-2027582,SUV,2026-08-09 09:09:17,189.29,False,True,False,False,True,RUN009-EVT01
RUN-009,VIN-2027583,Sedan,2026-08-09 09:10:41,190.69,False,True,False,False,True,RUN009-EVT01
RUN-009,VIN-2027584,Sedan,2026-08-09 09:11:58,191.98,False,True,False,False,True,RUN009-EVT01
RUN-009,VIN-2027585,SUV,2026-08-09 09:13:16,193.28,False,True,False,False,True,RUN009-EVT01
RUN-009,VIN-2027586,SUV,2026-08-09 09:14:39,194.66,False,True,False,False,True,RUN009-EVT01
RUN-009,VIN-2027587,Sedan,2026-08-09 09:15:49,195.82,False,True,False,False,True,RUN009-EVT01
RUN-009,VIN-2027588,Sedan,2026-08-09 09:17:25,197.43,False,False,False,False,False,
RUN-009,VIN-2027589,EV,2026-08-09 09:18:35,198.59,False,False,False,False,False,
RUN-009,VIN-2027590,EV,2026-08-09 09:19:58,199.98,False,False,False,False,False,
RUN-009,VIN-2027591,SUV,2026-08-09 09:21:23,201.4,False,False,False,False,False,
RUN-009,VIN-2027592,EV,2026-08-09 09:22:39,202.66,False,False,False,False,False,
RUN-009,VIN-2027593,Sedan,2026-08-09 09:23:58,203.97,False,False,False,False,False,
RUN-009,VIN-2027594,Sedan,2026-08-09 09:25:19,205.33,False,False,False,False,False,
RUN-009,VIN-2027595,EV,2026-08-09 09:26:42,206.72,False,False,False,False,False,
RUN-009,VIN-2027596,Sedan,2026-08-09 09:28:01,208.03,False,False,False,False,False,
RUN-009,VIN-2027597,Sedan,2026-08-09 09:29:21,209.35,False,False,False,False,False,
RUN-009,VIN-2027598,SUV,2026-08-09 09:30:31,210.53,False,False,False,False,False,
RUN-009,VIN-2027599,SUV,2026-08-09 09:32:02,212.05,False,False,False,False,False,
RUN-009,VIN-2027600,SUV,2026-08-09 09:33:14,213.24,False,False,False,False,False,
RUN-009,VIN-2027601,Sedan,2026-08-09 09:34:29,214.49,False,False,False,False,False,
RUN-009,VIN-2027602,Sedan,2026-08-09 09:36:02,216.04,False,False,False,False,False,
RUN-009,VIN-2027603,Sedan,2026-08-09 09:37:17,217.3,False,False,False,False,False,
RUN-009,VIN-2027604,EV,2026-08-09 09:38:33,218.56,False,False,False,False,False,
RUN-009,VIN-2027605,EV,2026-08-09 09:40:05,220.09,False,False,False,False,False,
RUN-009,VIN-2027606,SUV,2026-08-09 09:41:29,221.49,False,False,False,False,False,
RUN-009,VIN-2027607,Sedan,2026-08-09 09:42:47,222.79,False,False,False,False,False,
RUN-009,VIN-2027608,SUV,2026-08-09 09:44:11,224.19,False,False,False,False,False,
RUN-009,VIN-2027609,Sedan,2026-08-09 09:45:24,225.41,False,False,False,False,False,
RUN-009,VIN-2027610,Sedan,2026-08-09 09:46:39,226.67,False,False,False,False,False,
RUN-009,VIN-2027611,Sedan,2026-08-09 09:47:48,227.8,False,False,False,False,False,
RUN-009,VIN-2027612,Sedan,2026-08-09 09:49:17,229.3,False,False,False,False,False,
RUN-009,VIN-2027613,SUV,2026-08-09 09:50:42,230.71,False,False,False,False,False,
RUN-009,VIN-2027614,EV,2026-08-09 09:52:01,232.03,False,False,False,False,False,
RUN-009,VIN-2027615,Sedan,2026-08-09 09:53:14,233.24,False,False,False,False,False,
RUN-009,VIN-2027616,SUV,2026-08-09 09:54:42,234.71,False,False,False,False,False,
RUN-009,VIN-2027617,SUV,2026-08-09 09:55:59,235.99,False,False,False,False,False,
RUN-009,VIN-2027618,SUV,2026-08-09 09:57:21,237.35,False,False,False,False,False,
RUN-009,VIN-2027619,Sedan,2026-08-09 09:58:32,238.54,False,False,False,False,False,
RUN-010,VIN-2027620,Sedan,2026-08-10 06:00:07,0.13,False,False,False,False,False,
RUN-010,VIN-2027621,Sedan,2026-08-10 06:01:21,1.36,False,False,False,False,False,
RUN-010,VIN-2027622,Sedan,2026-08-10 06:02:49,2.83,False,False,False,False,False,
RUN-010,VIN-2027623,SUV,2026-08-10 06:03:52,3.87,False,False,False,False,False,
RUN-010,VIN-2027624,SUV,2026-08-10 06:05:24,5.41,False,False,False,False,False,
RUN-010,VIN-2027625,Sedan,2026-08-10 06:06:40,6.67,False,False,False,False,False,
RUN-010,VIN-2027626,Sedan,2026-08-10 06:08:04,8.07,False,False,False,False,False,
RUN-010,VIN-2027627,Sedan,2026-08-10 06:09:13,9.22,False,False,False,False,False,
RUN-010,VIN-2027628,EV,2026-08-10 06:10:33,10.56,False,False,False,False,False,
RUN-010,VIN-2027629,SUV,2026-08-10 06:12:02,12.04,False,False,False,False,False,
RUN-010,VIN-2027630,Sedan,2026-08-10 06:13:17,13.3,False,False,False,False,False,
RUN-010,VIN-2027631,SUV,2026-08-10 06:14:37,14.63,False,False,False,False,False,
RUN-010,VIN-2027632,Sedan,2026-08-10 06:16:03,16.05,False,False,False,False,False,
RUN-010,VIN-2027633,Sedan,2026-08-10 06:17:21,17.36,False,False,False,False,False,
RUN-010,VIN-2027634,EV,2026-08-10 06:18:46,18.77,False,False,False,False,False,
RUN-010,VIN-2027635,EV,2026-08-10 06:19:48,19.81,False,False,False,False,False,
RUN-010,VIN-2027636,SUV,2026-08-10 06:21:13,21.23,False,False,False,False,False,
RUN-010,VIN-2027637,SUV,2026-08-10 06:22:37,22.62,False,False,False,False,False,
RUN-010,VIN-2027638,EV,2026-08-10 06:23:58,23.98,False,False,False,False,False,
RUN-010,VIN-2027639,Sedan,2026-08-10 06:25:23,25.39,False,False,False,False,False,
RUN-010,VIN-2027640,Sedan,2026-08-10 06:26:37,26.62,False,False,False,False,False,
RUN-010,VIN-2027641,SUV,2026-08-10 06:27:55,27.93,False,False,False,False,False,
RUN-010,VIN-2027642,SUV,2026-08-10 06:29:22,29.37,False,False,False,False,False,
RUN-010,VIN-2027643,SUV,2026-08-10 06:30:39,30.66,False,False,False,False,False,
RUN-010,VIN-2027644,EV,2026-08-10 06:32:03,32.06,False,False,False,False,False,
RUN-010,VIN-2027645,SUV,2026-08-10 06:33:15,33.26,False,False,False,False,False,
RUN-010,VIN-2027646,Sedan,2026-08-10 06:34:41,34.7,False,False,False,False,False,
RUN-010,VIN-2027647,SUV,2026-08-10 06:35:51,35.86,False,False,False,False,False,
RUN-010,VIN-2027648,SUV,2026-08-10 06:37:20,37.34,False,False,False,False,False,
RUN-010,VIN-2027649,SUV,2026-08-10 06:38:32,38.54,False,False,False,False,False,
RUN-010,VIN-2027650,SUV,2026-08-10 06:40:04,40.07,False,False,False,False,False,
RUN-010,VIN-2027651,SUV,2026-08-10 06:41:20,41.34,False,False,False,False,False,
RUN-010,VIN-2027652,EV,2026-08-10 06:42:35,42.6,False,False,False,False,False,
RUN-010,VIN-2027653,Sedan,2026-08-10 06:43:54,43.9,False,False,False,False,False,
RUN-010,VIN-2027654,SUV,2026-08-10 06:45:22,45.37,False,False,False,False,False,
RUN-010,VIN-2027655,SUV,2026-08-10 06:46:38,46.64,False,False,False,False,False,
RUN-010,VIN-2027656,Sedan,2026-08-10 06:48:03,48.05,False,False,False,False,False,
RUN-010,VIN-2027657,SUV,2026-08-10 06:49:16,49.28,False,False,False,False,False,
RUN-010,VIN-2027658,Sedan,2026-08-10 06:50:31,50.53,False,False,False,False,False,
RUN-010,VIN-2027659,Sedan,2026-08-10 06:51:52,51.88,False,False,False,False,False,
RUN-010,VIN-2027660,Sedan,2026-08-10 06:53:25,53.43,False,False,False,False,False,
RUN-010,VIN-2027661,SUV,2026-08-10 06:54:44,54.74,False,False,False,False,False,
RUN-010,VIN-2027662,Sedan,2026-08-10 06:55:59,55.99,False,False,False,False,False,
RUN-010,VIN-2027663,SUV,2026-08-10 06:57:16,57.28,False,False,False,False,False,
RUN-010,VIN-2027664,Sedan,2026-08-10 06:58:44,58.73,False,False,False,False,False,
RUN-010,VIN-2027665,EV,2026-08-10 06:59:55,59.93,False,False,False,False,False,
RUN-010,VIN-2027666,Sedan,2026-08-10 07:01:22,61.37,False,False,False,False,False,
RUN-010,VIN-2027667,SUV,2026-08-10 07:02:38,62.63,False,False,False,False,False,
RUN-010,VIN-2027668,Sedan,2026-08-10 07:03:56,63.94,False,False,False,False,False,
RUN-010,VIN-2027669,Sedan,2026-08-10 07:05:21,65.35,False,False,False,False,False,
RUN-010,VIN-2027670,EV,2026-08-10 07:06:41,66.7,False,False,False,False,False,
RUN-010,VIN-2027671,EV,2026-08-10 07:07:51,67.86,False,False,False,False,False,
RUN-010,VIN-2027672,Sedan,2026-08-10 07:09:21,69.36,False,False,False,False,False,
RUN-010,VIN-2027673,Sedan,2026-08-10 07:10:39,70.66,False,False,False,False,False,
RUN-010,VIN-2027674,EV,2026-08-10 07:12:01,72.03,False,False,False,False,False,
RUN-010,VIN-2027675,SUV,2026-08-10 07:13:16,73.28,False,False,False,False,False,
RUN-010,VIN-2027676,SUV,2026-08-10 07:14:35,74.59,False,False,False,False,False,
RUN-010,VIN-2027677,Sedan,2026-08-10 07:16:06,76.11,False,False,False,False,False,
RUN-010,VIN-2027678,Sedan,2026-08-10 07:17:09,77.16,False,False,False,False,False,
RUN-010,VIN-2027679,SUV,2026-08-10 07:18:35,78.6,False,False,False,False,False,
RUN-010,VIN-2027680,Sedan,2026-08-10 07:19:56,79.95,False,False,False,False,False,
RUN-010,VIN-2027681,Sedan,2026-08-10 07:21:29,81.49,False,False,False,False,False,
RUN-010,VIN-2027682,Sedan,2026-08-10 07:22:37,82.62,False,False,False,False,False,
RUN-010,VIN-2027683,EV,2026-08-10 07:24:01,84.02,False,False,False,False,False,
RUN-010,VIN-2027684,SUV,2026-08-10 07:25:25,85.43,False,False,False,False,False,
RUN-010,VIN-2027685,Sedan,2026-08-10 07:26:40,86.68,False,False,False,False,False,
RUN-010,VIN-2027686,Sedan,2026-08-10 07:27:46,87.77,False,False,False,False,False,
RUN-010,VIN-2027687,Sedan,2026-08-10 07:29:19,89.33,False,False,False,False,False,
RUN-010,VIN-2027688,SUV,2026-08-10 07:30:25,90.43,False,False,False,False,False,
RUN-010,VIN-2027689,Sedan,2026-08-10 07:32:02,92.04,False,False,False,False,False,
RUN-010,VIN-2027690,SUV,2026-08-10 07:33:17,93.3,False,False,False,False,False,
RUN-010,VIN-2027691,Sedan,2026-08-10 07:34:35,94.59,False,False,False,False,False,
RUN-010,VIN-2027692,Sedan,2026-08-10 07:36:05,96.09,False,False,False,False,False,
RUN-010,VIN-2027693,SUV,2026-08-10 07:37:17,97.29,False,False,False,False,False,
RUN-010,VIN-2027694,SUV,2026-08-10 07:38:45,98.76,False,False,False,False,False,
RUN-010,VIN-2027695,Sedan,2026-08-10 07:40:06,100.11,False,False,False,False,False,
RUN-010,VIN-2027696,SUV,2026-08-10 07:41:19,101.32,False,False,False,False,False,
RUN-010,VIN-2027697,Sedan,2026-08-10 07:42:39,102.66,False,False,False,False,False,
RUN-010,VIN-2027698,EV,2026-08-10 07:43:59,103.99,False,False,False,False,False,
RUN-010,VIN-2027699,SUV,2026-08-10 07:45:22,105.38,False,False,False,False,False,
RUN-010,VIN-2027700,Sedan,2026-08-10 07:46:40,106.67,False,False,False,False,False,
RUN-010,VIN-2027701,SUV,2026-08-10 07:47:56,107.95,False,False,False,False,False,
RUN-010,VIN-2027702,SUV,2026-08-10 07:49:13,109.23,False,False,False,False,False,
RUN-010,VIN-2027703,SUV,2026-08-10 07:50:48,110.81,False,False,False,False,False,
RUN-010,VIN-2027704,Sedan,2026-08-10 07:51:56,111.94,False,False,False,False,False,
RUN-010,VIN-2027705,Sedan,2026-08-10 07:53:23,113.39,False,False,False,False,False,
RUN-010,VIN-2027706,SUV,2026-08-10 07:54:32,114.54,False,False,False,False,False,
RUN-010,VIN-2027707,SUV,2026-08-10 07:55:59,115.99,False,False,False,False,False,
RUN-010,VIN-2027708,Sedan,2026-08-10 07:57:11,117.18,False,False,False,False,False,
RUN-010,VIN-2027709,Sedan,2026-08-10 07:58:48,118.81,False,False,False,False,False,
RUN-010,VIN-2027710,Sedan,2026-08-10 08:00:06,120.11,False,False,False,False,False,
RUN-010,VIN-2027711,Sedan,2026-08-10 08:01:20,121.34,False,False,False,False,False,
RUN-010,VIN-2027712,EV,2026-08-10 08:02:43,122.73,False,False,False,False,False,
RUN-010,VIN-2027713,SUV,2026-08-10 08:03:59,123.99,False,False,False,False,False,
RUN-010,VIN-2027714,Sedan,2026-08-10 08:05:20,125.35,False,False,False,False,False,
RUN-010,VIN-2027715,SUV,2026-08-10 08:06:39,126.65,False,False,False,False,False,
RUN-010,VIN-2027716,Sedan,2026-08-10 08:08:03,128.05,False,False,False,False,False,
RUN-010,VIN-2027717,Sedan,2026-08-10 08:09:15,129.26,False,False,False,False,False,
RUN-010,VIN-2027718,Sedan,2026-08-10 08:10:36,130.6,False,False,False,False,False,
RUN-010,VIN-2027719,Sedan,2026-08-10 08:12:07,132.12,False,False,False,False,False,
RUN-010,VIN-2027720,SUV,2026-08-10 08:13:11,133.2,False,False,False,False,False,
RUN-010,VIN-2027721,SUV,2026-08-10 08:14:35,134.6,False,False,False,False,False,
RUN-010,VIN-2027722,Sedan,2026-08-10 08:16:12,136.2,False,False,False,False,False,
RUN-010,VIN-2027723,Sedan,2026-08-10 08:17:17,137.28,False,False,False,False,False,
RUN-010,VIN-2027724,Sedan,2026-08-10 08:18:42,138.7,False,False,False,False,False,
RUN-010,VIN-2027725,Sedan,2026-08-10 08:20:11,140.19,False,False,False,False,False,
RUN-010,VIN-2027726,SUV,2026-08-10 08:21:21,141.35,False,False,False,False,False,
RUN-010,VIN-2027727,Sedan,2026-08-10 08:22:49,142.83,False,False,False,False,False,
RUN-010,VIN-2027728,EV,2026-08-10 08:24:03,144.05,False,False,False,False,False,
RUN-010,VIN-2027729,Sedan,2026-08-10 08:25:18,145.3,False,False,False,False,False,
RUN-010,VIN-2027730,EV,2026-08-10 08:26:35,146.59,False,False,False,False,False,
RUN-010,VIN-2027731,SUV,2026-08-10 08:27:57,147.95,False,False,False,False,False,
RUN-010,VIN-2027732,Sedan,2026-08-10 08:29:18,149.31,False,False,False,False,False,
RUN-010,VIN-2027733,Sedan,2026-08-10 08:30:43,150.72,False,False,False,False,False,
RUN-010,VIN-2027734,Sedan,2026-08-10 08:32:04,152.07,False,True,False,False,True,RUN010-EVT01
RUN-010,VIN-2027735,SUV,2026-08-10 08:33:29,153.48,False,True,False,False,True,RUN010-EVT01
RUN-010,VIN-2027736,Sedan,2026-08-10 08:34:38,154.64,False,True,False,False,True,RUN010-EVT01
RUN-010,VIN-2027737,SUV,2026-08-10 08:36:00,156.01,False,True,False,False,True,RUN010-EVT01
RUN-010,VIN-2027738,Sedan,2026-08-10 08:37:21,157.36,False,True,False,False,True,RUN010-EVT01
RUN-010,VIN-2027739,SUV,2026-08-10 08:38:36,158.6,False,True,False,False,True,RUN010-EVT01
RUN-010,VIN-2027740,Sedan,2026-08-10 08:40:03,160.06,False,True,False,False,True,RUN010-EVT01
RUN-010,VIN-2027741,Sedan,2026-08-10 08:41:20,161.33,False,True,False,False,True,RUN010-EVT01
RUN-010,VIN-2027742,Sedan,2026-08-10 08:42:35,162.59,False,True,False,False,True,RUN010-EVT01
RUN-010,VIN-2027743,SUV,2026-08-10 08:44:03,164.06,False,True,False,False,True,RUN010-EVT01
RUN-010,VIN-2027744,EV,2026-08-10 08:45:16,165.28,False,True,False,False,True,RUN010-EVT01
RUN-010,VIN-2027745,Sedan,2026-08-10 08:46:50,166.85,False,True,False,False,True,RUN010-EVT01
RUN-010,VIN-2027746,EV,2026-08-10 08:48:03,168.06,False,True,False,False,True,RUN010-EVT01
RUN-010,VIN-2027747,SUV,2026-08-10 08:49:21,169.36,False,True,False,False,True,RUN010-EVT01
RUN-010,VIN-2027748,Sedan,2026-08-10 08:50:37,170.63,False,True,False,False,True,RUN010-EVT01
RUN-010,VIN-2027749,Sedan,2026-08-10 08:51:58,171.97,False,True,False,False,True,RUN010-EVT01
RUN-010,VIN-2027750,Sedan,2026-08-10 08:53:30,173.51,False,True,False,False,True,RUN010-EVT01
RUN-010,VIN-2027751,SUV,2026-08-10 08:54:46,174.78,False,True,False,False,True,RUN010-EVT01
RUN-010,VIN-2027752,SUV,2026-08-10 08:55:55,175.92,False,True,False,False,True,RUN010-EVT01
RUN-010,VIN-2027753,SUV,2026-08-10 08:57:27,177.46,False,True,False,False,True,RUN010-EVT01
RUN-010,VIN-2027754,SUV,2026-08-10 08:58:34,178.57,False,True,False,False,True,RUN010-EVT01
RUN-010,VIN-2027755,Sedan,2026-08-10 08:59:56,179.94,False,True,False,False,True,RUN010-EVT01
RUN-010,VIN-2027756,SUV,2026-08-10 09:01:27,181.46,False,True,False,False,True,RUN010-EVT01
RUN-010,VIN-2027757,Sedan,2026-08-10 09:02:39,182.67,False,True,False,False,True,RUN010-EVT01
RUN-010,VIN-2027758,Sedan,2026-08-10 09:03:58,183.98,False,True,False,False,True,RUN010-EVT01
RUN-010,VIN-2027759,EV,2026-08-10 09:05:19,185.32,False,True,False,False,True,RUN010-EVT01
RUN-010,VIN-2027760,Sedan,2026-08-10 09:06:42,186.71,False,True,False,False,True,RUN010-EVT01
RUN-010,VIN-2027761,SUV,2026-08-10 09:08:02,188.03,False,True,False,False,True,RUN010-EVT01
RUN-010,VIN-2027762,Sedan,2026-08-10 09:09:20,189.34,False,True,False,False,True,RUN010-EVT01
RUN-010,VIN-2027763,Sedan,2026-08-10 09:10:28,190.47,False,True,False,False,True,RUN010-EVT01
RUN-010,VIN-2027764,SUV,2026-08-10 09:11:56,191.94,False,True,False,False,True,RUN010-EVT01
RUN-010,VIN-2027765,SUV,2026-08-10 09:13:26,193.44,False,True,False,False,True,RUN010-EVT01
RUN-010,VIN-2027766,SUV,2026-08-10 09:14:44,194.73,False,True,False,False,True,RUN010-EVT01
RUN-010,VIN-2027767,EV,2026-08-10 09:15:57,195.95,False,True,False,False,True,RUN010-EVT01
RUN-010,VIN-2027768,Sedan,2026-08-10 09:17:10,197.18,False,True,False,False,True,RUN010-EVT01
RUN-010,VIN-2027769,SUV,2026-08-10 09:18:32,198.54,False,True,False,False,True,RUN010-EVT01
RUN-010,VIN-2027770,Sedan,2026-08-10 09:19:58,199.97,False,True,False,False,True,RUN010-EVT01
RUN-010,VIN-2027771,Sedan,2026-08-10 09:21:26,201.44,False,True,False,False,True,RUN010-EVT01
RUN-010,VIN-2027772,SUV,2026-08-10 09:22:41,202.7,False,True,False,False,True,RUN010-EVT01
RUN-010,VIN-2027773,Sedan,2026-08-10 09:23:54,203.9,False,True,False,False,True,RUN010-EVT01
RUN-010,VIN-2027774,Sedan,2026-08-10 09:25:12,205.21,False,True,False,False,True,RUN010-EVT01
RUN-010,VIN-2027775,EV,2026-08-10 09:26:41,206.69,False,True,False,False,True,RUN010-EVT01
RUN-010,VIN-2027776,EV,2026-08-10 09:27:55,207.92,False,True,False,False,True,RUN010-EVT01
RUN-010,VIN-2027777,SUV,2026-08-10 09:29:15,209.26,False,True,False,False,True,RUN010-EVT01
RUN-010,VIN-2027778,SUV,2026-08-10 09:30:31,210.53,False,True,False,False,True,RUN010-EVT01
RUN-010,VIN-2027779,SUV,2026-08-10 09:31:59,211.99,False,True,False,False,True,RUN010-EVT01
RUN-010,VIN-2027780,SUV,2026-08-10 09:33:24,213.41,False,True,False,False,True,RUN010-EVT01
RUN-010,VIN-2027781,Sedan,2026-08-10 09:34:45,214.77,False,True,False,False,True,RUN010-EVT01
RUN-010,VIN-2027782,Sedan,2026-08-10 09:36:00,216.0,False,True,False,False,True,RUN010-EVT01
RUN-010,VIN-2027783,SUV,2026-08-10 09:37:12,217.22,False,False,False,False,False,
RUN-010,VIN-2027784,Sedan,2026-08-10 09:38:34,218.58,False,False,False,False,False,
RUN-010,VIN-2027785,Sedan,2026-08-10 09:39:53,219.89,False,False,False,False,False,
RUN-010,VIN-2027786,SUV,2026-08-10 09:41:22,221.37,False,False,False,False,False,
RUN-010,VIN-2027787,SUV,2026-08-10 09:42:49,222.82,False,False,False,False,False,
RUN-010,VIN-2027788,Sedan,2026-08-10 09:44:05,224.09,False,False,False,False,False,
RUN-010,VIN-2027789,Sedan,2026-08-10 09:45:19,225.33,False,False,False,False,False,
RUN-010,VIN-2027790,EV,2026-08-10 09:46:44,226.74,False,False,False,False,False,
RUN-010,VIN-2027791,EV,2026-08-10 09:48:10,228.18,False,False,False,False,False,
RUN-010,VIN-2027792,Sedan,2026-08-10 09:49:21,229.36,False,False,False,False,False,
RUN-010,VIN-2027793,Sedan,2026-08-10 09:50:33,230.56,False,False,False,False,False,
RUN-010,VIN-2027794,EV,2026-08-10 09:51:55,231.92,False,False,False,False,False,
RUN-010,VIN-2027795,SUV,2026-08-10 09:53:20,233.34,False,False,False,False,False,
RUN-010,VIN-2027796,Sedan,2026-08-10 09:54:42,234.72,False,False,False,False,False,
RUN-010,VIN-2027797,SUV,2026-08-10 09:56:04,236.07,False,False,False,False,False,
RUN-010,VIN-2027798,Sedan,2026-08-10 09:57:18,237.3,False,False,False,False,False,
RUN-010,VIN-2027799,SUV,2026-08-10 09:58:36,238.62,False,False,False,False,False,
RUN-011,VIN-2027800,SUV,2026-08-11 06:00:00,0.0,False,False,False,False,False,
RUN-011,VIN-2027801,Sedan,2026-08-11 06:01:28,1.48,False,False,False,False,False,
RUN-011,VIN-2027802,SUV,2026-08-11 06:02:47,2.79,False,False,False,False,False,
RUN-011,VIN-2027803,SUV,2026-08-11 06:04:02,4.05,False,False,False,False,False,
RUN-011,VIN-2027804,EV,2026-08-11 06:05:16,5.27,False,False,False,False,False,
RUN-011,VIN-2027805,Sedan,2026-08-11 06:06:40,6.68,False,False,False,False,False,
RUN-011,VIN-2027806,EV,2026-08-11 06:07:57,7.95,False,False,False,False,False,
RUN-011,VIN-2027807,Sedan,2026-08-11 06:09:23,9.38,False,False,False,False,False,
RUN-011,VIN-2027808,Sedan,2026-08-11 06:10:43,10.73,False,False,False,False,False,
RUN-011,VIN-2027809,Sedan,2026-08-11 06:12:08,12.14,False,False,False,False,False,
RUN-011,VIN-2027810,Sedan,2026-08-11 06:13:12,13.21,False,False,False,False,False,
RUN-011,VIN-2027811,SUV,2026-08-11 06:14:42,14.71,False,False,False,False,False,
RUN-011,VIN-2027812,Sedan,2026-08-11 06:16:00,16.0,False,False,False,False,False,
RUN-011,VIN-2027813,SUV,2026-08-11 06:17:25,17.42,False,False,False,False,False,
RUN-011,VIN-2027814,Sedan,2026-08-11 06:18:39,18.65,False,False,False,False,False,
RUN-011,VIN-2027815,Sedan,2026-08-11 06:20:00,20.0,False,False,False,False,False,
RUN-011,VIN-2027816,SUV,2026-08-11 06:21:21,21.37,False,False,False,False,False,
RUN-011,VIN-2027817,Sedan,2026-08-11 06:22:38,22.65,False,False,False,False,False,
RUN-011,VIN-2027818,SUV,2026-08-11 06:23:52,23.87,False,False,False,False,False,
RUN-011,VIN-2027819,Sedan,2026-08-11 06:25:32,25.55,False,False,False,False,False,
RUN-011,VIN-2027820,SUV,2026-08-11 06:26:38,26.64,False,False,False,False,False,
RUN-011,VIN-2027821,Sedan,2026-08-11 06:28:04,28.07,False,False,False,False,False,
RUN-011,VIN-2027822,Sedan,2026-08-11 06:29:10,29.17,False,False,False,False,False,
RUN-011,VIN-2027823,Sedan,2026-08-11 06:30:40,30.68,False,False,False,False,False,
RUN-011,VIN-2027824,SUV,2026-08-11 06:31:47,31.8,False,False,False,False,False,
RUN-011,VIN-2027825,EV,2026-08-11 06:33:26,33.45,False,False,False,False,False,
RUN-011,VIN-2027826,SUV,2026-08-11 06:34:46,34.77,False,False,False,False,False,
RUN-011,VIN-2027827,SUV,2026-08-11 06:35:57,35.96,False,False,False,False,False,
RUN-011,VIN-2027828,Sedan,2026-08-11 06:37:14,37.23,False,False,False,False,False,
RUN-011,VIN-2027829,Sedan,2026-08-11 06:38:43,38.72,False,False,False,False,False,
RUN-011,VIN-2027830,SUV,2026-08-11 06:40:01,40.02,False,False,False,False,False,
RUN-011,VIN-2027831,SUV,2026-08-11 06:41:27,41.46,False,False,False,False,False,
RUN-011,VIN-2027832,Sedan,2026-08-11 06:42:51,42.87,False,False,False,False,False,
RUN-011,VIN-2027833,EV,2026-08-11 06:43:58,43.97,False,False,False,False,False,
RUN-011,VIN-2027834,EV,2026-08-11 06:45:29,45.48,False,False,False,False,False,
RUN-011,VIN-2027835,EV,2026-08-11 06:46:45,46.76,False,False,False,False,False,
RUN-011,VIN-2027836,SUV,2026-08-11 06:47:53,47.89,False,False,False,False,False,
RUN-011,VIN-2027837,EV,2026-08-11 06:49:13,49.23,False,False,False,False,False,
RUN-011,VIN-2027838,SUV,2026-08-11 06:50:37,50.62,False,False,False,False,False,
RUN-011,VIN-2027839,Sedan,2026-08-11 06:51:58,51.98,False,False,False,False,False,
RUN-011,VIN-2027840,Sedan,2026-08-11 06:53:18,53.31,False,False,False,False,False,
RUN-011,VIN-2027841,Sedan,2026-08-11 06:54:34,54.58,False,False,False,False,False,
RUN-011,VIN-2027842,Sedan,2026-08-11 06:55:51,55.86,False,False,False,False,False,
RUN-011,VIN-2027843,Sedan,2026-08-11 06:57:16,57.27,False,False,False,False,False,
RUN-011,VIN-2027844,Sedan,2026-08-11 06:58:38,58.64,False,False,False,False,False,
RUN-011,VIN-2027845,SUV,2026-08-11 07:00:00,60.01,False,False,False,False,False,
RUN-011,VIN-2027846,SUV,2026-08-11 07:01:09,61.16,False,False,False,False,False,
RUN-011,VIN-2027847,SUV,2026-08-11 07:02:47,62.8,False,False,False,False,False,
RUN-011,VIN-2027848,SUV,2026-08-11 07:03:46,63.78,False,False,False,False,False,
RUN-011,VIN-2027849,Sedan,2026-08-11 07:05:18,65.31,False,False,False,False,False,
RUN-011,VIN-2027850,Sedan,2026-08-11 07:06:41,66.69,False,False,False,False,False,
RUN-011,VIN-2027851,SUV,2026-08-11 07:08:00,68.0,False,False,False,False,False,
RUN-011,VIN-2027852,SUV,2026-08-11 07:09:18,69.3,False,False,False,False,False,
RUN-011,VIN-2027853,Sedan,2026-08-11 07:10:47,70.79,False,False,False,False,False,
RUN-011,VIN-2027854,Sedan,2026-08-11 07:12:02,72.04,False,False,False,False,False,
RUN-011,VIN-2027855,EV,2026-08-11 07:13:27,73.46,False,False,False,False,False,
RUN-011,VIN-2027856,Sedan,2026-08-11 07:14:56,74.94,False,False,False,False,False,
RUN-011,VIN-2027857,Sedan,2026-08-11 07:15:59,75.99,False,False,False,False,False,
RUN-011,VIN-2027858,Sedan,2026-08-11 07:17:19,77.33,False,False,False,False,False,
RUN-011,VIN-2027859,Sedan,2026-08-11 07:18:41,78.69,False,False,False,False,False,
RUN-011,VIN-2027860,EV,2026-08-11 07:20:05,80.09,False,False,False,False,False,
RUN-011,VIN-2027861,Sedan,2026-08-11 07:21:16,81.28,False,False,False,False,False,
RUN-011,VIN-2027862,Sedan,2026-08-11 07:22:34,82.58,False,False,False,False,False,
RUN-011,VIN-2027863,SUV,2026-08-11 07:23:58,83.98,False,False,False,False,False,
RUN-011,VIN-2027864,EV,2026-08-11 07:25:22,85.38,False,False,False,False,False,
RUN-011,VIN-2027865,SUV,2026-08-11 07:26:33,86.56,False,False,False,False,False,
RUN-011,VIN-2027866,SUV,2026-08-11 07:27:55,87.92,False,False,False,False,False,
RUN-011,VIN-2027867,SUV,2026-08-11 07:29:26,89.44,False,False,False,False,False,
RUN-011,VIN-2027868,Sedan,2026-08-11 07:30:31,90.53,False,False,False,False,False,
RUN-011,VIN-2027869,Sedan,2026-08-11 07:31:59,92.0,False,False,False,False,False,
RUN-011,VIN-2027870,Sedan,2026-08-11 07:33:26,93.44,False,False,False,False,False,
RUN-011,VIN-2027871,SUV,2026-08-11 07:34:35,94.59,False,False,False,False,False,
RUN-011,VIN-2027872,Sedan,2026-08-11 07:36:02,96.05,False,False,False,False,False,
RUN-011,VIN-2027873,SUV,2026-08-11 07:37:21,97.36,False,False,False,False,False,
RUN-011,VIN-2027874,Sedan,2026-08-11 07:38:41,98.7,False,False,False,False,False,
RUN-011,VIN-2027875,EV,2026-08-11 07:40:00,100.01,False,False,False,False,False,
RUN-011,VIN-2027876,Sedan,2026-08-11 07:41:24,101.42,False,False,False,False,False,
RUN-011,VIN-2027877,Sedan,2026-08-11 07:42:42,102.7,False,False,False,False,False,
RUN-011,VIN-2027878,SUV,2026-08-11 07:44:06,104.11,False,False,False,False,False,
RUN-011,VIN-2027879,SUV,2026-08-11 07:45:22,105.37,False,False,False,False,False,
RUN-011,VIN-2027880,SUV,2026-08-11 07:46:35,106.59,False,False,False,False,False,
RUN-011,VIN-2027881,EV,2026-08-11 07:48:02,108.05,False,True,False,False,True,RUN011-EVT01
RUN-011,VIN-2027882,SUV,2026-08-11 07:49:29,109.5,False,True,False,False,True,RUN011-EVT01
RUN-011,VIN-2027883,SUV,2026-08-11 07:50:37,110.62,False,True,False,False,True,RUN011-EVT01
RUN-011,VIN-2027884,Sedan,2026-08-11 07:52:01,112.02,False,True,False,False,True,RUN011-EVT01
RUN-011,VIN-2027885,SUV,2026-08-11 07:53:18,113.3,False,True,False,False,True,RUN011-EVT01
RUN-011,VIN-2027886,Sedan,2026-08-11 07:54:37,114.63,False,True,False,False,True,RUN011-EVT01
RUN-011,VIN-2027887,Sedan,2026-08-11 07:56:01,116.02,False,True,False,False,True,RUN011-EVT01
RUN-011,VIN-2027888,Sedan,2026-08-11 07:57:21,117.36,False,True,False,False,True,RUN011-EVT01
RUN-011,VIN-2027889,SUV,2026-08-11 07:58:38,118.64,False,True,False,False,True,RUN011-EVT01
RUN-011,VIN-2027890,Sedan,2026-08-11 07:59:55,119.93,False,True,False,False,True,RUN011-EVT01
RUN-011,VIN-2027891,EV,2026-08-11 08:01:22,121.38,False,True,False,False,True,RUN011-EVT01
RUN-011,VIN-2027892,Sedan,2026-08-11 08:02:43,122.73,False,True,False,False,True,RUN011-EVT01
RUN-011,VIN-2027893,EV,2026-08-11 08:03:55,123.93,False,True,False,False,True,RUN011-EVT01
RUN-011,VIN-2027894,SUV,2026-08-11 08:05:11,125.2,False,True,False,False,True,RUN011-EVT01
RUN-011,VIN-2027895,SUV,2026-08-11 08:06:30,126.51,False,True,False,False,True,RUN011-EVT01
RUN-011,VIN-2027896,SUV,2026-08-11 08:08:00,128.01,False,True,False,False,True,RUN011-EVT01
RUN-011,VIN-2027897,EV,2026-08-11 08:09:13,129.23,False,True,False,False,True,RUN011-EVT01
RUN-011,VIN-2027898,SUV,2026-08-11 08:10:42,130.71,False,True,False,False,True,RUN011-EVT01
RUN-011,VIN-2027899,Sedan,2026-08-11 08:11:56,131.94,False,True,False,False,True,RUN011-EVT01
RUN-011,VIN-2027900,Sedan,2026-08-11 08:13:26,133.44,False,True,False,False,True,RUN011-EVT01
RUN-011,VIN-2027901,Sedan,2026-08-11 08:14:42,134.7,False,True,False,False,True,RUN011-EVT01
RUN-011,VIN-2027902,SUV,2026-08-11 08:15:59,135.99,False,True,False,False,True,RUN011-EVT01
RUN-011,VIN-2027903,SUV,2026-08-11 08:17:19,137.33,False,True,False,False,True,RUN011-EVT01
RUN-011,VIN-2027904,SUV,2026-08-11 08:18:38,138.64,False,True,False,False,True,RUN011-EVT01
RUN-011,VIN-2027905,SUV,2026-08-11 08:19:58,139.97,False,True,False,False,True,RUN011-EVT01
RUN-011,VIN-2027906,Sedan,2026-08-11 08:21:23,141.39,False,False,False,False,False,
RUN-011,VIN-2027907,Sedan,2026-08-11 08:22:40,142.67,False,False,False,False,False,
RUN-011,VIN-2027908,Sedan,2026-08-11 08:23:57,143.97,False,False,False,False,False,
RUN-011,VIN-2027909,Sedan,2026-08-11 08:25:19,145.32,False,False,False,False,False,
RUN-011,VIN-2027910,Sedan,2026-08-11 08:26:38,146.64,False,False,False,False,False,
RUN-011,VIN-2027911,EV,2026-08-11 08:28:06,148.11,False,False,False,False,False,
RUN-011,VIN-2027912,Sedan,2026-08-11 08:29:17,149.29,False,False,False,False,False,
RUN-011,VIN-2027913,Sedan,2026-08-11 08:30:41,150.69,False,False,False,False,False,
RUN-011,VIN-2027914,Sedan,2026-08-11 08:32:04,152.08,False,False,False,False,False,
RUN-011,VIN-2027915,SUV,2026-08-11 08:33:18,153.3,False,False,False,False,False,
RUN-011,VIN-2027916,Sedan,2026-08-11 08:34:43,154.72,False,False,False,False,False,
RUN-011,VIN-2027917,EV,2026-08-11 08:36:03,156.05,False,False,False,False,False,
RUN-011,VIN-2027918,Sedan,2026-08-11 08:37:27,157.46,False,False,False,False,False,
RUN-011,VIN-2027919,Sedan,2026-08-11 08:38:39,158.65,False,False,False,False,False,
RUN-011,VIN-2027920,Sedan,2026-08-11 08:39:54,159.9,False,False,False,False,False,
RUN-011,VIN-2027921,SUV,2026-08-11 08:41:12,161.21,False,False,False,False,False,
RUN-011,VIN-2027922,SUV,2026-08-11 08:42:34,162.58,False,False,False,False,False,
RUN-011,VIN-2027923,EV,2026-08-11 08:43:59,164.0,False,False,False,False,False,
RUN-011,VIN-2027924,Sedan,2026-08-11 08:45:17,165.29,False,False,False,False,False,
RUN-011,VIN-2027925,Sedan,2026-08-11 08:46:41,166.69,False,False,False,False,False,
RUN-011,VIN-2027926,Sedan,2026-08-11 08:47:52,167.87,False,False,False,False,False,
RUN-011,VIN-2027927,SUV,2026-08-11 08:49:26,169.44,False,False,False,False,False,
RUN-011,VIN-2027928,SUV,2026-08-11 08:50:38,170.64,False,False,False,False,False,
RUN-011,VIN-2027929,Sedan,2026-08-11 08:51:54,171.92,False,False,False,False,False,
RUN-011,VIN-2027930,SUV,2026-08-11 08:53:32,173.54,False,False,False,False,False,
RUN-011,VIN-2027931,Sedan,2026-08-11 08:54:37,174.63,False,False,False,False,False,
RUN-011,VIN-2027932,SUV,2026-08-11 08:55:58,175.97,False,False,False,False,False,
RUN-011,VIN-2027933,Sedan,2026-08-11 08:57:26,177.44,False,False,False,False,False,
RUN-011,VIN-2027934,Sedan,2026-08-11 08:58:36,178.61,False,False,False,False,False,
RUN-011,VIN-2027935,Sedan,2026-08-11 09:00:05,180.09,False,False,False,False,False,
RUN-011,VIN-2027936,EV,2026-08-11 09:01:21,181.35,False,False,False,False,False,
RUN-011,VIN-2027937,Sedan,2026-08-11 09:02:46,182.77,False,False,False,False,False,
RUN-011,VIN-2027938,SUV,2026-08-11 09:03:58,183.97,False,False,False,False,False,
RUN-011,VIN-2027939,SUV,2026-08-11 09:05:20,185.35,False,False,False,False,False,
RUN-011,VIN-2027940,SUV,2026-08-11 09:06:44,186.74,False,False,False,False,False,
RUN-011,VIN-2027941,Sedan,2026-08-11 09:07:57,187.96,False,False,False,False,False,
RUN-011,VIN-2027942,Sedan,2026-08-11 09:09:21,189.36,False,False,False,False,False,
RUN-011,VIN-2027943,SUV,2026-08-11 09:10:41,190.7,False,False,False,False,False,
RUN-011,VIN-2027944,SUV,2026-08-11 09:12:02,192.03,False,False,False,False,False,
RUN-011,VIN-2027945,Sedan,2026-08-11 09:13:13,193.23,False,False,False,False,False,
RUN-011,VIN-2027946,EV,2026-08-11 09:14:48,194.8,False,False,False,False,False,
RUN-011,VIN-2027947,Sedan,2026-08-11 09:16:02,196.04,False,False,False,False,False,
RUN-011,VIN-2027948,Sedan,2026-08-11 09:17:14,197.24,False,False,False,False,False,
RUN-011,VIN-2027949,EV,2026-08-11 09:18:46,198.77,False,False,False,False,False,
RUN-011,VIN-2027950,SUV,2026-08-11 09:19:56,199.94,False,False,False,False,False,
RUN-011,VIN-2027951,EV,2026-08-11 09:21:25,201.43,False,False,False,False,False,
RUN-011,VIN-2027952,Sedan,2026-08-11 09:22:45,202.76,False,False,False,False,False,
RUN-011,VIN-2027953,EV,2026-08-11 09:24:04,204.07,False,False,False,False,False,
RUN-011,VIN-2027954,SUV,2026-08-11 09:25:33,205.56,False,False,False,False,False,
RUN-011,VIN-2027955,SUV,2026-08-11 09:26:44,206.75,False,False,False,False,False,
RUN-011,VIN-2027956,SUV,2026-08-11 09:27:55,207.93,False,False,False,False,False,
RUN-011,VIN-2027957,Sedan,2026-08-11 09:29:22,209.37,False,False,False,False,False,
RUN-011,VIN-2027958,EV,2026-08-11 09:30:33,210.56,False,False,False,False,False,
RUN-011,VIN-2027959,SUV,2026-08-11 09:32:05,212.09,False,False,False,False,False,
RUN-011,VIN-2027960,Sedan,2026-08-11 09:33:12,213.21,False,False,False,False,False,
RUN-011,VIN-2027961,EV,2026-08-11 09:34:42,214.71,False,False,False,False,False,
RUN-011,VIN-2027962,SUV,2026-08-11 09:35:57,215.95,False,False,False,False,False,
RUN-011,VIN-2027963,SUV,2026-08-11 09:37:26,217.45,False,False,False,False,False,
RUN-011,VIN-2027964,Sedan,2026-08-11 09:38:45,218.76,False,False,False,False,False,
RUN-011,VIN-2027965,Sedan,2026-08-11 09:40:03,220.06,False,False,False,False,False,
RUN-011,VIN-2027966,SUV,2026-08-11 09:41:23,221.39,False,False,False,False,False,
RUN-011,VIN-2027967,Sedan,2026-08-11 09:42:33,222.57,False,False,False,False,False,
RUN-011,VIN-2027968,Sedan,2026-08-11 09:44:10,224.17,False,False,False,False,False,
RUN-011,VIN-2027969,Sedan,2026-08-11 09:45:21,225.36,False,False,False,False,False,
RUN-011,VIN-2027970,Sedan,2026-08-11 09:46:35,226.59,False,False,False,False,False,
RUN-011,VIN-2027971,EV,2026-08-11 09:48:09,228.15,False,False,False,False,False,
RUN-011,VIN-2027972,SUV,2026-08-11 09:49:12,229.2,False,False,False,False,False,
RUN-011,VIN-2027973,Sedan,2026-08-11 09:50:45,230.77,False,False,False,False,False,
RUN-011,VIN-2027974,SUV,2026-08-11 09:51:58,231.97,False,False,False,False,False,
RUN-011,VIN-2027975,Sedan,2026-08-11 09:53:25,233.42,False,False,False,False,False,
RUN-011,VIN-2027976,Sedan,2026-08-11 09:54:35,234.6,False,False,False,False,False,
RUN-011,VIN-2027977,Sedan,2026-08-11 09:55:56,235.94,False,False,False,False,False,
RUN-011,VIN-2027978,EV,2026-08-11 09:57:08,237.14,False,False,False,False,False,
RUN-011,VIN-2027979,SUV,2026-08-11 09:58:44,238.74,False,False,False,False,False,
RUN-012,VIN-2027980,SUV,2026-08-12 06:00:00,0.0,False,False,False,False,False,
RUN-012,VIN-2027981,Sedan,2026-08-12 06:01:18,1.31,False,False,False,False,False,
RUN-012,VIN-2027982,Sedan,2026-08-12 06:02:45,2.76,False,False,False,False,False,
RUN-012,VIN-2027983,Sedan,2026-08-12 06:03:59,3.98,False,False,False,False,False,
RUN-012,VIN-2027984,SUV,2026-08-12 06:05:18,5.31,False,False,False,False,False,
RUN-012,VIN-2027985,Sedan,2026-08-12 06:06:46,6.77,False,False,False,False,False,
RUN-012,VIN-2027986,Sedan,2026-08-12 06:08:03,8.06,False,False,False,False,False,
RUN-012,VIN-2027987,SUV,2026-08-12 06:09:17,9.3,False,False,False,False,False,
RUN-012,VIN-2027988,Sedan,2026-08-12 06:10:38,10.64,False,False,False,False,False,
RUN-012,VIN-2027989,Sedan,2026-08-12 06:12:04,12.08,False,False,False,False,False,
RUN-012,VIN-2027990,Sedan,2026-08-12 06:13:12,13.21,False,False,False,False,False,
RUN-012,VIN-2027991,Sedan,2026-08-12 06:14:36,14.61,False,False,False,False,False,
RUN-012,VIN-2027992,Sedan,2026-08-12 06:15:55,15.92,False,False,False,False,False,
RUN-012,VIN-2027993,Sedan,2026-08-12 06:17:25,17.42,False,False,False,False,False,
RUN-012,VIN-2027994,EV,2026-08-12 06:18:41,18.69,False,False,False,False,False,
RUN-012,VIN-2027995,Sedan,2026-08-12 06:20:00,20.0,False,False,False,False,False,
RUN-012,VIN-2027996,EV,2026-08-12 06:21:14,21.25,False,False,False,False,False,
RUN-012,VIN-2027997,SUV,2026-08-12 06:22:48,22.81,False,False,False,False,False,
RUN-012,VIN-2027998,Sedan,2026-08-12 06:23:57,23.96,False,False,False,False,False,
RUN-012,VIN-2027999,SUV,2026-08-12 06:25:25,25.42,False,False,False,False,False,
RUN-012,VIN-2028000,SUV,2026-08-12 06:26:48,26.81,False,False,False,False,False,
RUN-012,VIN-2028001,SUV,2026-08-12 06:28:07,28.13,False,False,False,False,False,
RUN-012,VIN-2028002,SUV,2026-08-12 06:29:16,29.27,False,False,False,False,False,
RUN-012,VIN-2028003,Sedan,2026-08-12 06:30:50,30.84,False,False,False,False,False,
RUN-012,VIN-2028004,SUV,2026-08-12 06:31:52,31.88,False,False,False,False,False,
RUN-012,VIN-2028005,SUV,2026-08-12 06:33:19,33.32,False,False,False,False,False,
RUN-012,VIN-2028006,Sedan,2026-08-12 06:34:36,34.61,False,False,False,False,False,
RUN-012,VIN-2028007,Sedan,2026-08-12 06:35:55,35.93,False,False,False,False,False,
RUN-012,VIN-2028008,SUV,2026-08-12 06:37:22,37.38,False,False,False,False,False,
RUN-012,VIN-2028009,SUV,2026-08-12 06:38:45,38.76,False,False,False,False,False,
RUN-012,VIN-2028010,EV,2026-08-12 06:40:00,40.01,False,False,False,False,False,
RUN-012,VIN-2028011,Sedan,2026-08-12 06:41:22,41.37,False,False,False,False,False,
RUN-012,VIN-2028012,Sedan,2026-08-12 06:42:37,42.62,False,False,False,False,False,
RUN-012,VIN-2028013,Sedan,2026-08-12 06:44:00,44.0,False,False,False,False,False,
RUN-012,VIN-2028014,SUV,2026-08-12 06:45:18,45.3,False,False,False,False,False,
RUN-012,VIN-2028015,Sedan,2026-08-12 06:46:35,46.59,False,False,False,False,False,
RUN-012,VIN-2028016,Sedan,2026-08-12 06:47:59,47.99,False,False,False,False,False,
RUN-012,VIN-2028017,Sedan,2026-08-12 06:49:22,49.37,False,False,False,False,False,
RUN-012,VIN-2028018,SUV,2026-08-12 06:50:44,50.74,False,False,False,False,False,
RUN-012,VIN-2028019,SUV,2026-08-12 06:51:54,51.91,False,False,False,False,False,
RUN-012,VIN-2028020,EV,2026-08-12 06:53:11,53.19,False,False,False,False,False,
RUN-012,VIN-2028021,SUV,2026-08-12 06:54:34,54.57,False,False,False,False,False,
RUN-012,VIN-2028022,SUV,2026-08-12 06:55:58,55.98,False,False,False,False,False,
RUN-012,VIN-2028023,EV,2026-08-12 06:57:17,57.29,False,False,False,False,False,
RUN-012,VIN-2028024,Sedan,2026-08-12 06:58:39,58.66,False,False,False,False,False,
RUN-012,VIN-2028025,SUV,2026-08-12 06:59:56,59.95,False,False,False,False,False,
RUN-012,VIN-2028026,Sedan,2026-08-12 07:01:33,61.57,False,False,False,False,False,
RUN-012,VIN-2028027,Sedan,2026-08-12 07:02:36,62.62,False,False,False,False,False,
RUN-012,VIN-2028028,EV,2026-08-12 07:03:57,63.96,False,False,False,False,False,
RUN-012,VIN-2028029,Sedan,2026-08-12 07:05:29,65.49,False,False,False,False,False,
RUN-012,VIN-2028030,Sedan,2026-08-12 07:06:35,66.6,False,False,False,False,False,
RUN-012,VIN-2028031,SUV,2026-08-12 07:08:00,68.0,False,False,False,False,False,
RUN-012,VIN-2028032,EV,2026-08-12 07:09:17,69.29,False,False,False,False,False,
RUN-012,VIN-2028033,SUV,2026-08-12 07:10:39,70.66,False,False,False,False,False,
RUN-012,VIN-2028034,SUV,2026-08-12 07:12:02,72.04,False,False,False,False,False,
RUN-012,VIN-2028035,SUV,2026-08-12 07:13:29,73.48,False,False,False,False,False,
RUN-012,VIN-2028036,Sedan,2026-08-12 07:14:45,74.76,False,False,False,False,False,
RUN-012,VIN-2028037,SUV,2026-08-12 07:15:56,75.94,False,False,False,False,False,
RUN-012,VIN-2028038,SUV,2026-08-12 07:17:28,77.47,False,False,False,False,False,
RUN-012,VIN-2028039,SUV,2026-08-12 07:18:44,78.74,False,False,False,False,False,
RUN-012,VIN-2028040,Sedan,2026-08-12 07:19:55,79.93,False,False,False,False,False,
RUN-012,VIN-2028041,SUV,2026-08-12 07:21:23,81.4,False,False,False,False,False,
RUN-012,VIN-2028042,SUV,2026-08-12 07:22:44,82.73,False,False,False,False,False,
RUN-012,VIN-2028043,SUV,2026-08-12 07:23:52,83.87,False,False,False,False,False,
RUN-012,VIN-2028044,Sedan,2026-08-12 07:25:14,85.25,False,False,False,False,False,
RUN-012,VIN-2028045,Sedan,2026-08-12 07:26:46,86.77,False,False,False,False,False,
RUN-012,VIN-2028046,Sedan,2026-08-12 07:27:58,87.98,False,False,False,False,False,
RUN-012,VIN-2028047,SUV,2026-08-12 07:29:20,89.35,False,False,False,False,False,
RUN-012,VIN-2028048,SUV,2026-08-12 07:30:46,90.77,False,False,False,False,False,
RUN-012,VIN-2028049,SUV,2026-08-12 07:31:52,91.87,False,False,False,False,False,
RUN-012,VIN-2028050,EV,2026-08-12 07:33:10,93.17,False,False,False,False,False,
RUN-012,VIN-2028051,Sedan,2026-08-12 07:34:42,94.7,False,False,False,False,False,
RUN-012,VIN-2028052,Sedan,2026-08-12 07:35:47,95.8,False,False,False,False,False,
RUN-012,VIN-2028053,SUV,2026-08-12 07:37:23,97.39,False,False,False,False,False,
RUN-012,VIN-2028054,Sedan,2026-08-12 07:38:47,98.78,False,False,False,False,False,
RUN-012,VIN-2028055,EV,2026-08-12 07:40:02,100.05,False,False,False,False,False,
RUN-012,VIN-2028056,SUV,2026-08-12 07:41:24,101.4,False,False,False,False,False,
RUN-012,VIN-2028057,SUV,2026-08-12 07:42:47,102.79,False,False,False,False,False,
RUN-012,VIN-2028058,EV,2026-08-12 07:43:59,103.99,False,False,False,False,False,
RUN-012,VIN-2028059,Sedan,2026-08-12 07:45:16,105.28,False,False,False,False,False,
RUN-012,VIN-2028060,Sedan,2026-08-12 07:46:36,106.61,False,False,False,False,False,
RUN-012,VIN-2028061,Sedan,2026-08-12 07:47:59,108.0,False,False,False,False,False,
RUN-012,VIN-2028062,SUV,2026-08-12 07:49:23,109.39,False,False,False,False,False,
RUN-012,VIN-2028063,SUV,2026-08-12 07:50:44,110.75,False,False,False,False,False,
RUN-012,VIN-2028064,EV,2026-08-12 07:51:53,111.89,False,False,False,False,False,
RUN-012,VIN-2028065,Sedan,2026-08-12 07:53:26,113.45,False,False,False,False,False,
RUN-012,VIN-2028066,Sedan,2026-08-12 07:54:45,114.76,False,False,False,False,False,
RUN-012,VIN-2028067,EV,2026-08-12 07:56:09,116.16,False,False,False,False,False,
RUN-012,VIN-2028068,EV,2026-08-12 07:57:19,117.32,False,False,False,False,False,
RUN-012,VIN-2028069,SUV,2026-08-12 07:58:37,118.63,False,False,False,False,False,
RUN-012,VIN-2028070,Sedan,2026-08-12 08:00:05,120.09,False,False,False,False,False,
RUN-012,VIN-2028071,SUV,2026-08-12 08:01:22,121.37,False,False,False,False,False,
RUN-012,VIN-2028072,SUV,2026-08-12 08:02:45,122.75,False,False,False,False,False,
RUN-012,VIN-2028073,EV,2026-08-12 08:04:01,124.03,False,False,False,False,False,
RUN-012,VIN-2028074,Sedan,2026-08-12 08:05:29,125.5,False,False,False,False,False,
RUN-012,VIN-2028075,SUV,2026-08-12 08:06:35,126.6,False,False,False,False,False,
RUN-012,VIN-2028076,SUV,2026-08-12 08:07:53,127.9,False,False,False,False,False,
RUN-012,VIN-2028077,Sedan,2026-08-12 08:09:22,129.37,False,False,False,False,False,
RUN-012,VIN-2028078,EV,2026-08-12 08:10:42,130.71,False,False,False,False,False,
RUN-012,VIN-2028079,Sedan,2026-08-12 08:12:00,132.01,False,False,False,False,False,
RUN-012,VIN-2028080,SUV,2026-08-12 08:13:18,133.31,False,False,False,False,False,
RUN-012,VIN-2028081,Sedan,2026-08-12 08:14:44,134.74,False,False,False,False,False,
RUN-012,VIN-2028082,EV,2026-08-12 08:15:51,135.85,False,False,False,False,False,
RUN-012,VIN-2028083,Sedan,2026-08-12 08:17:17,137.29,False,False,False,False,False,
RUN-012,VIN-2028084,SUV,2026-08-12 08:18:43,138.73,False,False,False,False,False,
RUN-012,VIN-2028085,Sedan,2026-08-12 08:19:56,139.95,False,False,False,False,False,
RUN-012,VIN-2028086,SUV,2026-08-12 08:21:13,141.22,False,False,False,False,False,
RUN-012,VIN-2028087,Sedan,2026-08-12 08:22:43,142.72,False,False,False,False,False,
RUN-012,VIN-2028088,SUV,2026-08-12 08:23:56,143.93,False,False,False,False,False,
RUN-012,VIN-2028089,Sedan,2026-08-12 08:25:18,145.31,False,False,False,False,False,
RUN-012,VIN-2028090,SUV,2026-08-12 08:26:34,146.57,False,False,False,False,False,
RUN-012,VIN-2028091,Sedan,2026-08-12 08:27:56,147.94,False,False,False,False,False,
RUN-012,VIN-2028092,SUV,2026-08-12 08:29:11,149.2,False,False,False,False,False,
RUN-012,VIN-2028093,Sedan,2026-08-12 08:30:39,150.65,False,False,False,False,False,
RUN-012,VIN-2028094,SUV,2026-08-12 08:31:55,151.93,False,False,False,False,False,
RUN-012,VIN-2028095,Sedan,2026-08-12 08:33:24,153.4,False,False,False,False,False,
RUN-012,VIN-2028096,Sedan,2026-08-12 08:34:45,154.76,False,False,False,False,False,
RUN-012,VIN-2028097,SUV,2026-08-12 08:35:57,155.95,False,False,False,False,False,
RUN-012,VIN-2028098,Sedan,2026-08-12 08:37:26,157.44,False,False,False,False,False,
RUN-012,VIN-2028099,SUV,2026-08-12 08:38:39,158.66,False,False,False,False,False,
RUN-012,VIN-2028100,Sedan,2026-08-12 08:39:53,159.89,False,False,False,False,False,
RUN-012,VIN-2028101,SUV,2026-08-12 08:41:19,161.33,False,False,False,False,False,
RUN-012,VIN-2028102,SUV,2026-08-12 08:42:34,162.57,False,False,False,False,False,
RUN-012,VIN-2028103,SUV,2026-08-12 08:43:55,163.93,False,False,False,False,False,
RUN-012,VIN-2028104,SUV,2026-08-12 08:45:21,165.35,False,False,False,False,False,
RUN-012,VIN-2028105,Sedan,2026-08-12 08:46:51,166.85,False,False,False,False,False,
RUN-012,VIN-2028106,Sedan,2026-08-12 08:47:53,167.9,False,False,False,False,False,
RUN-012,VIN-2028107,SUV,2026-08-12 08:49:16,169.27,False,False,False,False,False,
RUN-012,VIN-2028108,Sedan,2026-08-12 08:50:35,170.59,False,False,False,False,False,
RUN-012,VIN-2028109,SUV,2026-08-12 08:51:59,171.99,False,False,False,False,False,
RUN-012,VIN-2028110,EV,2026-08-12 08:53:15,173.27,False,False,False,False,False,
RUN-012,VIN-2028111,Sedan,2026-08-12 08:54:47,174.8,False,False,False,False,False,
RUN-012,VIN-2028112,Sedan,2026-08-12 08:55:58,175.98,False,False,False,False,False,
RUN-012,VIN-2028113,EV,2026-08-12 08:57:33,177.55,False,False,False,False,False,
RUN-012,VIN-2028114,SUV,2026-08-12 08:58:44,178.75,False,False,False,False,False,
RUN-012,VIN-2028115,Sedan,2026-08-12 08:59:55,179.93,False,False,False,False,False,
RUN-012,VIN-2028116,EV,2026-08-12 09:01:29,181.49,False,False,False,False,False,
RUN-012,VIN-2028117,Sedan,2026-08-12 09:02:40,182.67,False,False,False,False,False,
RUN-012,VIN-2028118,Sedan,2026-08-12 09:03:55,183.93,False,False,False,False,False,
RUN-012,VIN-2028119,Sedan,2026-08-12 09:05:21,185.36,False,False,False,False,False,
RUN-012,VIN-2028120,Sedan,2026-08-12 09:06:35,186.58,False,False,False,False,False,
RUN-012,VIN-2028121,SUV,2026-08-12 09:08:02,188.04,False,False,False,False,False,
RUN-012,VIN-2028122,Sedan,2026-08-12 09:09:17,189.3,False,False,False,False,False,
RUN-012,VIN-2028123,SUV,2026-08-12 09:10:38,190.65,False,False,False,False,False,
RUN-012,VIN-2028124,Sedan,2026-08-12 09:12:00,192.0,False,False,False,False,False,
RUN-012,VIN-2028125,Sedan,2026-08-12 09:13:24,193.41,False,False,False,False,False,
RUN-012,VIN-2028126,SUV,2026-08-12 09:14:44,194.75,False,False,False,False,False,
RUN-012,VIN-2028127,Sedan,2026-08-12 09:15:59,195.99,False,False,False,False,False,
RUN-012,VIN-2028128,Sedan,2026-08-12 09:17:20,197.34,False,False,False,False,False,
RUN-012,VIN-2028129,SUV,2026-08-12 09:18:38,198.64,False,False,False,False,False,
RUN-012,VIN-2028130,SUV,2026-08-12 09:20:00,200.02,False,False,False,False,False,
RUN-012,VIN-2028131,SUV,2026-08-12 09:21:26,201.45,False,False,False,False,False,
RUN-012,VIN-2028132,Sedan,2026-08-12 09:22:36,202.6,False,False,False,False,False,
RUN-012,VIN-2028133,SUV,2026-08-12 09:24:04,204.08,False,False,False,False,False,
RUN-012,VIN-2028134,Sedan,2026-08-12 09:25:16,205.28,False,False,False,False,False,
RUN-012,VIN-2028135,EV,2026-08-12 09:26:38,206.65,False,False,False,False,False,
RUN-012,VIN-2028136,SUV,2026-08-12 09:27:54,207.91,False,False,False,False,False,
RUN-012,VIN-2028137,Sedan,2026-08-12 09:29:27,209.45,False,False,False,False,False,
RUN-012,VIN-2028138,Sedan,2026-08-12 09:30:39,210.66,False,False,False,False,False,
RUN-012,VIN-2028139,SUV,2026-08-12 09:32:05,212.1,False,False,False,False,False,
RUN-012,VIN-2028140,SUV,2026-08-12 09:33:16,213.28,False,False,False,False,False,
RUN-012,VIN-2028141,SUV,2026-08-12 09:34:37,214.62,False,False,False,False,False,
RUN-012,VIN-2028142,Sedan,2026-08-12 09:36:03,216.06,False,False,False,False,False,
RUN-012,VIN-2028143,SUV,2026-08-12 09:37:22,217.37,False,False,False,False,False,
RUN-012,VIN-2028144,SUV,2026-08-12 09:38:40,218.67,False,False,False,False,False,
RUN-012,VIN-2028145,Sedan,2026-08-12 09:39:58,219.97,False,False,False,False,False,
RUN-012,VIN-2028146,Sedan,2026-08-12 09:41:18,221.3,False,False,False,False,False,
RUN-012,VIN-2028147,Sedan,2026-08-12 09:42:43,222.72,False,False,False,False,False,
RUN-012,VIN-2028148,SUV,2026-08-12 09:44:06,224.1,False,False,False,False,False,
RUN-012,VIN-2028149,EV,2026-08-12 09:45:22,225.37,False,False,False,False,False,
RUN-012,VIN-2028150,Sedan,2026-08-12 09:46:45,226.75,False,False,False,False,False,
RUN-012,VIN-2028151,EV,2026-08-12 09:47:50,227.84,False,False,False,False,False,
RUN-012,VIN-2028152,Sedan,2026-08-12 09:49:16,229.27,False,False,False,False,False,
RUN-012,VIN-2028153,Sedan,2026-08-12 09:50:43,230.72,False,False,False,False,False,
RUN-012,VIN-2028154,SUV,2026-08-12 09:52:03,232.06,False,False,False,False,False,
RUN-012,VIN-2028155,Sedan,2026-08-12 09:53:15,233.26,False,False,False,False,False,
RUN-012,VIN-2028156,Sedan,2026-08-12 09:54:35,234.59,False,False,False,False,False,
RUN-012,VIN-2028157,Sedan,2026-08-12 09:56:03,236.06,False,False,False,False,False,
RUN-012,VIN-2028158,SUV,2026-08-12 09:57:17,237.29,False,False,False,False,False,
RUN-012,VIN-2028159,Sedan,2026-08-12 09:58:45,238.75,False,False,False,False,False,
RUN-013,VIN-2028160,SUV,2026-08-13 06:00:00,0.0,False,False,False,False,False,
RUN-013,VIN-2028161,Sedan,2026-08-13 06:01:23,1.39,False,False,False,False,False,
RUN-013,VIN-2028162,Sedan,2026-08-13 06:02:47,2.79,False,False,False,False,False,
RUN-013,VIN-2028163,SUV,2026-08-13 06:03:58,3.98,False,False,False,False,False,
RUN-013,VIN-2028164,Sedan,2026-08-13 06:05:21,5.36,False,False,False,False,False,
RUN-013,VIN-2028165,Sedan,2026-08-13 06:06:35,6.6,False,False,False,False,False,
RUN-013,VIN-2028166,Sedan,2026-08-13 06:08:01,8.02,False,False,False,False,False,
RUN-013,VIN-2028167,SUV,2026-08-13 06:09:25,9.43,False,False,False,False,False,
RUN-013,VIN-2028168,Sedan,2026-08-13 06:10:35,10.59,False,False,False,False,False,
RUN-013,VIN-2028169,Sedan,2026-08-13 06:11:59,12.0,False,False,False,False,False,
RUN-013,VIN-2028170,SUV,2026-08-13 06:13:29,13.49,False,False,False,False,False,
RUN-013,VIN-2028171,SUV,2026-08-13 06:14:38,14.64,False,False,False,False,False,
RUN-013,VIN-2028172,Sedan,2026-08-13 06:15:56,15.94,False,False,False,False,False,
RUN-013,VIN-2028173,SUV,2026-08-13 06:17:25,17.42,False,False,False,False,False,
RUN-013,VIN-2028174,Sedan,2026-08-13 06:18:39,18.66,False,False,False,False,False,
RUN-013,VIN-2028175,Sedan,2026-08-13 06:20:05,20.08,False,False,False,False,False,
RUN-013,VIN-2028176,Sedan,2026-08-13 06:21:20,21.34,False,False,False,False,False,
RUN-013,VIN-2028177,Sedan,2026-08-13 06:22:37,22.62,False,False,False,False,False,
RUN-013,VIN-2028178,EV,2026-08-13 06:24:04,24.07,False,False,False,False,False,
RUN-013,VIN-2028179,EV,2026-08-13 06:25:28,25.48,False,False,False,False,False,
RUN-013,VIN-2028180,Sedan,2026-08-13 06:26:58,26.98,False,False,False,False,False,
RUN-013,VIN-2028181,SUV,2026-08-13 06:27:55,27.93,False,False,False,False,False,
RUN-013,VIN-2028182,Sedan,2026-08-13 06:29:22,29.38,False,False,False,False,False,
RUN-013,VIN-2028183,Sedan,2026-08-13 06:30:35,30.59,False,False,False,False,False,
RUN-013,VIN-2028184,SUV,2026-08-13 06:31:58,31.98,False,False,False,False,False,
RUN-013,VIN-2028185,Sedan,2026-08-13 06:33:15,33.25,False,False,False,False,False,
RUN-013,VIN-2028186,SUV,2026-08-13 06:34:38,34.65,False,False,False,False,False,
RUN-013,VIN-2028187,Sedan,2026-08-13 06:36:06,36.1,False,False,False,False,False,
RUN-013,VIN-2028188,SUV,2026-08-13 06:37:16,37.28,False,False,False,False,False,
RUN-013,VIN-2028189,Sedan,2026-08-13 06:38:36,38.61,False,False,False,False,False,
RUN-013,VIN-2028190,Sedan,2026-08-13 06:40:02,40.04,False,False,False,False,False,
RUN-013,VIN-2028191,Sedan,2026-08-13 06:41:18,41.31,False,False,False,False,False,
RUN-013,VIN-2028192,Sedan,2026-08-13 06:42:42,42.7,False,False,False,False,False,
RUN-013,VIN-2028193,Sedan,2026-08-13 06:44:01,44.03,False,False,False,False,False,
RUN-013,VIN-2028194,Sedan,2026-08-13 06:45:18,45.31,False,False,False,False,False,
RUN-013,VIN-2028195,Sedan,2026-08-13 06:46:38,46.64,False,False,False,False,False,
RUN-013,VIN-2028196,Sedan,2026-08-13 06:48:04,48.08,False,False,False,False,False,
RUN-013,VIN-2028197,Sedan,2026-08-13 06:49:22,49.38,False,False,False,False,False,
RUN-013,VIN-2028198,Sedan,2026-08-13 06:50:51,50.85,False,False,True,False,True,RUN013-EVT02
RUN-013,VIN-2028199,SUV,2026-08-13 06:51:58,51.98,False,False,True,False,True,RUN013-EVT02
RUN-013,VIN-2028200,SUV,2026-08-13 06:53:24,53.41,False,False,True,False,True,RUN013-EVT02
RUN-013,VIN-2028201,Sedan,2026-08-13 06:54:35,54.59,False,False,True,False,True,RUN013-EVT02
RUN-013,VIN-2028202,Sedan,2026-08-13 06:55:58,55.98,False,False,True,False,True,RUN013-EVT02
RUN-013,VIN-2028203,EV,2026-08-13 06:57:28,57.48,False,False,True,False,True,RUN013-EVT02
RUN-013,VIN-2028204,EV,2026-08-13 06:58:39,58.65,False,False,True,False,True,RUN013-EVT02
RUN-013,VIN-2028205,Sedan,2026-08-13 06:59:51,59.86,False,False,True,False,True,RUN013-EVT02
RUN-013,VIN-2028206,Sedan,2026-08-13 07:01:14,61.23,False,False,True,False,True,RUN013-EVT02
RUN-013,VIN-2028207,Sedan,2026-08-13 07:02:41,62.69,False,False,True,False,True,RUN013-EVT02
RUN-013,VIN-2028208,Sedan,2026-08-13 07:03:52,63.88,False,False,True,False,True,RUN013-EVT02
RUN-013,VIN-2028209,EV,2026-08-13 07:05:11,65.2,False,False,True,False,True,RUN013-EVT02
RUN-013,VIN-2028210,SUV,2026-08-13 07:06:30,66.52,False,False,True,False,True,RUN013-EVT02
RUN-013,VIN-2028211,SUV,2026-08-13 07:07:52,67.88,False,False,True,False,True,RUN013-EVT02
RUN-013,VIN-2028212,SUV,2026-08-13 07:09:16,69.27,False,False,True,False,True,RUN013-EVT02
RUN-013,VIN-2028213,Sedan,2026-08-13 07:10:45,70.76,False,False,True,False,True,RUN013-EVT02
RUN-013,VIN-2028214,Sedan,2026-08-13 07:12:10,72.18,False,False,True,False,True,RUN013-EVT02
RUN-013,VIN-2028215,Sedan,2026-08-13 07:13:13,73.23,False,False,True,False,True,RUN013-EVT02
RUN-013,VIN-2028216,SUV,2026-08-13 07:14:42,74.7,False,False,True,False,True,RUN013-EVT02
RUN-013,VIN-2028217,SUV,2026-08-13 07:15:55,75.92,False,False,True,False,True,RUN013-EVT02
RUN-013,VIN-2028218,Sedan,2026-08-13 07:17:21,77.37,False,False,True,False,True,RUN013-EVT02
RUN-013,VIN-2028219,Sedan,2026-08-13 07:18:42,78.7,False,False,True,False,True,RUN013-EVT02
RUN-013,VIN-2028220,Sedan,2026-08-13 07:20:02,80.03,False,False,True,False,True,RUN013-EVT02
RUN-013,VIN-2028221,Sedan,2026-08-13 07:21:32,81.54,False,False,True,False,True,RUN013-EVT02
RUN-013,VIN-2028222,EV,2026-08-13 07:22:41,82.7,False,False,True,False,True,RUN013-EVT02
RUN-013,VIN-2028223,SUV,2026-08-13 07:23:57,83.96,False,False,True,False,True,RUN013-EVT02
RUN-013,VIN-2028224,Sedan,2026-08-13 07:25:19,85.33,False,False,True,False,True,RUN013-EVT02
RUN-013,VIN-2028225,SUV,2026-08-13 07:26:34,86.57,False,False,True,False,True,RUN013-EVT02
RUN-013,VIN-2028226,SUV,2026-08-13 07:27:56,87.95,False,False,True,False,True,RUN013-EVT02
RUN-013,VIN-2028227,SUV,2026-08-13 07:29:26,89.43,False,False,True,False,True,RUN013-EVT02
RUN-013,VIN-2028228,Sedan,2026-08-13 07:30:40,90.68,False,False,True,False,True,RUN013-EVT02
RUN-013,VIN-2028229,SUV,2026-08-13 07:31:59,91.99,False,False,True,False,True,RUN013-EVT02
RUN-013,VIN-2028230,Sedan,2026-08-13 07:33:29,93.49,False,False,True,False,True,RUN013-EVT02
RUN-013,VIN-2028231,SUV,2026-08-13 07:34:36,94.6,False,False,True,False,True,RUN013-EVT02
RUN-013,VIN-2028232,Sedan,2026-08-13 07:35:59,95.99,False,False,True,False,True,RUN013-EVT02
RUN-013,VIN-2028233,Sedan,2026-08-13 07:37:14,97.24,False,False,False,False,False,
RUN-013,VIN-2028234,SUV,2026-08-13 07:38:37,98.63,False,False,False,False,False,
RUN-013,VIN-2028235,EV,2026-08-13 07:39:58,99.97,False,False,False,False,False,
RUN-013,VIN-2028236,Sedan,2026-08-13 07:41:16,101.28,False,False,False,False,False,
RUN-013,VIN-2028237,EV,2026-08-13 07:42:41,102.69,False,False,False,False,False,
RUN-013,VIN-2028238,EV,2026-08-13 07:43:44,103.75,False,False,False,False,False,
RUN-013,VIN-2028239,SUV,2026-08-13 07:45:17,105.3,False,False,False,False,False,
RUN-013,VIN-2028240,Sedan,2026-08-13 07:46:37,106.62,False,False,False,False,False,
RUN-013,VIN-2028241,Sedan,2026-08-13 07:48:07,108.13,False,False,False,False,False,
RUN-013,VIN-2028242,SUV,2026-08-13 07:49:21,109.35,False,False,False,False,False,
RUN-013,VIN-2028243,SUV,2026-08-13 07:50:38,110.63,False,False,False,False,False,
RUN-013,VIN-2028244,SUV,2026-08-13 07:51:59,112.0,False,False,False,False,False,
RUN-013,VIN-2028245,Sedan,2026-08-13 07:53:20,113.35,False,False,False,False,False,
RUN-013,VIN-2028246,Sedan,2026-08-13 07:54:46,114.77,False,False,False,False,False,
RUN-013,VIN-2028247,SUV,2026-08-13 07:56:04,116.07,False,False,False,False,False,
RUN-013,VIN-2028248,Sedan,2026-08-13 07:57:13,117.22,False,False,False,False,False,
RUN-013,VIN-2028249,EV,2026-08-13 07:58:42,118.71,False,True,False,False,True,RUN013-EVT01
RUN-013,VIN-2028250,SUV,2026-08-13 07:59:53,119.9,False,True,False,False,True,RUN013-EVT01
RUN-013,VIN-2028251,Sedan,2026-08-13 08:01:24,121.41,False,True,False,False,True,RUN013-EVT01
RUN-013,VIN-2028252,EV,2026-08-13 08:02:43,122.72,False,True,False,False,True,RUN013-EVT01
RUN-013,VIN-2028253,EV,2026-08-13 08:04:03,124.06,False,True,False,False,True,RUN013-EVT01
RUN-013,VIN-2028254,SUV,2026-08-13 08:05:20,125.35,False,True,False,False,True,RUN013-EVT01
RUN-013,VIN-2028255,SUV,2026-08-13 08:06:32,126.54,False,True,False,False,True,RUN013-EVT01
RUN-013,VIN-2028256,Sedan,2026-08-13 08:08:03,128.05,False,True,False,False,True,RUN013-EVT01
RUN-013,VIN-2028257,Sedan,2026-08-13 08:09:14,129.24,False,True,False,False,True,RUN013-EVT01
RUN-013,VIN-2028258,SUV,2026-08-13 08:10:32,130.54,False,True,False,False,True,RUN013-EVT01
RUN-013,VIN-2028259,EV,2026-08-13 08:12:01,132.03,False,True,False,False,True,RUN013-EVT01
RUN-013,VIN-2028260,Sedan,2026-08-13 08:13:17,133.29,False,True,False,False,True,RUN013-EVT01
RUN-013,VIN-2028261,SUV,2026-08-13 08:14:44,134.73,False,True,False,False,True,RUN013-EVT01
RUN-013,VIN-2028262,SUV,2026-08-13 08:15:58,135.98,False,True,False,False,True,RUN013-EVT01
RUN-013,VIN-2028263,Sedan,2026-08-13 08:17:16,137.28,False,True,False,False,True,RUN013-EVT01
RUN-013,VIN-2028264,Sedan,2026-08-13 08:18:43,138.72,False,True,False,False,True,RUN013-EVT01
RUN-013,VIN-2028265,SUV,2026-08-13 08:19:54,139.9,False,True,False,False,True,RUN013-EVT01
RUN-013,VIN-2028266,EV,2026-08-13 08:21:21,141.35,False,True,False,False,True,RUN013-EVT01
RUN-013,VIN-2028267,Sedan,2026-08-13 08:22:40,142.67,False,True,False,False,True,RUN013-EVT01
RUN-013,VIN-2028268,EV,2026-08-13 08:23:53,143.89,False,True,False,False,True,RUN013-EVT01
RUN-013,VIN-2028269,EV,2026-08-13 08:25:21,145.35,False,True,False,False,True,RUN013-EVT01
RUN-013,VIN-2028270,EV,2026-08-13 08:26:37,146.62,False,True,False,False,True,RUN013-EVT01
RUN-013,VIN-2028271,Sedan,2026-08-13 08:28:05,148.09,False,True,False,False,True,RUN013-EVT01
RUN-013,VIN-2028272,Sedan,2026-08-13 08:29:24,149.41,False,True,False,False,True,RUN013-EVT01
RUN-013,VIN-2028273,EV,2026-08-13 08:30:33,150.55,False,True,False,False,True,RUN013-EVT01
RUN-013,VIN-2028274,Sedan,2026-08-13 08:32:03,152.06,False,True,False,False,True,RUN013-EVT01
RUN-013,VIN-2028275,EV,2026-08-13 08:33:25,153.43,False,True,False,False,True,RUN013-EVT01
RUN-013,VIN-2028276,Sedan,2026-08-13 08:34:42,154.7,False,True,False,False,True,RUN013-EVT01
RUN-013,VIN-2028277,EV,2026-08-13 08:35:56,155.94,False,True,False,False,True,RUN013-EVT01
RUN-013,VIN-2028278,Sedan,2026-08-13 08:37:14,157.23,False,True,False,False,True,RUN013-EVT01
RUN-013,VIN-2028279,Sedan,2026-08-13 08:38:43,158.73,False,True,False,False,True,RUN013-EVT01
RUN-013,VIN-2028280,SUV,2026-08-13 08:40:02,160.04,False,True,False,False,True,RUN013-EVT01
RUN-013,VIN-2028281,SUV,2026-08-13 08:41:21,161.36,False,True,False,False,True,RUN013-EVT01
RUN-013,VIN-2028282,Sedan,2026-08-13 08:42:39,162.66,False,True,False,False,True,RUN013-EVT01
RUN-013,VIN-2028283,SUV,2026-08-13 08:43:52,163.87,False,True,False,False,True,RUN013-EVT01
RUN-013,VIN-2028284,Sedan,2026-08-13 08:45:22,165.38,False,True,False,False,True,RUN013-EVT01
RUN-013,VIN-2028285,SUV,2026-08-13 08:46:42,166.7,False,True,False,False,True,RUN013-EVT01
RUN-013,VIN-2028286,SUV,2026-08-13 08:48:01,168.03,False,True,False,False,True,RUN013-EVT01
RUN-013,VIN-2028287,Sedan,2026-08-13 08:49:15,169.25,False,True,False,False,True,RUN013-EVT01
RUN-013,VIN-2028288,EV,2026-08-13 08:50:40,170.67,False,True,False,False,True,RUN013-EVT01
RUN-013,VIN-2028289,SUV,2026-08-13 08:52:01,172.03,False,True,False,False,True,RUN013-EVT01
RUN-013,VIN-2028290,Sedan,2026-08-13 08:53:13,173.23,False,True,False,False,True,RUN013-EVT01
RUN-013,VIN-2028291,Sedan,2026-08-13 08:54:38,174.65,False,True,False,False,True,RUN013-EVT01
RUN-013,VIN-2028292,Sedan,2026-08-13 08:56:04,176.07,False,False,False,False,False,
RUN-013,VIN-2028293,SUV,2026-08-13 08:57:21,177.35,False,False,False,False,False,
RUN-013,VIN-2028294,EV,2026-08-13 08:58:38,178.63,False,False,False,False,False,
RUN-013,VIN-2028295,Sedan,2026-08-13 08:59:58,179.98,False,False,False,False,False,
RUN-013,VIN-2028296,EV,2026-08-13 09:01:22,181.38,False,False,False,False,False,
RUN-013,VIN-2028297,Sedan,2026-08-13 09:02:37,182.62,False,False,False,False,False,
RUN-013,VIN-2028298,Sedan,2026-08-13 09:04:09,184.16,False,False,False,False,False,
RUN-013,VIN-2028299,SUV,2026-08-13 09:05:31,185.53,False,False,False,False,False,
RUN-013,VIN-2028300,SUV,2026-08-13 09:06:45,186.76,False,False,False,False,False,
RUN-013,VIN-2028301,SUV,2026-08-13 09:08:02,188.04,False,False,False,False,False,
RUN-013,VIN-2028302,SUV,2026-08-13 09:09:25,189.43,False,False,False,False,False,
RUN-013,VIN-2028303,SUV,2026-08-13 09:10:44,190.74,False,False,False,False,False,
RUN-013,VIN-2028304,Sedan,2026-08-13 09:11:56,191.95,False,False,False,False,False,
RUN-013,VIN-2028305,Sedan,2026-08-13 09:13:33,193.56,False,False,False,False,False,
RUN-013,VIN-2028306,Sedan,2026-08-13 09:14:34,194.57,False,False,False,False,False,
RUN-013,VIN-2028307,Sedan,2026-08-13 09:15:54,195.9,False,False,False,False,False,
RUN-013,VIN-2028308,Sedan,2026-08-13 09:17:16,197.27,False,False,False,False,False,
RUN-013,VIN-2028309,EV,2026-08-13 09:18:36,198.61,False,False,False,False,False,
RUN-013,VIN-2028310,SUV,2026-08-13 09:20:11,200.19,False,False,False,False,False,
RUN-013,VIN-2028311,SUV,2026-08-13 09:21:31,201.52,False,False,False,False,False,
RUN-013,VIN-2028312,EV,2026-08-13 09:22:41,202.69,False,False,False,False,False,
RUN-013,VIN-2028313,Sedan,2026-08-13 09:23:56,203.95,False,False,False,False,False,
RUN-013,VIN-2028314,Sedan,2026-08-13 09:25:17,205.29,False,False,False,False,False,
RUN-013,VIN-2028315,Sedan,2026-08-13 09:26:40,206.67,False,False,False,False,False,
RUN-013,VIN-2028316,Sedan,2026-08-13 09:27:59,208.0,False,False,False,False,False,
RUN-013,VIN-2028317,Sedan,2026-08-13 09:29:19,209.32,False,False,False,False,False,
RUN-013,VIN-2028318,Sedan,2026-08-13 09:30:32,210.54,False,False,False,False,False,
RUN-013,VIN-2028319,Sedan,2026-08-13 09:31:59,212.0,False,False,False,False,False,
RUN-013,VIN-2028320,Sedan,2026-08-13 09:33:18,213.31,False,False,False,False,False,
RUN-013,VIN-2028321,Sedan,2026-08-13 09:34:45,214.77,False,False,False,False,False,
RUN-013,VIN-2028322,Sedan,2026-08-13 09:35:55,215.92,False,False,False,False,False,
RUN-013,VIN-2028323,Sedan,2026-08-13 09:37:18,217.31,False,False,False,False,False,
RUN-013,VIN-2028324,SUV,2026-08-13 09:38:40,218.67,False,False,False,False,False,
RUN-013,VIN-2028325,EV,2026-08-13 09:40:04,220.08,False,False,False,False,False,
RUN-013,VIN-2028326,SUV,2026-08-13 09:41:25,221.42,False,False,False,False,False,
RUN-013,VIN-2028327,EV,2026-08-13 09:42:47,222.79,False,False,False,False,False,
RUN-013,VIN-2028328,Sedan,2026-08-13 09:44:11,224.19,False,False,False,False,False,
RUN-013,VIN-2028329,SUV,2026-08-13 09:45:21,225.36,False,False,False,False,False,
RUN-013,VIN-2028330,SUV,2026-08-13 09:46:42,226.71,False,False,False,False,False,
RUN-013,VIN-2028331,EV,2026-08-13 09:48:02,228.05,False,False,False,False,False,
RUN-013,VIN-2028332,Sedan,2026-08-13 09:49:17,229.29,False,False,False,False,False,
RUN-013,VIN-2028333,Sedan,2026-08-13 09:50:42,230.71,False,False,False,False,False,
RUN-013,VIN-2028334,EV,2026-08-13 09:51:58,231.97,False,False,False,False,False,
RUN-013,VIN-2028335,SUV,2026-08-13 09:53:10,233.17,False,False,False,False,False,
RUN-013,VIN-2028336,Sedan,2026-08-13 09:54:38,234.64,False,False,False,False,False,
RUN-013,VIN-2028337,SUV,2026-08-13 09:56:02,236.04,False,False,False,False,False,
RUN-013,VIN-2028338,EV,2026-08-13 09:57:25,237.43,False,False,False,False,False,
RUN-013,VIN-2028339,EV,2026-08-13 09:58:37,238.63,False,False,False,False,False,
RUN-014,VIN-2028340,SUV,2026-08-14 06:00:03,0.06,False,False,False,False,False,
RUN-014,VIN-2028341,SUV,2026-08-14 06:01:29,1.49,False,False,False,False,False,
RUN-014,VIN-2028342,EV,2026-08-14 06:02:35,2.6,False,False,False,False,False,
RUN-014,VIN-2028343,Sedan,2026-08-14 06:03:58,3.97,False,False,False,False,False,
RUN-014,VIN-2028344,EV,2026-08-14 06:05:26,5.43,False,False,False,False,False,
RUN-014,VIN-2028345,Sedan,2026-08-14 06:06:26,6.44,False,False,False,False,False,
RUN-014,VIN-2028346,Sedan,2026-08-14 06:07:58,7.98,False,False,False,False,False,
RUN-014,VIN-2028347,SUV,2026-08-14 06:09:24,9.4,False,False,False,False,False,
RUN-014,VIN-2028348,SUV,2026-08-14 06:10:32,10.53,False,False,False,False,False,
RUN-014,VIN-2028349,SUV,2026-08-14 06:12:05,12.1,False,False,False,False,False,
RUN-014,VIN-2028350,Sedan,2026-08-14 06:13:13,13.22,False,False,False,False,False,
RUN-014,VIN-2028351,EV,2026-08-14 06:14:43,14.72,False,False,False,False,False,
RUN-014,VIN-2028352,Sedan,2026-08-14 06:15:47,15.79,False,False,False,False,False,
RUN-014,VIN-2028353,SUV,2026-08-14 06:17:24,17.42,False,False,False,False,False,
RUN-014,VIN-2028354,SUV,2026-08-14 06:18:49,18.82,False,False,False,False,False,
RUN-014,VIN-2028355,SUV,2026-08-14 06:20:01,20.02,False,False,False,False,False,
RUN-014,VIN-2028356,Sedan,2026-08-14 06:21:23,21.39,False,False,False,False,False,
RUN-014,VIN-2028357,Sedan,2026-08-14 06:22:42,22.72,False,False,False,False,False,
RUN-014,VIN-2028358,SUV,2026-08-14 06:23:57,23.96,False,False,False,False,False,
RUN-014,VIN-2028359,Sedan,2026-08-14 06:25:13,25.23,False,False,False,False,False,
RUN-014,VIN-2028360,Sedan,2026-08-14 06:26:42,26.72,False,False,False,False,False,
RUN-014,VIN-2028361,Sedan,2026-08-14 06:28:04,28.08,False,False,False,False,False,
RUN-014,VIN-2028362,EV,2026-08-14 06:29:15,29.26,False,False,False,False,False,
RUN-014,VIN-2028363,SUV,2026-08-14 06:30:40,30.67,False,False,False,False,False,
RUN-014,VIN-2028364,SUV,2026-08-14 06:32:01,32.03,False,False,False,False,False,
RUN-014,VIN-2028365,Sedan,2026-08-14 06:33:23,33.39,False,False,False,False,False,
RUN-014,VIN-2028366,Sedan,2026-08-14 06:34:32,34.55,False,False,False,False,False,
RUN-014,VIN-2028367,Sedan,2026-08-14 06:36:00,36.0,False,False,False,False,False,
RUN-014,VIN-2028368,Sedan,2026-08-14 06:37:23,37.4,False,False,False,False,False,
RUN-014,VIN-2028369,SUV,2026-08-14 06:38:42,38.71,False,False,False,False,False,
RUN-014,VIN-2028370,Sedan,2026-08-14 06:39:57,39.96,False,False,False,False,False,
RUN-014,VIN-2028371,SUV,2026-08-14 06:41:20,41.35,False,False,False,False,False,
RUN-014,VIN-2028372,Sedan,2026-08-14 06:42:46,42.78,False,False,False,False,False,
RUN-014,VIN-2028373,SUV,2026-08-14 06:44:02,44.04,False,False,False,False,False,
RUN-014,VIN-2028374,Sedan,2026-08-14 06:45:15,45.26,False,False,False,False,False,
RUN-014,VIN-2028375,SUV,2026-08-14 06:46:38,46.65,False,False,False,False,False,
RUN-014,VIN-2028376,SUV,2026-08-14 06:48:01,48.02,False,False,False,False,False,
RUN-014,VIN-2028377,Sedan,2026-08-14 06:49:21,49.35,False,False,False,False,False,
RUN-014,VIN-2028378,Sedan,2026-08-14 06:50:42,50.7,False,True,False,False,True,RUN014-EVT01
RUN-014,VIN-2028379,Sedan,2026-08-14 06:51:58,51.97,False,True,False,False,True,RUN014-EVT01
RUN-014,VIN-2028380,EV,2026-08-14 06:53:19,53.32,False,True,False,False,True,RUN014-EVT01
RUN-014,VIN-2028381,EV,2026-08-14 06:54:45,54.77,False,True,False,False,True,RUN014-EVT01
RUN-014,VIN-2028382,Sedan,2026-08-14 06:55:58,55.98,False,True,False,False,True,RUN014-EVT01
RUN-014,VIN-2028383,EV,2026-08-14 06:57:25,57.43,False,True,False,False,True,RUN014-EVT01
RUN-014,VIN-2028384,Sedan,2026-08-14 06:58:42,58.71,False,True,False,False,True,RUN014-EVT01
RUN-014,VIN-2028385,SUV,2026-08-14 06:59:53,59.89,False,True,False,False,True,RUN014-EVT01
RUN-014,VIN-2028386,EV,2026-08-14 07:01:19,61.33,False,True,False,False,True,RUN014-EVT01
RUN-014,VIN-2028387,EV,2026-08-14 07:02:33,62.55,False,True,False,False,True,RUN014-EVT01
RUN-014,VIN-2028388,SUV,2026-08-14 07:04:01,64.02,False,True,False,False,True,RUN014-EVT01
RUN-014,VIN-2028389,EV,2026-08-14 07:05:27,65.46,False,True,False,False,True,RUN014-EVT01
RUN-014,VIN-2028390,Sedan,2026-08-14 07:06:39,66.65,False,True,False,False,True,RUN014-EVT01
RUN-014,VIN-2028391,Sedan,2026-08-14 07:08:02,68.04,False,True,False,False,True,RUN014-EVT01
RUN-014,VIN-2028392,SUV,2026-08-14 07:09:11,69.2,False,True,False,False,True,RUN014-EVT01
RUN-014,VIN-2028393,SUV,2026-08-14 07:10:38,70.63,False,True,False,False,True,RUN014-EVT01
RUN-014,VIN-2028394,Sedan,2026-08-14 07:11:57,71.96,False,True,False,False,True,RUN014-EVT01
RUN-014,VIN-2028395,SUV,2026-08-14 07:13:26,73.45,False,True,False,False,True,RUN014-EVT01
RUN-014,VIN-2028396,Sedan,2026-08-14 07:14:39,74.65,False,True,False,False,True,RUN014-EVT01
RUN-014,VIN-2028397,SUV,2026-08-14 07:16:03,76.06,False,True,False,False,True,RUN014-EVT01
RUN-014,VIN-2028398,Sedan,2026-08-14 07:17:15,77.25,False,True,False,False,True,RUN014-EVT01
RUN-014,VIN-2028399,Sedan,2026-08-14 07:18:40,78.68,False,True,False,False,True,RUN014-EVT01
RUN-014,VIN-2028400,Sedan,2026-08-14 07:19:52,79.87,False,True,False,False,True,RUN014-EVT01
RUN-014,VIN-2028401,Sedan,2026-08-14 07:21:14,81.24,False,True,False,False,True,RUN014-EVT01
RUN-014,VIN-2028402,Sedan,2026-08-14 07:22:48,82.8,False,True,False,False,True,RUN014-EVT01
RUN-014,VIN-2028403,Sedan,2026-08-14 07:24:00,84.01,False,True,False,False,True,RUN014-EVT01
RUN-014,VIN-2028404,SUV,2026-08-14 07:25:22,85.37,False,True,False,False,True,RUN014-EVT01
RUN-014,VIN-2028405,Sedan,2026-08-14 07:26:41,86.69,False,True,False,False,True,RUN014-EVT01
RUN-014,VIN-2028406,EV,2026-08-14 07:28:01,88.02,False,True,False,False,True,RUN014-EVT01
RUN-014,VIN-2028407,Sedan,2026-08-14 07:29:28,89.47,False,True,False,False,True,RUN014-EVT01
RUN-014,VIN-2028408,Sedan,2026-08-14 07:30:41,90.69,False,True,False,False,True,RUN014-EVT01
RUN-014,VIN-2028409,Sedan,2026-08-14 07:32:01,92.02,False,True,False,False,True,RUN014-EVT01
RUN-014,VIN-2028410,SUV,2026-08-14 07:33:17,93.29,False,True,False,False,True,RUN014-EVT01
RUN-014,VIN-2028411,SUV,2026-08-14 07:34:38,94.64,False,True,False,False,True,RUN014-EVT01
RUN-014,VIN-2028412,SUV,2026-08-14 07:35:58,95.98,False,True,False,False,True,RUN014-EVT01;RUN014-EVT02
RUN-014,VIN-2028413,SUV,2026-08-14 07:37:22,97.37,False,True,False,False,True,RUN014-EVT01;RUN014-EVT02
RUN-014,VIN-2028414,Sedan,2026-08-14 07:38:32,98.55,False,True,False,False,True,RUN014-EVT01;RUN014-EVT02
RUN-014,VIN-2028415,Sedan,2026-08-14 07:40:00,100.01,False,True,False,False,True,RUN014-EVT01;RUN014-EVT02
RUN-014,VIN-2028416,Sedan,2026-08-14 07:41:17,101.29,False,True,False,False,True,RUN014-EVT01;RUN014-EVT02
RUN-014,VIN-2028417,Sedan,2026-08-14 07:42:30,102.51,False,True,False,False,True,RUN014-EVT02
RUN-014,VIN-2028418,SUV,2026-08-14 07:43:58,103.98,False,True,False,False,True,RUN014-EVT02
RUN-014,VIN-2028419,Sedan,2026-08-14 07:45:18,105.31,False,True,False,False,True,RUN014-EVT02
RUN-014,VIN-2028420,SUV,2026-08-14 07:46:39,106.65,False,True,False,False,True,RUN014-EVT02
RUN-014,VIN-2028421,Sedan,2026-08-14 07:47:58,107.97,False,True,False,False,True,RUN014-EVT02
RUN-014,VIN-2028422,Sedan,2026-08-14 07:49:24,109.42,False,True,False,False,True,RUN014-EVT02
RUN-014,VIN-2028423,SUV,2026-08-14 07:50:45,110.75,False,True,False,False,True,RUN014-EVT02
RUN-014,VIN-2028424,SUV,2026-08-14 07:51:56,111.93,False,True,False,False,True,RUN014-EVT02
RUN-014,VIN-2028425,Sedan,2026-08-14 07:53:11,113.19,False,True,False,False,True,RUN014-EVT02
RUN-014,VIN-2028426,Sedan,2026-08-14 07:54:43,114.73,False,True,False,False,True,RUN014-EVT02
RUN-014,VIN-2028427,EV,2026-08-14 07:55:56,115.94,False,True,False,False,True,RUN014-EVT02
RUN-014,VIN-2028428,Sedan,2026-08-14 07:57:11,117.2,False,True,False,False,True,RUN014-EVT02
RUN-014,VIN-2028429,SUV,2026-08-14 07:58:42,118.71,False,True,False,False,True,RUN014-EVT02
RUN-014,VIN-2028430,Sedan,2026-08-14 08:00:09,120.15,False,True,False,False,True,RUN014-EVT02
RUN-014,VIN-2028431,EV,2026-08-14 08:01:27,121.45,False,True,False,False,True,RUN014-EVT02
RUN-014,VIN-2028432,Sedan,2026-08-14 08:02:42,122.7,False,True,False,False,True,RUN014-EVT02
RUN-014,VIN-2028433,EV,2026-08-14 08:03:59,123.99,False,True,False,False,True,RUN014-EVT02
RUN-014,VIN-2028434,Sedan,2026-08-14 08:05:11,125.19,False,True,False,False,True,RUN014-EVT02
RUN-014,VIN-2028435,Sedan,2026-08-14 08:06:37,126.63,False,True,False,False,True,RUN014-EVT02
RUN-014,VIN-2028436,SUV,2026-08-14 08:08:00,128.01,False,True,False,False,True,RUN014-EVT02
RUN-014,VIN-2028437,EV,2026-08-14 08:09:28,129.47,False,True,False,False,True,RUN014-EVT02
RUN-014,VIN-2028438,Sedan,2026-08-14 08:10:47,130.78,False,True,False,False,True,RUN014-EVT02
RUN-014,VIN-2028439,Sedan,2026-08-14 08:11:59,131.98,False,True,False,False,True,RUN014-EVT02
RUN-014,VIN-2028440,Sedan,2026-08-14 08:13:21,133.36,False,True,False,False,True,RUN014-EVT02
RUN-014,VIN-2028441,Sedan,2026-08-14 08:14:40,134.68,False,True,False,False,True,RUN014-EVT02
RUN-014,VIN-2028442,SUV,2026-08-14 08:15:59,135.99,False,True,False,False,True,RUN014-EVT02
RUN-014,VIN-2028443,EV,2026-08-14 08:17:11,137.19,False,True,False,False,True,RUN014-EVT02
RUN-014,VIN-2028444,Sedan,2026-08-14 08:18:46,138.78,False,True,False,False,True,RUN014-EVT02
RUN-014,VIN-2028445,Sedan,2026-08-14 08:19:55,139.93,False,True,False,False,True,RUN014-EVT02
RUN-014,VIN-2028446,Sedan,2026-08-14 08:21:20,141.34,False,False,False,False,False,
RUN-014,VIN-2028447,Sedan,2026-08-14 08:22:35,142.58,False,False,False,False,False,
RUN-014,VIN-2028448,SUV,2026-08-14 08:24:01,144.02,False,False,False,False,False,
RUN-014,VIN-2028449,Sedan,2026-08-14 08:25:27,145.46,False,False,False,False,False,
RUN-014,VIN-2028450,Sedan,2026-08-14 08:26:40,146.68,False,False,False,False,False,
RUN-014,VIN-2028451,SUV,2026-08-14 08:27:57,147.96,False,False,False,False,False,
RUN-014,VIN-2028452,Sedan,2026-08-14 08:29:20,149.34,False,False,False,False,False,
RUN-014,VIN-2028453,SUV,2026-08-14 08:30:33,150.56,False,False,False,False,False,
RUN-014,VIN-2028454,SUV,2026-08-14 08:32:10,152.18,False,False,False,False,False,
RUN-014,VIN-2028455,SUV,2026-08-14 08:33:27,153.47,False,False,False,False,False,
RUN-014,VIN-2028456,Sedan,2026-08-14 08:34:31,154.52,False,False,False,False,False,
RUN-014,VIN-2028457,Sedan,2026-08-14 08:36:01,156.03,False,False,False,False,False,
RUN-014,VIN-2028458,SUV,2026-08-14 08:37:15,157.27,False,False,False,False,False,
RUN-014,VIN-2028459,SUV,2026-08-14 08:38:41,158.7,False,False,False,False,False,
RUN-014,VIN-2028460,Sedan,2026-08-14 08:39:49,159.82,False,False,False,False,False,
RUN-014,VIN-2028461,EV,2026-08-14 08:41:29,161.49,False,False,False,False,False,
RUN-014,VIN-2028462,Sedan,2026-08-14 08:42:39,162.66,False,False,False,False,False,
RUN-014,VIN-2028463,SUV,2026-08-14 08:44:03,164.07,False,False,False,False,False,
RUN-014,VIN-2028464,SUV,2026-08-14 08:45:18,165.31,False,False,False,False,False,
RUN-014,VIN-2028465,Sedan,2026-08-14 08:46:41,166.69,False,False,False,False,False,
RUN-014,VIN-2028466,Sedan,2026-08-14 08:48:01,168.02,False,False,False,False,False,
RUN-014,VIN-2028467,EV,2026-08-14 08:49:23,169.39,False,False,False,False,False,
RUN-014,VIN-2028468,SUV,2026-08-14 08:50:37,170.62,False,False,False,False,False,
RUN-014,VIN-2028469,Sedan,2026-08-14 08:51:58,171.98,False,False,False,False,False,
RUN-014,VIN-2028470,SUV,2026-08-14 08:53:14,173.25,False,False,False,False,False,
RUN-014,VIN-2028471,Sedan,2026-08-14 08:54:36,174.61,False,False,False,False,False,
RUN-014,VIN-2028472,Sedan,2026-08-14 08:55:55,175.93,False,False,False,False,False,
RUN-014,VIN-2028473,SUV,2026-08-14 08:57:17,177.29,False,False,False,False,False,
RUN-014,VIN-2028474,Sedan,2026-08-14 08:58:42,178.71,False,False,False,False,False,
RUN-014,VIN-2028475,SUV,2026-08-14 09:00:03,180.05,False,False,False,False,False,
RUN-014,VIN-2028476,SUV,2026-08-14 09:01:19,181.32,False,False,False,False,False,
RUN-014,VIN-2028477,Sedan,2026-08-14 09:02:41,182.7,False,False,False,False,False,
RUN-014,VIN-2028478,EV,2026-08-14 09:04:02,184.04,False,False,False,False,False,
RUN-014,VIN-2028479,Sedan,2026-08-14 09:05:14,185.24,False,False,False,False,False,
RUN-014,VIN-2028480,SUV,2026-08-14 09:06:37,186.62,False,False,False,False,False,
RUN-014,VIN-2028481,EV,2026-08-14 09:07:58,187.98,False,False,False,False,False,
RUN-014,VIN-2028482,EV,2026-08-14 09:09:20,189.34,False,False,False,False,False,
RUN-014,VIN-2028483,SUV,2026-08-14 09:10:42,190.71,False,False,False,False,False,
RUN-014,VIN-2028484,Sedan,2026-08-14 09:12:09,192.16,False,False,False,False,False,
RUN-014,VIN-2028485,SUV,2026-08-14 09:13:14,193.25,False,False,False,False,False,
RUN-014,VIN-2028486,Sedan,2026-08-14 09:14:38,194.64,False,False,False,False,False,
RUN-014,VIN-2028487,Sedan,2026-08-14 09:16:03,196.06,False,False,False,False,False,
RUN-014,VIN-2028488,SUV,2026-08-14 09:17:22,197.37,False,False,False,False,False,
RUN-014,VIN-2028489,Sedan,2026-08-14 09:18:37,198.63,False,False,False,False,False,
RUN-014,VIN-2028490,Sedan,2026-08-14 09:19:55,199.92,False,False,False,False,False,
RUN-014,VIN-2028491,EV,2026-08-14 09:21:20,201.34,False,False,False,False,False,
RUN-014,VIN-2028492,SUV,2026-08-14 09:22:43,202.72,False,False,False,False,False,
RUN-014,VIN-2028493,Sedan,2026-08-14 09:24:04,204.08,False,False,False,False,False,
RUN-014,VIN-2028494,Sedan,2026-08-14 09:25:23,205.4,False,False,False,False,False,
RUN-014,VIN-2028495,SUV,2026-08-14 09:26:39,206.66,False,False,False,False,False,
RUN-014,VIN-2028496,Sedan,2026-08-14 09:28:02,208.04,False,False,False,False,False,
RUN-014,VIN-2028497,Sedan,2026-08-14 09:29:18,209.31,False,False,False,False,False,
RUN-014,VIN-2028498,SUV,2026-08-14 09:30:35,210.6,False,False,False,False,False,
RUN-014,VIN-2028499,SUV,2026-08-14 09:31:48,211.82,False,False,False,False,False,
RUN-014,VIN-2028500,SUV,2026-08-14 09:33:23,213.4,False,False,False,False,False,
RUN-014,VIN-2028501,EV,2026-08-14 09:34:42,214.71,False,False,False,False,False,
RUN-014,VIN-2028502,Sedan,2026-08-14 09:35:59,216.0,False,False,False,False,False,
RUN-014,VIN-2028503,EV,2026-08-14 09:37:28,217.47,False,False,False,False,False,
RUN-014,VIN-2028504,EV,2026-08-14 09:38:37,218.63,False,False,False,False,False,
RUN-014,VIN-2028505,SUV,2026-08-14 09:40:01,220.03,False,False,False,False,False,
RUN-014,VIN-2028506,Sedan,2026-08-14 09:41:21,221.35,False,False,False,False,False,
RUN-014,VIN-2028507,SUV,2026-08-14 09:42:43,222.73,False,False,False,False,False,
RUN-014,VIN-2028508,SUV,2026-08-14 09:44:00,224.01,False,False,False,False,False,
RUN-014,VIN-2028509,Sedan,2026-08-14 09:45:15,225.26,False,False,False,False,False,
RUN-014,VIN-2028510,SUV,2026-08-14 09:46:36,226.61,False,False,False,False,False,
RUN-014,VIN-2028511,Sedan,2026-08-14 09:47:59,227.99,False,False,False,False,False,
RUN-014,VIN-2028512,Sedan,2026-08-14 09:49:16,229.28,False,False,False,False,False,
RUN-014,VIN-2028513,Sedan,2026-08-14 09:50:38,230.64,False,False,False,False,False,
RUN-014,VIN-2028514,SUV,2026-08-14 09:51:58,231.97,False,False,False,False,False,
RUN-014,VIN-2028515,Sedan,2026-08-14 09:53:23,233.38,False,False,False,False,False,
RUN-014,VIN-2028516,Sedan,2026-08-14 09:54:43,234.73,False,False,False,False,False,
RUN-014,VIN-2028517,Sedan,2026-08-14 09:55:59,235.99,False,False,False,False,False,
RUN-014,VIN-2028518,EV,2026-08-14 09:57:21,237.36,False,False,False,False,False,
RUN-014,VIN-2028519,EV,2026-08-14 09:58:37,238.63,False,False,False,False,False,
RUN-015,VIN-2028520,SUV,2026-08-15 06:00:00,0.0,False,False,False,False,False,
RUN-015,VIN-2028521,SUV,2026-08-15 06:01:37,1.62,False,False,False,False,False,
RUN-015,VIN-2028522,SUV,2026-08-15 06:02:38,2.65,False,False,False,False,False,
RUN-015,VIN-2028523,SUV,2026-08-15 06:03:57,3.96,False,False,False,False,False,
RUN-015,VIN-2028524,Sedan,2026-08-15 06:05:24,5.4,False,False,False,False,False,
RUN-015,VIN-2028525,EV,2026-08-15 06:06:44,6.74,False,False,False,False,False,
RUN-015,VIN-2028526,SUV,2026-08-15 06:07:52,7.88,False,False,False,False,False,
RUN-015,VIN-2028527,SUV,2026-08-15 06:09:19,9.33,False,False,False,False,False,
RUN-015,VIN-2028528,SUV,2026-08-15 06:10:44,10.75,False,False,False,False,False,
RUN-015,VIN-2028529,EV,2026-08-15 06:12:09,12.15,False,False,False,False,False,
RUN-015,VIN-2028530,Sedan,2026-08-15 06:13:21,13.35,False,False,False,False,False,
RUN-015,VIN-2028531,Sedan,2026-08-15 06:14:39,14.67,False,False,False,False,False,
RUN-015,VIN-2028532,SUV,2026-08-15 06:16:04,16.08,False,False,False,False,False,
RUN-015,VIN-2028533,SUV,2026-08-15 06:17:27,17.46,False,False,False,False,False,
RUN-015,VIN-2028534,SUV,2026-08-15 06:18:39,18.66,False,False,False,False,False,
RUN-015,VIN-2028535,Sedan,2026-08-15 06:19:59,20.0,False,False,False,False,False,
RUN-015,VIN-2028536,Sedan,2026-08-15 06:21:12,21.21,False,False,False,False,False,
RUN-015,VIN-2028537,SUV,2026-08-15 06:22:41,22.69,False,False,False,False,False,
RUN-015,VIN-2028538,SUV,2026-08-15 06:23:52,23.88,False,False,False,False,False,
RUN-015,VIN-2028539,Sedan,2026-08-15 06:25:27,25.46,False,False,False,False,False,
RUN-015,VIN-2028540,Sedan,2026-08-15 06:26:41,26.69,False,False,False,False,False,
RUN-015,VIN-2028541,SUV,2026-08-15 06:27:51,27.86,False,False,False,False,False,
RUN-015,VIN-2028542,SUV,2026-08-15 06:29:11,29.19,False,False,False,False,False,
RUN-015,VIN-2028543,SUV,2026-08-15 06:30:39,30.66,False,False,False,False,False,
RUN-015,VIN-2028544,SUV,2026-08-15 06:31:58,31.97,False,False,False,False,False,
RUN-015,VIN-2028545,SUV,2026-08-15 06:33:17,33.29,False,False,False,False,False,
RUN-015,VIN-2028546,SUV,2026-08-15 06:34:39,34.66,False,False,False,False,False,
RUN-015,VIN-2028547,SUV,2026-08-15 06:36:01,36.03,False,False,False,False,False,
RUN-015,VIN-2028548,Sedan,2026-08-15 06:37:21,37.35,False,False,False,False,False,
RUN-015,VIN-2028549,SUV,2026-08-15 06:38:41,38.69,False,False,False,False,False,
RUN-015,VIN-2028550,EV,2026-08-15 06:40:02,40.04,False,False,False,False,False,
RUN-015,VIN-2028551,Sedan,2026-08-15 06:41:23,41.4,False,True,False,False,True,RUN015-EVT01
RUN-015,VIN-2028552,SUV,2026-08-15 06:42:36,42.61,False,True,False,False,True,RUN015-EVT01
RUN-015,VIN-2028553,EV,2026-08-15 06:44:01,44.03,False,True,False,False,True,RUN015-EVT01
RUN-015,VIN-2028554,SUV,2026-08-15 06:45:18,45.31,False,True,False,False,True,RUN015-EVT01
RUN-015,VIN-2028555,Sedan,2026-08-15 06:46:36,46.61,False,True,False,False,True,RUN015-EVT01
RUN-015,VIN-2028556,Sedan,2026-08-15 06:48:05,48.09,False,True,False,False,True,RUN015-EVT01
RUN-015,VIN-2028557,SUV,2026-08-15 06:49:24,49.41,False,True,False,False,True,RUN015-EVT01
RUN-015,VIN-2028558,Sedan,2026-08-15 06:50:42,50.71,False,True,False,False,True,RUN015-EVT01
RUN-015,VIN-2028559,Sedan,2026-08-15 06:51:58,51.98,False,True,False,False,True,RUN015-EVT01
RUN-015,VIN-2028560,SUV,2026-08-15 06:53:15,53.25,False,True,False,False,True,RUN015-EVT01
RUN-015,VIN-2028561,Sedan,2026-08-15 06:54:32,54.54,False,True,False,False,True,RUN015-EVT01
RUN-015,VIN-2028562,Sedan,2026-08-15 06:55:59,56.0,False,True,False,False,True,RUN015-EVT01
RUN-015,VIN-2028563,SUV,2026-08-15 06:57:17,57.29,False,True,False,False,True,RUN015-EVT01
RUN-015,VIN-2028564,Sedan,2026-08-15 06:58:37,58.63,False,True,False,False,True,RUN015-EVT01
RUN-015,VIN-2028565,SUV,2026-08-15 06:59:57,59.96,False,True,False,False,True,RUN015-EVT01
RUN-015,VIN-2028566,EV,2026-08-15 07:01:27,61.45,False,True,False,False,True,RUN015-EVT01
RUN-015,VIN-2028567,Sedan,2026-08-15 07:02:40,62.67,False,True,False,False,True,RUN015-EVT01
RUN-015,VIN-2028568,SUV,2026-08-15 07:04:01,64.02,False,True,False,False,True,RUN015-EVT01
RUN-015,VIN-2028569,Sedan,2026-08-15 07:05:27,65.45,False,True,False,False,True,RUN015-EVT01
RUN-015,VIN-2028570,SUV,2026-08-15 07:06:37,66.62,False,True,False,False,True,RUN015-EVT01
RUN-015,VIN-2028571,Sedan,2026-08-15 07:08:00,68.01,False,True,False,False,True,RUN015-EVT01
RUN-015,VIN-2028572,Sedan,2026-08-15 07:09:20,69.34,False,True,False,False,True,RUN015-EVT01
RUN-015,VIN-2028573,Sedan,2026-08-15 07:10:42,70.72,False,True,False,False,True,RUN015-EVT01
RUN-015,VIN-2028574,SUV,2026-08-15 07:12:03,72.05,False,True,False,False,True,RUN015-EVT01
RUN-015,VIN-2028575,SUV,2026-08-15 07:13:17,73.3,False,True,False,False,True,RUN015-EVT01
RUN-015,VIN-2028576,SUV,2026-08-15 07:14:36,74.61,False,True,False,False,True,RUN015-EVT01
RUN-015,VIN-2028577,Sedan,2026-08-15 07:15:56,75.94,False,True,False,False,True,RUN015-EVT01
RUN-015,VIN-2028578,Sedan,2026-08-15 07:17:11,77.19,False,True,False,False,True,RUN015-EVT01
RUN-015,VIN-2028579,SUV,2026-08-15 07:18:33,78.55,False,False,False,False,False,
RUN-015,VIN-2028580,Sedan,2026-08-15 07:19:53,79.89,False,False,False,False,False,
RUN-015,VIN-2028581,Sedan,2026-08-15 07:21:22,81.37,False,False,False,False,False,
RUN-015,VIN-2028582,Sedan,2026-08-15 07:22:34,82.58,False,False,False,False,False,
RUN-015,VIN-2028583,Sedan,2026-08-15 07:24:01,84.03,False,False,False,False,False,
RUN-015,VIN-2028584,Sedan,2026-08-15 07:25:15,85.26,False,False,False,False,False,
RUN-015,VIN-2028585,Sedan,2026-08-15 07:26:42,86.7,False,False,False,False,False,
RUN-015,VIN-2028586,Sedan,2026-08-15 07:27:48,87.82,False,False,False,False,False,
RUN-015,VIN-2028587,Sedan,2026-08-15 07:29:17,89.28,False,False,False,False,False,
RUN-015,VIN-2028588,SUV,2026-08-15 07:30:37,90.63,False,False,False,False,False,
RUN-015,VIN-2028589,Sedan,2026-08-15 07:31:59,91.99,False,False,False,False,False,
RUN-015,VIN-2028590,Sedan,2026-08-15 07:33:25,93.43,False,False,False,False,False,
RUN-015,VIN-2028591,SUV,2026-08-15 07:34:38,94.64,False,False,False,False,False,
RUN-015,VIN-2028592,SUV,2026-08-15 07:36:03,96.05,False,False,False,False,False,
RUN-015,VIN-2028593,EV,2026-08-15 07:37:11,97.19,False,False,False,False,False,
RUN-015,VIN-2028594,Sedan,2026-08-15 07:38:46,98.78,False,False,False,False,False,
RUN-015,VIN-2028595,Sedan,2026-08-15 07:39:58,99.98,False,False,False,False,False,
RUN-015,VIN-2028596,Sedan,2026-08-15 07:41:18,101.3,False,False,False,False,False,
RUN-015,VIN-2028597,EV,2026-08-15 07:42:42,102.71,False,False,False,False,False,
RUN-015,VIN-2028598,Sedan,2026-08-15 07:43:56,103.94,False,False,False,False,False,
RUN-015,VIN-2028599,SUV,2026-08-15 07:45:21,105.36,False,False,False,False,False,
RUN-015,VIN-2028600,SUV,2026-08-15 07:46:34,106.58,False,False,False,False,False,
RUN-015,VIN-2028601,Sedan,2026-08-15 07:48:12,108.2,False,False,False,False,False,
RUN-015,VIN-2028602,SUV,2026-08-15 07:49:24,109.41,False,False,False,False,False,
RUN-015,VIN-2028603,EV,2026-08-15 07:50:37,110.63,False,False,False,False,False,
RUN-015,VIN-2028604,Sedan,2026-08-15 07:52:00,112.0,False,False,False,False,False,
RUN-015,VIN-2028605,Sedan,2026-08-15 07:53:17,113.3,False,False,False,False,False,
RUN-015,VIN-2028606,Sedan,2026-08-15 07:54:45,114.76,False,False,False,False,False,
RUN-015,VIN-2028607,EV,2026-08-15 07:56:01,116.03,False,False,False,False,False,
RUN-015,VIN-2028608,SUV,2026-08-15 07:57:21,117.36,False,False,False,False,False,
RUN-015,VIN-2028609,Sedan,2026-08-15 07:58:48,118.82,False,False,False,False,False,
RUN-015,VIN-2028610,Sedan,2026-08-15 07:59:58,119.98,False,False,False,False,False,
RUN-015,VIN-2028611,EV,2026-08-15 08:01:20,121.34,False,False,False,False,False,
RUN-015,VIN-2028612,Sedan,2026-08-15 08:02:40,122.68,False,False,False,False,False,
RUN-015,VIN-2028613,SUV,2026-08-15 08:03:58,123.97,False,False,False,False,False,
RUN-015,VIN-2028614,Sedan,2026-08-15 08:05:19,125.33,False,False,False,False,False,
RUN-015,VIN-2028615,SUV,2026-08-15 08:06:39,126.67,False,False,False,False,False,
RUN-015,VIN-2028616,SUV,2026-08-15 08:08:11,128.19,False,False,False,False,False,
RUN-015,VIN-2028617,SUV,2026-08-15 08:09:20,129.34,False,False,False,False,False,
RUN-015,VIN-2028618,SUV,2026-08-15 08:10:34,130.57,False,False,False,False,False,
RUN-015,VIN-2028619,SUV,2026-08-15 08:11:55,131.92,False,False,False,False,False,
RUN-015,VIN-2028620,SUV,2026-08-15 08:13:08,133.15,False,False,False,False,False,
RUN-015,VIN-2028621,Sedan,2026-08-15 08:14:43,134.73,False,False,False,False,False,
RUN-015,VIN-2028622,Sedan,2026-08-15 08:15:51,135.87,False,False,False,False,False,
RUN-015,VIN-2028623,Sedan,2026-08-15 08:17:21,137.36,False,False,False,False,False,
RUN-015,VIN-2028624,Sedan,2026-08-15 08:18:36,138.61,False,False,False,False,False,
RUN-015,VIN-2028625,Sedan,2026-08-15 08:20:11,140.2,False,False,False,False,False,
RUN-015,VIN-2028626,Sedan,2026-08-15 08:21:19,141.32,False,False,False,False,False,
RUN-015,VIN-2028627,SUV,2026-08-15 08:22:41,142.68,False,False,False,False,False,
RUN-015,VIN-2028628,Sedan,2026-08-15 08:24:04,144.07,False,False,False,False,False,
RUN-015,VIN-2028629,Sedan,2026-08-15 08:25:13,145.22,False,False,False,False,False,
RUN-015,VIN-2028630,Sedan,2026-08-15 08:26:39,146.66,False,False,False,False,False,
RUN-015,VIN-2028631,EV,2026-08-15 08:27:57,147.95,False,False,False,False,False,
RUN-015,VIN-2028632,SUV,2026-08-15 08:29:22,149.37,False,False,False,False,False,
RUN-015,VIN-2028633,SUV,2026-08-15 08:30:40,150.67,False,False,False,False,False,
RUN-015,VIN-2028634,SUV,2026-08-15 08:32:02,152.03,False,False,False,False,False,
RUN-015,VIN-2028635,SUV,2026-08-15 08:33:20,153.35,False,False,False,False,False,
RUN-015,VIN-2028636,SUV,2026-08-15 08:34:44,154.74,False,False,False,False,False,
RUN-015,VIN-2028637,EV,2026-08-15 08:36:04,156.07,False,False,False,False,False,
RUN-015,VIN-2028638,Sedan,2026-08-15 08:37:19,157.32,False,False,False,False,False,
RUN-015,VIN-2028639,SUV,2026-08-15 08:38:36,158.61,False,False,False,False,False,
RUN-015,VIN-2028640,SUV,2026-08-15 08:40:04,160.07,False,False,False,False,False,
RUN-015,VIN-2028641,EV,2026-08-15 08:41:25,161.43,False,False,False,False,False,
RUN-015,VIN-2028642,Sedan,2026-08-15 08:42:47,162.79,False,False,False,False,False,
RUN-015,VIN-2028643,Sedan,2026-08-15 08:43:59,163.99,False,False,False,False,False,
RUN-015,VIN-2028644,SUV,2026-08-15 08:45:15,165.26,False,False,False,False,False,
RUN-015,VIN-2028645,SUV,2026-08-15 08:46:35,166.6,False,False,False,False,False,
RUN-015,VIN-2028646,SUV,2026-08-15 08:47:59,167.99,False,False,False,False,False,
RUN-015,VIN-2028647,Sedan,2026-08-15 08:49:19,169.33,False,False,False,False,False,
RUN-015,VIN-2028648,SUV,2026-08-15 08:50:51,170.86,False,False,False,False,False,
RUN-015,VIN-2028649,Sedan,2026-08-15 08:51:59,171.99,False,False,False,False,False,
RUN-015,VIN-2028650,EV,2026-08-15 08:53:27,173.45,False,False,False,False,False,
RUN-015,VIN-2028651,Sedan,2026-08-15 08:54:46,174.78,False,False,False,False,False,
RUN-015,VIN-2028652,Sedan,2026-08-15 08:56:01,176.03,False,False,False,False,False,
RUN-015,VIN-2028653,SUV,2026-08-15 08:57:18,177.31,False,False,False,False,False,
RUN-015,VIN-2028654,Sedan,2026-08-15 08:58:40,178.68,False,False,False,False,False,
RUN-015,VIN-2028655,EV,2026-08-15 08:59:56,179.94,False,False,False,False,False,
RUN-015,VIN-2028656,Sedan,2026-08-15 09:01:26,181.44,False,False,False,False,False,
RUN-015,VIN-2028657,Sedan,2026-08-15 09:02:45,182.76,False,False,False,False,False,
RUN-015,VIN-2028658,Sedan,2026-08-15 09:04:00,184.01,False,False,False,False,False,
RUN-015,VIN-2028659,Sedan,2026-08-15 09:05:22,185.38,False,False,False,False,False,
RUN-015,VIN-2028660,EV,2026-08-15 09:06:31,186.53,False,False,False,False,False,
RUN-015,VIN-2028661,SUV,2026-08-15 09:07:55,187.93,False,False,False,False,False,
RUN-015,VIN-2028662,SUV,2026-08-15 09:09:19,189.32,False,False,False,False,False,
RUN-015,VIN-2028663,Sedan,2026-08-15 09:10:37,190.63,False,False,False,False,False,
RUN-015,VIN-2028664,Sedan,2026-08-15 09:11:56,191.94,False,False,False,False,False,
RUN-015,VIN-2028665,Sedan,2026-08-15 09:13:17,193.3,False,False,False,False,False,
RUN-015,VIN-2028666,Sedan,2026-08-15 09:14:40,194.67,False,False,False,False,False,
RUN-015,VIN-2028667,EV,2026-08-15 09:16:02,196.04,False,False,False,False,False,
RUN-015,VIN-2028668,EV,2026-08-15 09:17:19,197.32,False,False,False,False,False,
RUN-015,VIN-2028669,Sedan,2026-08-15 09:18:38,198.64,False,False,False,False,False,
RUN-015,VIN-2028670,Sedan,2026-08-15 09:19:59,199.99,False,False,False,False,False,
RUN-015,VIN-2028671,Sedan,2026-08-15 09:21:15,201.25,False,False,False,False,False,
RUN-015,VIN-2028672,Sedan,2026-08-15 09:22:45,202.76,False,False,False,False,False,
RUN-015,VIN-2028673,Sedan,2026-08-15 09:23:59,203.99,False,False,False,False,False,
RUN-015,VIN-2028674,SUV,2026-08-15 09:25:20,205.35,False,False,False,False,False,
RUN-015,VIN-2028675,SUV,2026-08-15 09:26:35,206.6,False,False,False,False,False,
RUN-015,VIN-2028676,EV,2026-08-15 09:28:05,208.08,False,False,False,False,False,
RUN-015,VIN-2028677,Sedan,2026-08-15 09:29:15,209.25,False,False,False,False,False,
RUN-015,VIN-2028678,Sedan,2026-08-15 09:30:35,210.59,False,False,False,False,False,
RUN-015,VIN-2028679,Sedan,2026-08-15 09:32:02,212.05,False,False,False,False,False,
RUN-015,VIN-2028680,EV,2026-08-15 09:33:22,213.37,False,False,False,False,False,
RUN-015,VIN-2028681,SUV,2026-08-15 09:34:46,214.77,False,False,False,False,False,
RUN-015,VIN-2028682,Sedan,2026-08-15 09:36:04,216.07,False,False,False,False,False,
RUN-015,VIN-2028683,EV,2026-08-15 09:37:24,217.4,False,False,False,False,False,
RUN-015,VIN-2028684,Sedan,2026-08-15 09:38:32,218.54,False,False,False,False,False,
RUN-015,VIN-2028685,Sedan,2026-08-15 09:39:54,219.92,False,False,False,False,False,
RUN-015,VIN-2028686,EV,2026-08-15 09:41:18,221.3,False,False,False,False,False,
RUN-015,VIN-2028687,SUV,2026-08-15 09:42:41,222.7,False,False,False,False,False,
RUN-015,VIN-2028688,Sedan,2026-08-15 09:43:58,223.97,False,False,False,False,False,
RUN-015,VIN-2028689,Sedan,2026-08-15 09:45:13,225.22,False,False,False,False,False,
RUN-015,VIN-2028690,Sedan,2026-08-15 09:46:39,226.65,False,False,False,False,False,
RUN-015,VIN-2028691,SUV,2026-08-15 09:47:55,227.93,False,False,False,False,False,
RUN-015,VIN-2028692,Sedan,2026-08-15 09:49:15,229.26,False,False,False,False,False,
RUN-015,VIN-2028693,SUV,2026-08-15 09:50:39,230.65,False,False,False,False,False,
RUN-015,VIN-2028694,Sedan,2026-08-15 09:51:56,231.95,False,False,False,False,False,
RUN-015,VIN-2028695,Sedan,2026-08-15 09:53:21,233.35,False,False,False,False,False,
RUN-015,VIN-2028696,SUV,2026-08-15 09:54:41,234.69,False,False,False,False,False,
RUN-015,VIN-2028697,SUV,2026-08-15 09:55:52,235.88,False,False,False,False,False,
RUN-015,VIN-2028698,EV,2026-08-15 09:57:21,237.35,False,False,False,False,False,
RUN-015,VIN-2028699,Sedan,2026-08-15 09:58:36,238.61,False,False,False,False,False,
RUN-016,VIN-2028700,Sedan,2026-08-16 06:00:03,0.06,False,False,False,False,False,
RUN-016,VIN-2028701,Sedan,2026-08-16 06:01:13,1.23,False,False,False,False,False,
RUN-016,VIN-2028702,SUV,2026-08-16 06:02:39,2.66,False,False,False,False,False,
RUN-016,VIN-2028703,SUV,2026-08-16 06:03:56,3.94,False,False,False,False,False,
RUN-016,VIN-2028704,Sedan,2026-08-16 06:05:11,5.19,False,False,False,False,False,
RUN-016,VIN-2028705,Sedan,2026-08-16 06:06:40,6.67,False,False,False,False,False,
RUN-016,VIN-2028706,SUV,2026-08-16 06:07:48,7.81,False,False,False,False,False,
RUN-016,VIN-2028707,Sedan,2026-08-16 06:09:20,9.34,False,False,False,False,False,
RUN-016,VIN-2028708,Sedan,2026-08-16 06:10:40,10.68,False,False,False,False,False,
RUN-016,VIN-2028709,Sedan,2026-08-16 06:12:01,12.02,False,False,False,False,False,
RUN-016,VIN-2028710,Sedan,2026-08-16 06:13:20,13.34,False,False,False,False,False,
RUN-016,VIN-2028711,EV,2026-08-16 06:14:44,14.74,False,False,False,False,False,
RUN-016,VIN-2028712,EV,2026-08-16 06:16:02,16.05,False,False,False,False,False,
RUN-016,VIN-2028713,Sedan,2026-08-16 06:17:18,17.31,False,False,False,False,False,
RUN-016,VIN-2028714,SUV,2026-08-16 06:18:42,18.7,False,False,False,False,False,
RUN-016,VIN-2028715,Sedan,2026-08-16 06:19:59,19.99,False,False,False,False,False,
RUN-016,VIN-2028716,Sedan,2026-08-16 06:21:16,21.27,False,False,False,False,False,
RUN-016,VIN-2028717,Sedan,2026-08-16 06:22:41,22.69,False,False,False,False,False,
RUN-016,VIN-2028718,SUV,2026-08-16 06:23:54,23.91,False,False,False,False,False,
RUN-016,VIN-2028719,SUV,2026-08-16 06:25:21,25.35,False,False,False,False,False,
RUN-016,VIN-2028720,Sedan,2026-08-16 06:26:38,26.64,False,False,False,False,False,
RUN-016,VIN-2028721,Sedan,2026-08-16 06:27:58,27.98,False,False,False,False,False,
RUN-016,VIN-2028722,Sedan,2026-08-16 06:29:20,29.33,False,False,False,False,False,
RUN-016,VIN-2028723,SUV,2026-08-16 06:30:35,30.59,False,False,False,False,False,
RUN-016,VIN-2028724,SUV,2026-08-16 06:32:04,32.07,False,False,False,False,False,
RUN-016,VIN-2028725,EV,2026-08-16 06:33:17,33.28,False,False,False,False,False,
RUN-016,VIN-2028726,Sedan,2026-08-16 06:34:42,34.71,False,False,False,False,False,
RUN-016,VIN-2028727,SUV,2026-08-16 06:36:00,36.01,False,False,False,False,False,
RUN-016,VIN-2028728,Sedan,2026-08-16 06:37:28,37.47,False,False,False,False,False,
RUN-016,VIN-2028729,EV,2026-08-16 06:38:36,38.61,False,False,False,False,False,
RUN-016,VIN-2028730,SUV,2026-08-16 06:40:00,40.0,False,False,False,False,False,
RUN-016,VIN-2028731,Sedan,2026-08-16 06:41:17,41.29,False,False,False,False,False,
RUN-016,VIN-2028732,SUV,2026-08-16 06:42:38,42.63,False,False,False,False,False,
RUN-016,VIN-2028733,SUV,2026-08-16 06:43:57,43.97,False,False,False,False,False,
RUN-016,VIN-2028734,EV,2026-08-16 06:45:22,45.37,False,False,False,False,False,
RUN-016,VIN-2028735,Sedan,2026-08-16 06:46:35,46.59,False,False,False,False,False,
RUN-016,VIN-2028736,Sedan,2026-08-16 06:48:06,48.1,False,False,False,False,False,
RUN-016,VIN-2028737,Sedan,2026-08-16 06:49:23,49.39,False,False,False,False,False,
RUN-016,VIN-2028738,Sedan,2026-08-16 06:50:31,50.52,False,False,False,False,False,
RUN-016,VIN-2028739,Sedan,2026-08-16 06:51:59,51.99,False,False,False,False,False,
RUN-016,VIN-2028740,SUV,2026-08-16 06:53:17,53.29,False,False,False,False,False,
RUN-016,VIN-2028741,SUV,2026-08-16 06:54:30,54.51,False,False,False,False,False,
RUN-016,VIN-2028742,SUV,2026-08-16 06:55:59,55.99,False,False,False,False,False,
RUN-016,VIN-2028743,Sedan,2026-08-16 06:57:13,57.23,False,False,False,False,False,
RUN-016,VIN-2028744,EV,2026-08-16 06:58:48,58.8,False,False,False,False,False,
RUN-016,VIN-2028745,EV,2026-08-16 06:59:56,59.94,False,False,False,False,False,
RUN-016,VIN-2028746,Sedan,2026-08-16 07:01:29,61.49,False,False,False,False,False,
RUN-016,VIN-2028747,Sedan,2026-08-16 07:02:40,62.68,False,False,False,False,False,
RUN-016,VIN-2028748,EV,2026-08-16 07:03:55,63.92,False,False,False,False,False,
RUN-016,VIN-2028749,SUV,2026-08-16 07:05:23,65.4,False,False,False,False,False,
RUN-016,VIN-2028750,EV,2026-08-16 07:06:48,66.8,False,False,False,False,False,
RUN-016,VIN-2028751,EV,2026-08-16 07:08:01,68.03,False,False,False,False,False,
RUN-016,VIN-2028752,Sedan,2026-08-16 07:09:25,69.42,False,False,False,False,False,
RUN-016,VIN-2028753,EV,2026-08-16 07:10:43,70.72,False,False,False,False,False,
RUN-016,VIN-2028754,SUV,2026-08-16 07:11:55,71.92,False,False,False,False,False,
RUN-016,VIN-2028755,Sedan,2026-08-16 07:13:16,73.28,False,False,False,False,False,
RUN-016,VIN-2028756,SUV,2026-08-16 07:14:39,74.66,False,False,False,False,False,
RUN-016,VIN-2028757,SUV,2026-08-16 07:16:04,76.08,False,False,False,False,False,
RUN-016,VIN-2028758,Sedan,2026-08-16 07:17:16,77.28,False,False,False,False,False,
RUN-016,VIN-2028759,SUV,2026-08-16 07:18:27,78.45,False,False,False,False,False,
RUN-016,VIN-2028760,EV,2026-08-16 07:19:52,79.87,False,False,False,False,False,
RUN-016,VIN-2028761,Sedan,2026-08-16 07:21:17,81.3,False,False,False,False,False,
RUN-016,VIN-2028762,SUV,2026-08-16 07:22:24,82.41,False,False,False,False,False,
RUN-016,VIN-2028763,Sedan,2026-08-16 07:23:56,83.94,False,False,False,False,False,
RUN-016,VIN-2028764,Sedan,2026-08-16 07:25:13,85.22,False,False,False,False,False,
RUN-016,VIN-2028765,Sedan,2026-08-16 07:26:42,86.71,False,False,False,False,False,
RUN-016,VIN-2028766,SUV,2026-08-16 07:28:00,88.0,False,False,False,False,False,
RUN-016,VIN-2028767,EV,2026-08-16 07:29:26,89.44,False,False,False,False,False,
RUN-016,VIN-2028768,Sedan,2026-08-16 07:30:35,90.59,False,False,False,False,False,
RUN-016,VIN-2028769,EV,2026-08-16 07:32:08,92.14,False,False,False,False,False,
RUN-016,VIN-2028770,Sedan,2026-08-16 07:33:26,93.45,False,False,False,False,False,
RUN-016,VIN-2028771,EV,2026-08-16 07:34:35,94.59,False,False,False,False,False,
RUN-016,VIN-2028772,Sedan,2026-08-16 07:35:58,95.97,False,False,False,False,False,
RUN-016,VIN-2028773,SUV,2026-08-16 07:37:14,97.23,False,False,False,False,False,
RUN-016,VIN-2028774,Sedan,2026-08-16 07:38:35,98.59,False,False,False,False,False,
RUN-016,VIN-2028775,Sedan,2026-08-16 07:39:59,100.0,False,False,False,False,False,
RUN-016,VIN-2028776,Sedan,2026-08-16 07:41:27,101.46,False,False,False,False,False,
RUN-016,VIN-2028777,SUV,2026-08-16 07:42:41,102.69,False,False,False,False,False,
RUN-016,VIN-2028778,EV,2026-08-16 07:43:54,103.91,False,False,False,False,False,
RUN-016,VIN-2028779,SUV,2026-08-16 07:45:14,105.24,False,False,False,False,False,
RUN-016,VIN-2028780,SUV,2026-08-16 07:46:34,106.57,False,False,False,False,False,
RUN-016,VIN-2028781,Sedan,2026-08-16 07:48:10,108.17,False,False,False,False,False,
RUN-016,VIN-2028782,Sedan,2026-08-16 07:49:14,109.25,False,False,False,False,False,
RUN-016,VIN-2028783,Sedan,2026-08-16 07:50:39,110.66,False,False,False,False,False,
RUN-016,VIN-2028784,EV,2026-08-16 07:51:58,111.97,False,False,False,False,False,
RUN-016,VIN-2028785,SUV,2026-08-16 07:53:15,113.26,False,False,False,False,False,
RUN-016,VIN-2028786,SUV,2026-08-16 07:54:35,114.59,False,False,False,False,False,
RUN-016,VIN-2028787,SUV,2026-08-16 07:55:56,115.94,False,False,False,False,False,
RUN-016,VIN-2028788,Sedan,2026-08-16 07:57:12,117.21,False,False,False,False,False,
RUN-016,VIN-2028789,EV,2026-08-16 07:58:37,118.62,False,False,False,False,False,
RUN-016,VIN-2028790,EV,2026-08-16 07:59:51,119.86,False,False,False,False,False,
RUN-016,VIN-2028791,EV,2026-08-16 08:01:20,121.35,False,False,False,False,False,
RUN-016,VIN-2028792,SUV,2026-08-16 08:02:48,122.81,False,True,False,False,True,RUN016-EVT01
RUN-016,VIN-2028793,Sedan,2026-08-16 08:03:58,123.98,False,True,False,False,True,RUN016-EVT01
RUN-016,VIN-2028794,Sedan,2026-08-16 08:05:17,125.29,False,True,False,False,True,RUN016-EVT01
RUN-016,VIN-2028795,Sedan,2026-08-16 08:06:34,126.57,False,True,False,False,True,RUN016-EVT01
RUN-016,VIN-2028796,Sedan,2026-08-16 08:08:00,128.01,False,True,False,False,True,RUN016-EVT01
RUN-016,VIN-2028797,EV,2026-08-16 08:09:13,129.23,False,True,False,False,True,RUN016-EVT01
RUN-016,VIN-2028798,Sedan,2026-08-16 08:10:49,130.82,False,True,False,False,True,RUN016-EVT01
RUN-016,VIN-2028799,SUV,2026-08-16 08:12:00,132.01,False,True,False,False,True,RUN016-EVT01
RUN-016,VIN-2028800,SUV,2026-08-16 08:13:29,133.49,False,True,False,False,True,RUN016-EVT01
RUN-016,VIN-2028801,Sedan,2026-08-16 08:14:32,134.54,False,True,False,False,True,RUN016-EVT01
RUN-016,VIN-2028802,EV,2026-08-16 08:16:05,136.09,False,True,False,False,True,RUN016-EVT01
RUN-016,VIN-2028803,SUV,2026-08-16 08:17:19,137.33,False,True,False,False,True,RUN016-EVT01
RUN-016,VIN-2028804,SUV,2026-08-16 08:18:38,138.65,False,True,False,False,True,RUN016-EVT01
RUN-016,VIN-2028805,SUV,2026-08-16 08:20:01,140.02,False,True,False,False,True,RUN016-EVT01
RUN-016,VIN-2028806,Sedan,2026-08-16 08:21:20,141.34,False,True,False,False,True,RUN016-EVT01
RUN-016,VIN-2028807,SUV,2026-08-16 08:22:32,142.54,False,True,False,False,True,RUN016-EVT01
RUN-016,VIN-2028808,Sedan,2026-08-16 08:24:02,144.05,False,True,False,False,True,RUN016-EVT01
RUN-016,VIN-2028809,SUV,2026-08-16 08:25:25,145.42,False,True,False,False,True,RUN016-EVT01
RUN-016,VIN-2028810,Sedan,2026-08-16 08:26:36,146.61,False,True,False,False,True,RUN016-EVT01
RUN-016,VIN-2028811,Sedan,2026-08-16 08:28:09,148.16,False,True,False,False,True,RUN016-EVT01
RUN-016,VIN-2028812,Sedan,2026-08-16 08:29:23,149.4,False,True,False,False,True,RUN016-EVT01
RUN-016,VIN-2028813,Sedan,2026-08-16 08:30:36,150.61,False,True,False,False,True,RUN016-EVT01
RUN-016,VIN-2028814,SUV,2026-08-16 08:31:55,151.93,False,True,False,False,True,RUN016-EVT01
RUN-016,VIN-2028815,SUV,2026-08-16 08:33:07,153.12,False,True,False,False,True,RUN016-EVT01
RUN-016,VIN-2028816,EV,2026-08-16 08:34:47,154.79,False,True,False,False,True,RUN016-EVT01
RUN-016,VIN-2028817,Sedan,2026-08-16 08:36:07,156.13,False,True,False,False,True,RUN016-EVT01
RUN-016,VIN-2028818,Sedan,2026-08-16 08:37:17,157.29,False,True,False,False,True,RUN016-EVT01
RUN-016,VIN-2028819,SUV,2026-08-16 08:38:38,158.64,False,True,False,False,True,RUN016-EVT01
RUN-016,VIN-2028820,SUV,2026-08-16 08:40:06,160.1,False,True,False,False,True,RUN016-EVT01
RUN-016,VIN-2028821,Sedan,2026-08-16 08:41:24,161.41,False,True,False,False,True,RUN016-EVT01
RUN-016,VIN-2028822,Sedan,2026-08-16 08:42:41,162.7,False,True,False,False,True,RUN016-EVT01
RUN-016,VIN-2028823,Sedan,2026-08-16 08:43:59,163.99,False,True,False,False,True,RUN016-EVT01
RUN-016,VIN-2028824,SUV,2026-08-16 08:45:25,165.43,False,True,False,False,True,RUN016-EVT01
RUN-016,VIN-2028825,SUV,2026-08-16 08:46:42,166.72,False,True,False,False,True,RUN016-EVT01
RUN-016,VIN-2028826,Sedan,2026-08-16 08:47:53,167.89,False,False,False,False,False,
RUN-016,VIN-2028827,Sedan,2026-08-16 08:49:19,169.33,False,False,False,False,False,
RUN-016,VIN-2028828,SUV,2026-08-16 08:50:35,170.6,False,False,False,False,False,
RUN-016,VIN-2028829,EV,2026-08-16 08:51:56,171.95,False,False,False,False,False,
RUN-016,VIN-2028830,Sedan,2026-08-16 08:53:14,173.25,False,False,False,False,False,
RUN-016,VIN-2028831,Sedan,2026-08-16 08:54:42,174.71,False,False,False,False,False,
RUN-016,VIN-2028832,SUV,2026-08-16 08:56:01,176.02,False,False,False,False,False,
RUN-016,VIN-2028833,SUV,2026-08-16 08:57:22,177.38,False,False,False,False,False,
RUN-016,VIN-2028834,SUV,2026-08-16 08:58:34,178.57,False,False,False,False,False,
RUN-016,VIN-2028835,Sedan,2026-08-16 08:59:58,179.98,False,False,False,False,False,
RUN-016,VIN-2028836,Sedan,2026-08-16 09:01:20,181.34,False,False,False,False,False,
RUN-016,VIN-2028837,SUV,2026-08-16 09:02:32,182.55,False,False,False,False,False,
RUN-016,VIN-2028838,Sedan,2026-08-16 09:04:11,184.19,False,False,False,False,False,
RUN-016,VIN-2028839,Sedan,2026-08-16 09:05:17,185.3,False,False,False,False,False,
RUN-016,VIN-2028840,Sedan,2026-08-16 09:06:31,186.52,False,False,False,False,False,
RUN-016,VIN-2028841,SUV,2026-08-16 09:08:01,188.02,False,False,False,False,False,
RUN-016,VIN-2028842,SUV,2026-08-16 09:09:12,189.2,False,False,False,False,False,
RUN-016,VIN-2028843,Sedan,2026-08-16 09:10:43,190.73,False,False,False,False,False,
RUN-016,VIN-2028844,Sedan,2026-08-16 09:11:56,191.94,False,False,False,False,False,
RUN-016,VIN-2028845,EV,2026-08-16 09:13:25,193.42,False,False,False,False,False,
RUN-016,VIN-2028846,SUV,2026-08-16 09:14:35,194.6,False,False,False,False,False,
RUN-016,VIN-2028847,Sedan,2026-08-16 09:16:09,196.15,False,False,False,False,False,
RUN-016,VIN-2028848,EV,2026-08-16 09:17:20,197.35,False,False,False,False,False,
RUN-016,VIN-2028849,SUV,2026-08-16 09:18:39,198.65,False,False,False,False,False,
RUN-016,VIN-2028850,SUV,2026-08-16 09:20:09,200.16,False,False,False,False,False,
RUN-016,VIN-2028851,EV,2026-08-16 09:21:26,201.45,False,False,False,False,False,
RUN-016,VIN-2028852,SUV,2026-08-16 09:22:32,202.54,False,False,False,False,False,
RUN-016,VIN-2028853,SUV,2026-08-16 09:24:00,204.0,False,False,False,False,False,
RUN-016,VIN-2028854,SUV,2026-08-16 09:25:25,205.42,False,False,False,False,False,
RUN-016,VIN-2028855,SUV,2026-08-16 09:26:41,206.69,False,False,False,False,False,
RUN-016,VIN-2028856,Sedan,2026-08-16 09:27:57,207.95,False,False,False,False,False,
RUN-016,VIN-2028857,Sedan,2026-08-16 09:29:22,209.38,False,False,False,False,False,
RUN-016,VIN-2028858,SUV,2026-08-16 09:30:43,210.73,False,False,False,False,False,
RUN-016,VIN-2028859,SUV,2026-08-16 09:32:02,212.04,False,False,False,False,False,
RUN-016,VIN-2028860,SUV,2026-08-16 09:33:23,213.39,False,False,False,False,False,
RUN-016,VIN-2028861,Sedan,2026-08-16 09:34:46,214.78,False,False,False,False,False,
RUN-016,VIN-2028862,SUV,2026-08-16 09:35:53,215.89,False,False,False,False,False,
RUN-016,VIN-2028863,Sedan,2026-08-16 09:37:23,217.39,False,False,False,False,False,
RUN-016,VIN-2028864,EV,2026-08-16 09:38:46,218.77,False,False,False,False,False,
RUN-016,VIN-2028865,Sedan,2026-08-16 09:40:05,220.1,False,False,False,False,False,
RUN-016,VIN-2028866,Sedan,2026-08-16 09:41:23,221.39,False,False,False,False,False,
RUN-016,VIN-2028867,SUV,2026-08-16 09:42:42,222.71,False,False,False,False,False,
RUN-016,VIN-2028868,Sedan,2026-08-16 09:43:57,223.96,False,False,False,False,False,
RUN-016,VIN-2028869,Sedan,2026-08-16 09:45:21,225.36,False,False,False,False,False,
RUN-016,VIN-2028870,EV,2026-08-16 09:46:37,226.63,False,False,False,False,False,
RUN-016,VIN-2028871,EV,2026-08-16 09:48:07,228.13,False,False,False,False,False,
RUN-016,VIN-2028872,Sedan,2026-08-16 09:49:18,229.31,False,False,False,False,False,
RUN-016,VIN-2028873,SUV,2026-08-16 09:50:35,230.6,False,False,False,False,False,
RUN-016,VIN-2028874,Sedan,2026-08-16 09:51:55,231.92,False,False,False,False,False,
RUN-016,VIN-2028875,Sedan,2026-08-16 09:53:20,233.34,False,False,False,False,False,
RUN-016,VIN-2028876,EV,2026-08-16 09:54:52,234.88,False,False,False,False,False,
RUN-016,VIN-2028877,Sedan,2026-08-16 09:56:06,236.11,False,False,False,False,False,
RUN-016,VIN-2028878,Sedan,2026-08-16 09:57:14,237.25,False,False,False,False,False,
RUN-016,VIN-2028879,EV,2026-08-16 09:58:42,238.7,False,False,False,False,False,
RUN-017,VIN-2028880,Sedan,2026-08-17 06:00:01,0.03,False,False,False,False,False,
RUN-017,VIN-2028881,SUV,2026-08-17 06:01:11,1.2,False,False,False,False,False,
RUN-017,VIN-2028882,Sedan,2026-08-17 06:02:35,2.6,False,False,False,False,False,
RUN-017,VIN-2028883,SUV,2026-08-17 06:04:04,4.08,False,False,False,False,False,
RUN-017,VIN-2028884,Sedan,2026-08-17 06:05:17,5.29,False,False,False,False,False,
RUN-017,VIN-2028885,Sedan,2026-08-17 06:06:38,6.65,False,False,False,False,False,
RUN-017,VIN-2028886,Sedan,2026-08-17 06:08:04,8.08,False,False,False,False,False,
RUN-017,VIN-2028887,Sedan,2026-08-17 06:09:23,9.39,False,False,False,False,False,
RUN-017,VIN-2028888,Sedan,2026-08-17 06:10:44,10.73,False,False,False,False,False,
RUN-017,VIN-2028889,Sedan,2026-08-17 06:11:59,11.99,False,False,False,False,False,
RUN-017,VIN-2028890,SUV,2026-08-17 06:13:18,13.31,False,False,False,False,False,
RUN-017,VIN-2028891,EV,2026-08-17 06:14:41,14.7,False,False,False,False,False,
RUN-017,VIN-2028892,SUV,2026-08-17 06:16:00,16.0,False,False,False,False,False,
RUN-017,VIN-2028893,Sedan,2026-08-17 06:17:13,17.23,False,False,False,False,False,
RUN-017,VIN-2028894,Sedan,2026-08-17 06:18:36,18.61,False,False,False,False,False,
RUN-017,VIN-2028895,EV,2026-08-17 06:20:10,20.18,False,True,False,False,True,RUN017-EVT01
RUN-017,VIN-2028896,Sedan,2026-08-17 06:21:28,21.48,False,True,False,False,True,RUN017-EVT01
RUN-017,VIN-2028897,SUV,2026-08-17 06:22:37,22.62,False,True,False,False,True,RUN017-EVT01
RUN-017,VIN-2028898,EV,2026-08-17 06:23:52,23.87,False,True,False,False,True,RUN017-EVT01
RUN-017,VIN-2028899,Sedan,2026-08-17 06:25:18,25.31,False,True,False,False,True,RUN017-EVT01
RUN-017,VIN-2028900,Sedan,2026-08-17 06:26:36,26.61,False,True,False,False,True,RUN017-EVT01
RUN-017,VIN-2028901,SUV,2026-08-17 06:27:59,27.99,False,True,False,False,True,RUN017-EVT01
RUN-017,VIN-2028902,SUV,2026-08-17 06:29:27,29.45,False,True,False,False,True,RUN017-EVT01
RUN-017,VIN-2028903,Sedan,2026-08-17 06:30:49,30.83,False,True,False,False,True,RUN017-EVT01
RUN-017,VIN-2028904,Sedan,2026-08-17 06:31:55,31.93,False,True,False,False,True,RUN017-EVT01
RUN-017,VIN-2028905,SUV,2026-08-17 06:33:14,33.24,True,True,False,False,True,RUN017-EVT01;RUN017-EVT03
RUN-017,VIN-2028906,Sedan,2026-08-17 06:34:38,34.64,True,True,False,False,True,RUN017-EVT01;RUN017-EVT03
RUN-017,VIN-2028907,Sedan,2026-08-17 06:36:13,36.22,True,True,False,False,True,RUN017-EVT01;RUN017-EVT03
RUN-017,VIN-2028908,SUV,2026-08-17 06:37:28,37.47,True,True,False,False,True,RUN017-EVT01;RUN017-EVT03
RUN-017,VIN-2028909,SUV,2026-08-17 06:38:35,38.6,True,True,False,False,True,RUN017-EVT01;RUN017-EVT03
RUN-017,VIN-2028910,SUV,2026-08-17 06:40:05,40.09,True,True,False,False,True,RUN017-EVT01;RUN017-EVT03
RUN-017,VIN-2028911,Sedan,2026-08-17 06:41:20,41.34,True,True,False,False,True,RUN017-EVT01;RUN017-EVT03
RUN-017,VIN-2028912,EV,2026-08-17 06:42:40,42.68,True,True,False,False,True,RUN017-EVT01;RUN017-EVT03
RUN-017,VIN-2028913,SUV,2026-08-17 06:44:02,44.05,True,True,False,False,True,RUN017-EVT01;RUN017-EVT03
RUN-017,VIN-2028914,Sedan,2026-08-17 06:45:16,45.27,True,True,False,False,True,RUN017-EVT01;RUN017-EVT03
RUN-017,VIN-2028915,Sedan,2026-08-17 06:46:34,46.58,True,True,False,False,True,RUN017-EVT01;RUN017-EVT03
RUN-017,VIN-2028916,Sedan,2026-08-17 06:48:04,48.07,True,True,False,False,True,RUN017-EVT01;RUN017-EVT03
RUN-017,VIN-2028917,SUV,2026-08-17 06:49:17,49.29,True,True,False,False,True,RUN017-EVT01;RUN017-EVT03
RUN-017,VIN-2028918,SUV,2026-08-17 06:50:42,50.72,True,True,False,False,True,RUN017-EVT01;RUN017-EVT03
RUN-017,VIN-2028919,Sedan,2026-08-17 06:51:55,51.93,True,True,False,False,True,RUN017-EVT01;RUN017-EVT03
RUN-017,VIN-2028920,Sedan,2026-08-17 06:53:20,53.34,True,True,False,False,True,RUN017-EVT01;RUN017-EVT03
RUN-017,VIN-2028921,SUV,2026-08-17 06:54:41,54.69,True,True,False,False,True,RUN017-EVT01;RUN017-EVT03
RUN-017,VIN-2028922,SUV,2026-08-17 06:56:01,56.03,True,True,False,False,True,RUN017-EVT01;RUN017-EVT03
RUN-017,VIN-2028923,SUV,2026-08-17 06:57:11,57.19,True,True,False,False,True,RUN017-EVT01;RUN017-EVT03
RUN-017,VIN-2028924,Sedan,2026-08-17 06:58:36,58.6,True,True,False,False,True,RUN017-EVT01;RUN017-EVT03
RUN-017,VIN-2028925,Sedan,2026-08-17 07:00:00,60.0,True,True,False,False,True,RUN017-EVT01;RUN017-EVT03
RUN-017,VIN-2028926,Sedan,2026-08-17 07:01:21,61.36,True,True,False,False,True,RUN017-EVT01;RUN017-EVT03
RUN-017,VIN-2028927,Sedan,2026-08-17 07:02:32,62.54,True,True,False,False,True,RUN017-EVT01;RUN017-EVT03
RUN-017,VIN-2028928,EV,2026-08-17 07:03:50,63.84,True,True,False,False,True,RUN017-EVT01;RUN017-EVT03
RUN-017,VIN-2028929,SUV,2026-08-17 07:05:15,65.25,True,True,False,False,True,RUN017-EVT01;RUN017-EVT03;RUN017-EVT04
RUN-017,VIN-2028930,EV,2026-08-17 07:06:36,66.61,True,True,False,False,True,RUN017-EVT01;RUN017-EVT03;RUN017-EVT04
RUN-017,VIN-2028931,EV,2026-08-17 07:08:02,68.05,True,True,False,False,True,RUN017-EVT01;RUN017-EVT03;RUN017-EVT04
RUN-017,VIN-2028932,Sedan,2026-08-17 07:09:15,69.26,True,True,False,False,True,RUN017-EVT01;RUN017-EVT03;RUN017-EVT04
RUN-017,VIN-2028933,Sedan,2026-08-17 07:10:39,70.65,True,True,False,False,True,RUN017-EVT01;RUN017-EVT03;RUN017-EVT04
RUN-017,VIN-2028934,SUV,2026-08-17 07:12:01,72.02,True,False,False,False,False,RUN017-EVT03;RUN017-EVT04
RUN-017,VIN-2028935,Sedan,2026-08-17 07:13:20,73.35,True,False,False,False,False,RUN017-EVT03;RUN017-EVT04
RUN-017,VIN-2028936,Sedan,2026-08-17 07:14:41,74.69,True,False,False,False,False,RUN017-EVT03;RUN017-EVT04
RUN-017,VIN-2028937,EV,2026-08-17 07:16:06,76.11,True,False,False,False,False,RUN017-EVT03;RUN017-EVT04
RUN-017,VIN-2028938,Sedan,2026-08-17 07:17:27,77.46,True,False,False,False,False,RUN017-EVT03;RUN017-EVT04
RUN-017,VIN-2028939,Sedan,2026-08-17 07:18:42,78.71,True,False,False,False,False,RUN017-EVT03;RUN017-EVT04
RUN-017,VIN-2028940,EV,2026-08-17 07:20:07,80.13,True,False,False,False,False,RUN017-EVT04
RUN-017,VIN-2028941,SUV,2026-08-17 07:21:12,81.21,True,False,False,False,False,RUN017-EVT04
RUN-017,VIN-2028942,SUV,2026-08-17 07:22:41,82.69,True,False,False,False,False,RUN017-EVT04
RUN-017,VIN-2028943,Sedan,2026-08-17 07:23:57,83.96,True,False,False,False,False,RUN017-EVT04
RUN-017,VIN-2028944,Sedan,2026-08-17 07:25:25,85.43,True,False,False,False,False,RUN017-EVT04
RUN-017,VIN-2028945,Sedan,2026-08-17 07:26:42,86.71,True,False,False,False,False,RUN017-EVT04
RUN-017,VIN-2028946,EV,2026-08-17 07:28:04,88.08,True,False,False,False,False,RUN017-EVT04
RUN-017,VIN-2028947,EV,2026-08-17 07:29:10,89.17,True,False,False,False,False,RUN017-EVT04
RUN-017,VIN-2028948,Sedan,2026-08-17 07:30:43,90.73,True,False,False,False,False,RUN017-EVT04
RUN-017,VIN-2028949,Sedan,2026-08-17 07:32:00,92.01,True,False,False,False,False,RUN017-EVT04
RUN-017,VIN-2028950,Sedan,2026-08-17 07:33:09,93.16,True,False,False,False,False,RUN017-EVT04
RUN-017,VIN-2028951,Sedan,2026-08-17 07:34:36,94.6,True,False,False,False,False,RUN017-EVT04
RUN-017,VIN-2028952,EV,2026-08-17 07:35:49,95.82,True,False,False,False,False,RUN017-EVT04
RUN-017,VIN-2028953,Sedan,2026-08-17 07:37:15,97.27,True,False,False,False,False,RUN017-EVT04
RUN-017,VIN-2028954,EV,2026-08-17 07:38:40,98.67,True,False,False,False,False,RUN017-EVT04
RUN-017,VIN-2028955,SUV,2026-08-17 07:40:05,100.1,True,False,False,True,True,RUN017-EVT02;RUN017-EVT04
RUN-017,VIN-2028956,Sedan,2026-08-17 07:41:18,101.31,True,False,False,True,True,RUN017-EVT02;RUN017-EVT04
RUN-017,VIN-2028957,SUV,2026-08-17 07:42:41,102.7,True,False,False,True,True,RUN017-EVT02;RUN017-EVT04
RUN-017,VIN-2028958,EV,2026-08-17 07:44:00,104.01,True,False,False,True,True,RUN017-EVT02;RUN017-EVT04
RUN-017,VIN-2028959,SUV,2026-08-17 07:45:15,105.26,True,False,False,True,True,RUN017-EVT02;RUN017-EVT04
RUN-017,VIN-2028960,SUV,2026-08-17 07:46:33,106.56,True,False,False,True,True,RUN017-EVT02;RUN017-EVT04
RUN-017,VIN-2028961,EV,2026-08-17 07:47:55,107.92,True,False,False,True,True,RUN017-EVT02;RUN017-EVT04
RUN-017,VIN-2028962,Sedan,2026-08-17 07:49:13,109.23,True,False,False,True,True,RUN017-EVT02;RUN017-EVT04
RUN-017,VIN-2028963,SUV,2026-08-17 07:50:30,110.51,True,False,False,True,True,RUN017-EVT02;RUN017-EVT04
RUN-017,VIN-2028964,Sedan,2026-08-17 07:51:52,111.87,True,False,False,True,True,RUN017-EVT02;RUN017-EVT04
RUN-017,VIN-2028965,Sedan,2026-08-17 07:53:18,113.31,True,False,False,True,True,RUN017-EVT02;RUN017-EVT04
RUN-017,VIN-2028966,Sedan,2026-08-17 07:54:40,114.68,True,False,False,False,False,RUN017-EVT04
RUN-017,VIN-2028967,Sedan,2026-08-17 07:55:50,115.83,True,False,False,False,False,RUN017-EVT04
RUN-017,VIN-2028968,SUV,2026-08-17 07:57:38,117.64,True,False,False,False,False,RUN017-EVT04
RUN-017,VIN-2028969,Sedan,2026-08-17 07:58:44,118.74,True,False,False,False,False,RUN017-EVT04
RUN-017,VIN-2028970,SUV,2026-08-17 08:00:08,120.15,True,False,False,False,False,RUN017-EVT04
RUN-017,VIN-2028971,SUV,2026-08-17 08:01:21,121.36,True,False,False,False,False,RUN017-EVT04
RUN-017,VIN-2028972,Sedan,2026-08-17 08:02:33,122.56,True,False,False,False,False,RUN017-EVT04
RUN-017,VIN-2028973,SUV,2026-08-17 08:04:01,124.02,True,False,False,False,False,RUN017-EVT04
RUN-017,VIN-2028974,Sedan,2026-08-17 08:05:12,125.2,True,False,False,False,False,RUN017-EVT04
RUN-017,VIN-2028975,Sedan,2026-08-17 08:06:42,126.71,True,False,False,False,False,RUN017-EVT04
RUN-017,VIN-2028976,Sedan,2026-08-17 08:07:55,127.92,True,False,False,False,False,RUN017-EVT04
RUN-017,VIN-2028977,SUV,2026-08-17 08:09:19,129.33,True,False,False,False,False,RUN017-EVT04
RUN-017,VIN-2028978,Sedan,2026-08-17 08:10:45,130.76,True,False,False,False,False,RUN017-EVT04
RUN-017,VIN-2028979,Sedan,2026-08-17 08:12:05,132.09,True,False,False,False,False,RUN017-EVT04
RUN-017,VIN-2028980,EV,2026-08-17 08:13:19,133.33,True,False,False,False,False,RUN017-EVT04
RUN-017,VIN-2028981,Sedan,2026-08-17 08:14:36,134.61,False,False,False,False,False,
RUN-017,VIN-2028982,EV,2026-08-17 08:15:56,135.95,False,False,False,False,False,
RUN-017,VIN-2028983,SUV,2026-08-17 08:17:24,137.4,False,False,False,False,False,
RUN-017,VIN-2028984,SUV,2026-08-17 08:18:39,138.65,False,False,False,False,False,
RUN-017,VIN-2028985,Sedan,2026-08-17 08:20:01,140.02,False,False,False,False,False,
RUN-017,VIN-2028986,Sedan,2026-08-17 08:21:21,141.36,False,False,False,False,False,
RUN-017,VIN-2028987,EV,2026-08-17 08:22:35,142.59,False,False,False,False,False,
RUN-017,VIN-2028988,SUV,2026-08-17 08:23:58,143.97,False,False,False,False,False,
RUN-017,VIN-2028989,SUV,2026-08-17 08:25:15,145.27,False,False,False,False,False,
RUN-017,VIN-2028990,SUV,2026-08-17 08:26:41,146.69,False,False,False,False,False,
RUN-017,VIN-2028991,Sedan,2026-08-17 08:28:01,148.02,False,False,False,False,False,
RUN-017,VIN-2028992,Sedan,2026-08-17 08:29:17,149.3,False,False,False,False,False,
RUN-017,VIN-2028993,Sedan,2026-08-17 08:30:36,150.6,False,False,False,False,False,
RUN-017,VIN-2028994,Sedan,2026-08-17 08:31:55,151.92,False,False,False,False,False,
RUN-017,VIN-2028995,Sedan,2026-08-17 08:33:23,153.39,False,False,False,False,False,
RUN-017,VIN-2028996,Sedan,2026-08-17 08:34:44,154.75,False,False,False,False,False,
RUN-017,VIN-2028997,SUV,2026-08-17 08:35:53,155.89,False,False,False,False,False,
RUN-017,VIN-2028998,SUV,2026-08-17 08:37:16,157.27,False,False,False,False,False,
RUN-017,VIN-2028999,SUV,2026-08-17 08:38:44,158.74,False,False,False,False,False,
RUN-017,VIN-2029000,Sedan,2026-08-17 08:39:58,159.98,False,False,False,False,False,
RUN-017,VIN-2029001,Sedan,2026-08-17 08:41:22,161.38,False,False,False,False,False,
RUN-017,VIN-2029002,SUV,2026-08-17 08:42:40,162.67,False,False,False,False,False,
RUN-017,VIN-2029003,SUV,2026-08-17 08:44:01,164.03,False,False,False,False,False,
RUN-017,VIN-2029004,SUV,2026-08-17 08:45:26,165.44,False,False,False,False,False,
RUN-017,VIN-2029005,Sedan,2026-08-17 08:46:44,166.74,False,False,False,False,False,
RUN-017,VIN-2029006,Sedan,2026-08-17 08:47:53,167.89,False,False,False,False,False,
RUN-017,VIN-2029007,Sedan,2026-08-17 08:49:20,169.34,False,False,False,False,False,
RUN-017,VIN-2029008,Sedan,2026-08-17 08:50:46,170.78,False,False,False,False,False,
RUN-017,VIN-2029009,Sedan,2026-08-17 08:51:56,171.94,False,False,False,False,False,
RUN-017,VIN-2029010,Sedan,2026-08-17 08:53:12,173.21,False,False,False,False,False,
RUN-017,VIN-2029011,Sedan,2026-08-17 08:54:43,174.73,False,False,False,False,False,
RUN-017,VIN-2029012,Sedan,2026-08-17 08:56:00,176.01,False,False,False,False,False,
RUN-017,VIN-2029013,Sedan,2026-08-17 08:57:28,177.47,False,False,False,False,False,
RUN-017,VIN-2029014,SUV,2026-08-17 08:58:41,178.69,False,False,False,False,False,
RUN-017,VIN-2029015,Sedan,2026-08-17 08:59:53,179.9,False,False,False,False,False,
RUN-017,VIN-2029016,SUV,2026-08-17 09:01:28,181.47,False,False,False,False,False,
RUN-017,VIN-2029017,SUV,2026-08-17 09:02:32,182.54,False,False,False,False,False,
RUN-017,VIN-2029018,EV,2026-08-17 09:03:57,183.96,False,False,False,False,False,
RUN-017,VIN-2029019,SUV,2026-08-17 09:05:17,185.29,False,False,False,False,False,
RUN-017,VIN-2029020,Sedan,2026-08-17 09:06:35,186.59,False,False,False,False,False,
RUN-017,VIN-2029021,Sedan,2026-08-17 09:08:01,188.03,False,False,False,False,False,
RUN-017,VIN-2029022,Sedan,2026-08-17 09:09:17,189.29,False,False,False,False,False,
RUN-017,VIN-2029023,SUV,2026-08-17 09:10:40,190.68,False,False,False,False,False,
RUN-017,VIN-2029024,EV,2026-08-17 09:11:52,191.87,False,False,False,False,False,
RUN-017,VIN-2029025,SUV,2026-08-17 09:13:18,193.31,False,False,False,False,False,
RUN-017,VIN-2029026,Sedan,2026-08-17 09:14:46,194.77,False,False,False,False,False,
RUN-017,VIN-2029027,Sedan,2026-08-17 09:15:52,195.88,False,False,False,False,False,
RUN-017,VIN-2029028,EV,2026-08-17 09:17:18,197.31,False,False,False,False,False,
RUN-017,VIN-2029029,Sedan,2026-08-17 09:18:45,198.76,False,False,False,False,False,
RUN-017,VIN-2029030,Sedan,2026-08-17 09:20:03,200.05,False,False,False,False,False,
RUN-017,VIN-2029031,SUV,2026-08-17 09:21:24,201.4,False,False,False,False,False,
RUN-017,VIN-2029032,Sedan,2026-08-17 09:22:42,202.71,False,False,False,False,False,
RUN-017,VIN-2029033,Sedan,2026-08-17 09:24:01,204.03,False,False,False,False,False,
RUN-017,VIN-2029034,SUV,2026-08-17 09:25:14,205.23,False,False,False,False,False,
RUN-017,VIN-2029035,Sedan,2026-08-17 09:26:43,206.73,False,False,False,False,False,
RUN-017,VIN-2029036,Sedan,2026-08-17 09:27:59,207.99,False,False,False,False,False,
RUN-017,VIN-2029037,SUV,2026-08-17 09:29:23,209.39,False,False,False,False,False,
RUN-017,VIN-2029038,EV,2026-08-17 09:30:32,210.55,False,False,False,False,False,
RUN-017,VIN-2029039,Sedan,2026-08-17 09:32:01,212.03,False,False,False,False,False,
RUN-017,VIN-2029040,EV,2026-08-17 09:33:11,213.19,False,False,False,False,False,
RUN-017,VIN-2029041,Sedan,2026-08-17 09:34:36,214.61,False,False,False,False,False,
RUN-017,VIN-2029042,SUV,2026-08-17 09:35:57,215.96,False,False,False,False,False,
RUN-017,VIN-2029043,Sedan,2026-08-17 09:37:21,217.36,False,False,False,False,False,
RUN-017,VIN-2029044,SUV,2026-08-17 09:38:34,218.57,False,False,False,False,False,
RUN-017,VIN-2029045,Sedan,2026-08-17 09:40:02,220.04,False,False,False,False,False,
RUN-017,VIN-2029046,SUV,2026-08-17 09:41:29,221.49,False,False,False,False,False,
RUN-017,VIN-2029047,Sedan,2026-08-17 09:42:36,222.61,False,False,False,False,False,
RUN-017,VIN-2029048,SUV,2026-08-17 09:44:04,224.08,False,False,False,False,False,
RUN-017,VIN-2029049,Sedan,2026-08-17 09:45:18,225.3,False,False,False,False,False,
RUN-017,VIN-2029050,SUV,2026-08-17 09:46:41,226.69,False,False,False,False,False,
RUN-017,VIN-2029051,SUV,2026-08-17 09:47:57,227.95,False,False,False,False,False,
RUN-017,VIN-2029052,Sedan,2026-08-17 09:49:17,229.29,False,False,False,False,False,
RUN-017,VIN-2029053,Sedan,2026-08-17 09:50:40,230.68,False,False,False,False,False,
RUN-017,VIN-2029054,SUV,2026-08-17 09:51:57,231.96,False,False,False,False,False,
RUN-017,VIN-2029055,Sedan,2026-08-17 09:53:20,233.34,False,False,False,False,False,
RUN-017,VIN-2029056,EV,2026-08-17 09:54:44,234.74,False,False,False,False,False,
RUN-017,VIN-2029057,Sedan,2026-08-17 09:55:59,236.0,False,False,False,False,False,
RUN-017,VIN-2029058,EV,2026-08-17 09:57:14,237.25,False,False,False,False,False,
RUN-017,VIN-2029059,Sedan,2026-08-17 09:58:37,238.62,False,False,False,False,False,
RUN-018,VIN-2029060,Sedan,2026-08-18 06:00:00,0.0,False,False,False,False,False,
RUN-018,VIN-2029061,EV,2026-08-18 06:01:19,1.32,False,False,False,False,False,
RUN-018,VIN-2029062,Sedan,2026-08-18 06:02:41,2.69,False,False,False,False,False,
RUN-018,VIN-2029063,SUV,2026-08-18 06:03:59,3.99,False,False,False,False,False,
RUN-018,VIN-2029064,EV,2026-08-18 06:05:31,5.53,False,False,False,False,False,
RUN-018,VIN-2029065,EV,2026-08-18 06:06:38,6.64,False,False,False,False,False,
RUN-018,VIN-2029066,EV,2026-08-18 06:07:57,7.96,False,False,False,False,False,
RUN-018,VIN-2029067,SUV,2026-08-18 06:09:14,9.25,False,False,False,False,False,
RUN-018,VIN-2029068,Sedan,2026-08-18 06:10:41,10.69,False,False,False,False,False,
RUN-018,VIN-2029069,EV,2026-08-18 06:11:59,11.99,False,False,False,False,False,
RUN-018,VIN-2029070,SUV,2026-08-18 06:13:26,13.44,False,False,False,False,False,
RUN-018,VIN-2029071,SUV,2026-08-18 06:14:36,14.61,False,False,False,False,False,
RUN-018,VIN-2029072,Sedan,2026-08-18 06:15:51,15.86,False,False,False,False,False,
RUN-018,VIN-2029073,SUV,2026-08-18 06:17:18,17.31,False,False,False,False,False,
RUN-018,VIN-2029074,EV,2026-08-18 06:18:39,18.66,False,False,False,False,False,
RUN-018,VIN-2029075,EV,2026-08-18 06:19:51,19.87,False,False,False,False,False,
RUN-018,VIN-2029076,Sedan,2026-08-18 06:21:17,21.29,False,False,False,False,False,
RUN-018,VIN-2029077,EV,2026-08-18 06:22:43,22.73,False,False,False,False,False,
RUN-018,VIN-2029078,SUV,2026-08-18 06:24:18,24.31,False,False,False,False,False,
RUN-018,VIN-2029079,EV,2026-08-18 06:25:20,25.34,False,False,False,False,False,
RUN-018,VIN-2029080,Sedan,2026-08-18 06:26:36,26.61,False,False,False,False,False,
RUN-018,VIN-2029081,Sedan,2026-08-18 06:27:56,27.93,False,False,False,False,False,
RUN-018,VIN-2029082,Sedan,2026-08-18 06:29:24,29.41,False,False,False,False,False,
RUN-018,VIN-2029083,SUV,2026-08-18 06:30:46,30.78,False,False,False,False,False,
RUN-018,VIN-2029084,Sedan,2026-08-18 06:31:55,31.92,False,False,False,False,False,
RUN-018,VIN-2029085,EV,2026-08-18 06:33:19,33.32,False,False,False,False,False,
RUN-018,VIN-2029086,SUV,2026-08-18 06:34:48,34.81,False,False,False,False,False,
RUN-018,VIN-2029087,Sedan,2026-08-18 06:35:55,35.92,False,False,False,False,False,
RUN-018,VIN-2029088,SUV,2026-08-18 06:37:21,37.36,False,False,False,False,False,
RUN-018,VIN-2029089,Sedan,2026-08-18 06:38:37,38.62,False,False,False,False,False,
RUN-018,VIN-2029090,Sedan,2026-08-18 06:39:55,39.92,False,False,False,False,False,
RUN-018,VIN-2029091,SUV,2026-08-18 06:41:23,41.4,False,False,False,False,False,
RUN-018,VIN-2029092,Sedan,2026-08-18 06:42:42,42.7,False,False,False,False,False,
RUN-018,VIN-2029093,SUV,2026-08-18 06:43:52,43.88,False,False,False,False,False,
RUN-018,VIN-2029094,SUV,2026-08-18 06:45:18,45.3,False,False,False,False,False,
RUN-018,VIN-2029095,SUV,2026-08-18 06:46:32,46.55,False,False,False,False,False,
RUN-018,VIN-2029096,Sedan,2026-08-18 06:47:56,47.94,False,False,False,False,False,
RUN-018,VIN-2029097,Sedan,2026-08-18 06:49:17,49.29,False,False,False,False,False,
RUN-018,VIN-2029098,Sedan,2026-08-18 06:50:42,50.7,False,False,False,False,False,
RUN-018,VIN-2029099,SUV,2026-08-18 06:51:59,51.99,False,False,False,False,False,
RUN-018,VIN-2029100,Sedan,2026-08-18 06:53:21,53.35,False,False,False,False,False,
RUN-018,VIN-2029101,Sedan,2026-08-18 06:54:36,54.61,False,False,False,False,False,
RUN-018,VIN-2029102,SUV,2026-08-18 06:56:06,56.1,False,False,False,False,False,
RUN-018,VIN-2029103,Sedan,2026-08-18 06:57:03,57.06,False,False,False,False,False,
RUN-018,VIN-2029104,Sedan,2026-08-18 06:58:49,58.83,False,False,False,False,False,
RUN-018,VIN-2029105,SUV,2026-08-18 06:59:57,59.95,False,False,False,False,False,
RUN-018,VIN-2029106,Sedan,2026-08-18 07:01:24,61.42,False,False,False,False,False,
RUN-018,VIN-2029107,Sedan,2026-08-18 07:02:35,62.59,False,False,False,False,False,
RUN-018,VIN-2029108,EV,2026-08-18 07:03:57,63.95,False,False,False,False,False,
RUN-018,VIN-2029109,SUV,2026-08-18 07:05:16,65.28,False,False,False,False,False,
RUN-018,VIN-2029110,SUV,2026-08-18 07:06:45,66.77,False,False,False,False,False,
RUN-018,VIN-2029111,Sedan,2026-08-18 07:08:04,68.07,False,False,False,False,False,
RUN-018,VIN-2029112,SUV,2026-08-18 07:09:14,69.25,False,False,False,False,False,
RUN-018,VIN-2029113,SUV,2026-08-18 07:10:43,70.72,False,False,False,False,False,
RUN-018,VIN-2029114,SUV,2026-08-18 07:12:03,72.06,False,False,False,False,False,
RUN-018,VIN-2029115,Sedan,2026-08-18 07:13:16,73.27,False,False,False,False,False,
RUN-018,VIN-2029116,Sedan,2026-08-18 07:14:42,74.71,False,False,False,False,False,
RUN-018,VIN-2029117,SUV,2026-08-18 07:15:58,75.98,False,False,False,False,False,
RUN-018,VIN-2029118,SUV,2026-08-18 07:17:15,77.26,False,False,False,False,False,
RUN-018,VIN-2029119,Sedan,2026-08-18 07:18:47,78.79,False,False,False,False,False,
RUN-018,VIN-2029120,SUV,2026-08-18 07:19:56,79.94,False,False,False,False,False,
RUN-018,VIN-2029121,SUV,2026-08-18 07:21:20,81.34,False,False,False,False,False,
RUN-018,VIN-2029122,SUV,2026-08-18 07:22:33,82.55,False,False,False,False,False,
RUN-018,VIN-2029123,SUV,2026-08-18 07:23:58,83.98,False,False,False,False,False,
RUN-018,VIN-2029124,Sedan,2026-08-18 07:25:18,85.3,False,False,False,False,False,
RUN-018,VIN-2029125,SUV,2026-08-18 07:26:35,86.59,False,False,False,False,False,
RUN-018,VIN-2029126,Sedan,2026-08-18 07:27:59,88.0,False,False,False,False,False,
RUN-018,VIN-2029127,SUV,2026-08-18 07:29:19,89.32,False,False,False,False,False,
RUN-018,VIN-2029128,SUV,2026-08-18 07:30:38,90.64,False,False,False,False,False,
RUN-018,VIN-2029129,Sedan,2026-08-18 07:31:57,91.96,False,False,False,False,False,
RUN-018,VIN-2029130,SUV,2026-08-18 07:33:28,93.48,False,False,False,False,False,
RUN-018,VIN-2029131,SUV,2026-08-18 07:34:44,94.75,False,False,False,False,False,
RUN-018,VIN-2029132,SUV,2026-08-18 07:35:59,96.0,False,False,False,False,False,
RUN-018,VIN-2029133,EV,2026-08-18 07:37:18,97.31,False,False,False,False,False,
RUN-018,VIN-2029134,EV,2026-08-18 07:38:31,98.53,False,False,False,False,False,
RUN-018,VIN-2029135,EV,2026-08-18 07:39:55,99.92,False,False,False,False,False,
RUN-018,VIN-2029136,SUV,2026-08-18 07:41:10,101.18,False,False,False,False,False,
RUN-018,VIN-2029137,Sedan,2026-08-18 07:42:43,102.72,False,False,False,False,False,
RUN-018,VIN-2029138,Sedan,2026-08-18 07:44:02,104.04,False,False,False,False,False,
RUN-018,VIN-2029139,SUV,2026-08-18 07:45:27,105.45,False,False,False,False,False,
RUN-018,VIN-2029140,SUV,2026-08-18 07:46:44,106.73,False,False,False,False,False,
RUN-018,VIN-2029141,Sedan,2026-08-18 07:48:03,108.07,False,False,False,False,False,
RUN-018,VIN-2029142,EV,2026-08-18 07:49:22,109.38,False,False,False,False,False,
RUN-018,VIN-2029143,Sedan,2026-08-18 07:50:41,110.69,False,False,False,False,False,
RUN-018,VIN-2029144,EV,2026-08-18 07:51:56,111.95,False,False,False,False,False,
RUN-018,VIN-2029145,Sedan,2026-08-18 07:53:14,113.24,False,False,False,False,False,
RUN-018,VIN-2029146,SUV,2026-08-18 07:54:41,114.69,False,False,False,False,False,
RUN-018,VIN-2029147,Sedan,2026-08-18 07:55:53,115.9,False,False,False,False,False,
RUN-018,VIN-2029148,Sedan,2026-08-18 07:57:14,117.25,False,False,False,False,False,
RUN-018,VIN-2029149,Sedan,2026-08-18 07:58:44,118.75,False,False,False,False,False,
RUN-018,VIN-2029150,Sedan,2026-08-18 07:59:56,119.95,False,False,False,False,False,
RUN-018,VIN-2029151,SUV,2026-08-18 08:01:19,121.33,False,True,False,False,True,RUN018-EVT02
RUN-018,VIN-2029152,SUV,2026-08-18 08:02:35,122.6,False,True,False,False,True,RUN018-EVT02
RUN-018,VIN-2029153,SUV,2026-08-18 08:03:58,123.98,False,True,False,False,True,RUN018-EVT02
RUN-018,VIN-2029154,Sedan,2026-08-18 08:05:25,125.42,False,True,False,False,True,RUN018-EVT02
RUN-018,VIN-2029155,SUV,2026-08-18 08:06:39,126.65,False,True,False,False,True,RUN018-EVT02
RUN-018,VIN-2029156,Sedan,2026-08-18 08:08:06,128.11,False,True,False,False,True,RUN018-EVT02
RUN-018,VIN-2029157,Sedan,2026-08-18 08:09:26,129.44,False,True,False,False,True,RUN018-EVT02
RUN-018,VIN-2029158,EV,2026-08-18 08:10:48,130.8,False,True,False,False,True,RUN018-EVT02
RUN-018,VIN-2029159,Sedan,2026-08-18 08:12:02,132.05,False,True,False,False,True,RUN018-EVT02
RUN-018,VIN-2029160,Sedan,2026-08-18 08:13:20,133.34,False,True,False,False,True,RUN018-EVT02
RUN-018,VIN-2029161,Sedan,2026-08-18 08:14:40,134.67,False,True,False,False,True,RUN018-EVT02
RUN-018,VIN-2029162,Sedan,2026-08-18 08:15:54,135.91,False,True,False,False,True,RUN018-EVT02
RUN-018,VIN-2029163,Sedan,2026-08-18 08:17:29,137.49,False,True,False,False,True,RUN018-EVT02
RUN-018,VIN-2029164,EV,2026-08-18 08:18:44,138.75,False,True,False,False,True,RUN018-EVT01;RUN018-EVT02
RUN-018,VIN-2029165,SUV,2026-08-18 08:19:55,139.92,False,True,False,False,True,RUN018-EVT01;RUN018-EVT02
RUN-018,VIN-2029166,SUV,2026-08-18 08:21:12,141.22,False,True,False,False,True,RUN018-EVT01;RUN018-EVT02
RUN-018,VIN-2029167,SUV,2026-08-18 08:22:34,142.58,False,True,False,False,True,RUN018-EVT01;RUN018-EVT02
RUN-018,VIN-2029168,SUV,2026-08-18 08:23:59,143.98,False,True,False,False,True,RUN018-EVT01;RUN018-EVT02
RUN-018,VIN-2029169,SUV,2026-08-18 08:25:21,145.36,False,True,False,False,True,RUN018-EVT01;RUN018-EVT02
RUN-018,VIN-2029170,SUV,2026-08-18 08:26:37,146.62,False,True,False,False,True,RUN018-EVT01;RUN018-EVT02
RUN-018,VIN-2029171,Sedan,2026-08-18 08:28:01,148.03,False,True,False,False,True,RUN018-EVT01;RUN018-EVT02
RUN-018,VIN-2029172,SUV,2026-08-18 08:29:18,149.3,False,True,False,False,True,RUN018-EVT01;RUN018-EVT02
RUN-018,VIN-2029173,SUV,2026-08-18 08:30:33,150.56,False,True,False,False,True,RUN018-EVT01;RUN018-EVT02
RUN-018,VIN-2029174,Sedan,2026-08-18 08:32:06,152.11,False,True,False,False,True,RUN018-EVT01;RUN018-EVT02
RUN-018,VIN-2029175,Sedan,2026-08-18 08:33:24,153.41,False,True,False,False,True,RUN018-EVT01;RUN018-EVT02
RUN-018,VIN-2029176,Sedan,2026-08-18 08:34:39,154.66,False,True,False,False,True,RUN018-EVT01;RUN018-EVT02
RUN-018,VIN-2029177,Sedan,2026-08-18 08:35:57,155.96,False,True,False,False,True,RUN018-EVT01;RUN018-EVT02
RUN-018,VIN-2029178,SUV,2026-08-18 08:37:22,157.38,False,True,False,False,True,RUN018-EVT01;RUN018-EVT02
RUN-018,VIN-2029179,EV,2026-08-18 08:38:39,158.66,False,True,False,False,True,RUN018-EVT01;RUN018-EVT02
RUN-018,VIN-2029180,Sedan,2026-08-18 08:39:57,159.95,False,True,False,False,True,RUN018-EVT01;RUN018-EVT02
RUN-018,VIN-2029181,SUV,2026-08-18 08:41:19,161.32,False,True,False,False,True,RUN018-EVT01;RUN018-EVT02
RUN-018,VIN-2029182,SUV,2026-08-18 08:42:36,162.61,False,True,False,False,True,RUN018-EVT01
RUN-018,VIN-2029183,EV,2026-08-18 08:43:58,163.98,False,True,False,False,True,RUN018-EVT01
RUN-018,VIN-2029184,Sedan,2026-08-18 08:45:17,165.29,False,True,False,False,True,RUN018-EVT01
RUN-018,VIN-2029185,Sedan,2026-08-18 08:46:48,166.8,False,True,False,False,True,RUN018-EVT01
RUN-018,VIN-2029186,Sedan,2026-08-18 08:47:52,167.87,False,True,False,False,True,RUN018-EVT01
RUN-018,VIN-2029187,Sedan,2026-08-18 08:49:26,169.43,False,True,False,False,True,RUN018-EVT01
RUN-018,VIN-2029188,EV,2026-08-18 08:50:41,170.69,False,True,False,False,True,RUN018-EVT01
RUN-018,VIN-2029189,SUV,2026-08-18 08:52:00,172.02,False,True,False,False,True,RUN018-EVT01
RUN-018,VIN-2029190,EV,2026-08-18 08:53:12,173.21,False,True,False,False,True,RUN018-EVT01
RUN-018,VIN-2029191,Sedan,2026-08-18 08:54:42,174.71,False,True,False,False,True,RUN018-EVT01
RUN-018,VIN-2029192,SUV,2026-08-18 08:55:55,175.92,False,True,False,False,True,RUN018-EVT01
RUN-018,VIN-2029193,Sedan,2026-08-18 08:57:21,177.35,False,True,False,False,True,RUN018-EVT01
RUN-018,VIN-2029194,SUV,2026-08-18 08:58:39,178.66,False,True,False,False,True,RUN018-EVT01
RUN-018,VIN-2029195,EV,2026-08-18 08:59:57,179.96,False,True,False,False,True,RUN018-EVT01
RUN-018,VIN-2029196,Sedan,2026-08-18 09:01:23,181.39,False,True,False,False,True,RUN018-EVT01
RUN-018,VIN-2029197,SUV,2026-08-18 09:02:39,182.66,False,True,False,False,True,RUN018-EVT01
RUN-018,VIN-2029198,Sedan,2026-08-18 09:03:58,183.98,False,True,False,False,True,RUN018-EVT01
RUN-018,VIN-2029199,SUV,2026-08-18 09:05:19,185.32,False,True,False,False,True,RUN018-EVT01
RUN-018,VIN-2029200,SUV,2026-08-18 09:06:40,186.67,False,True,False,False,True,RUN018-EVT01
RUN-018,VIN-2029201,Sedan,2026-08-18 09:08:00,188.01,False,True,False,False,True,RUN018-EVT01
RUN-018,VIN-2029202,Sedan,2026-08-18 09:09:28,189.48,False,True,False,False,True,RUN018-EVT01
RUN-018,VIN-2029203,SUV,2026-08-18 09:10:37,190.62,False,True,False,False,True,RUN018-EVT01
RUN-018,VIN-2029204,Sedan,2026-08-18 09:12:00,192.01,False,True,False,False,True,RUN018-EVT01
RUN-018,VIN-2029205,Sedan,2026-08-18 09:13:18,193.31,False,True,False,False,True,RUN018-EVT01
RUN-018,VIN-2029206,SUV,2026-08-18 09:14:36,194.61,False,True,False,False,True,RUN018-EVT01
RUN-018,VIN-2029207,Sedan,2026-08-18 09:15:59,195.98,False,True,False,False,True,RUN018-EVT01
RUN-018,VIN-2029208,EV,2026-08-18 09:17:19,197.33,False,False,False,False,False,
RUN-018,VIN-2029209,SUV,2026-08-18 09:18:46,198.77,False,False,False,False,False,
RUN-018,VIN-2029210,Sedan,2026-08-18 09:20:06,200.11,False,False,False,False,False,
RUN-018,VIN-2029211,SUV,2026-08-18 09:21:19,201.33,False,False,False,False,False,
RUN-018,VIN-2029212,Sedan,2026-08-18 09:22:39,202.66,False,False,False,False,False,
RUN-018,VIN-2029213,Sedan,2026-08-18 09:24:03,204.06,False,False,False,False,False,
RUN-018,VIN-2029214,SUV,2026-08-18 09:25:10,205.18,False,False,False,False,False,
RUN-018,VIN-2029215,SUV,2026-08-18 09:26:41,206.69,False,False,False,False,False,
RUN-018,VIN-2029216,SUV,2026-08-18 09:28:09,208.17,False,False,False,False,False,
RUN-018,VIN-2029217,Sedan,2026-08-18 09:29:22,209.37,False,False,False,False,False,
RUN-018,VIN-2029218,SUV,2026-08-18 09:30:45,210.76,False,False,False,False,False,
RUN-018,VIN-2029219,Sedan,2026-08-18 09:32:10,212.17,False,False,False,False,False,
RUN-018,VIN-2029220,Sedan,2026-08-18 09:33:20,213.34,False,False,False,False,False,
RUN-018,VIN-2029221,Sedan,2026-08-18 09:34:40,214.67,False,False,False,False,False,
RUN-018,VIN-2029222,SUV,2026-08-18 09:36:01,216.02,False,False,False,False,False,
RUN-018,VIN-2029223,SUV,2026-08-18 09:37:20,217.35,False,False,False,False,False,
RUN-018,VIN-2029224,Sedan,2026-08-18 09:38:40,218.68,False,False,False,False,False,
RUN-018,VIN-2029225,Sedan,2026-08-18 09:40:03,220.05,False,False,False,False,False,
RUN-018,VIN-2029226,EV,2026-08-18 09:41:16,221.27,False,False,False,False,False,
RUN-018,VIN-2029227,SUV,2026-08-18 09:42:37,222.62,False,False,False,False,False,
RUN-018,VIN-2029228,SUV,2026-08-18 09:43:58,223.97,False,False,False,False,False,
RUN-018,VIN-2029229,Sedan,2026-08-18 09:45:16,225.28,False,False,False,False,False,
RUN-018,VIN-2029230,Sedan,2026-08-18 09:46:41,226.69,False,False,False,False,False,
RUN-018,VIN-2029231,SUV,2026-08-18 09:48:00,228.01,False,False,False,False,False,
RUN-018,VIN-2029232,EV,2026-08-18 09:49:18,229.32,False,False,False,False,False,
RUN-018,VIN-2029233,SUV,2026-08-18 09:50:39,230.66,False,False,False,False,False,
RUN-018,VIN-2029234,SUV,2026-08-18 09:51:53,231.89,False,False,False,False,False,
RUN-018,VIN-2029235,EV,2026-08-18 09:53:16,233.28,False,False,False,False,False,
RUN-018,VIN-2029236,Sedan,2026-08-18 09:54:42,234.7,False,False,False,False,False,
RUN-018,VIN-2029237,EV,2026-08-18 09:56:04,236.08,False,False,False,False,False,
RUN-018,VIN-2029238,SUV,2026-08-18 09:57:19,237.32,False,False,False,False,False,
RUN-018,VIN-2029239,SUV,2026-08-18 09:58:40,238.68,False,False,False,False,False,
RUN-019,VIN-2029240,SUV,2026-08-19 06:00:05,0.1,False,False,False,False,False,
RUN-019,VIN-2029241,Sedan,2026-08-19 06:01:13,1.23,False,False,False,False,False,
RUN-019,VIN-2029242,Sedan,2026-08-19 06:02:38,2.64,False,False,False,False,False,
RUN-019,VIN-2029243,Sedan,2026-08-19 06:04:10,4.17,False,False,False,False,False,
RUN-019,VIN-2029244,Sedan,2026-08-19 06:05:26,5.44,False,False,False,False,False,
RUN-019,VIN-2029245,Sedan,2026-08-19 06:06:39,6.66,False,False,False,False,False,
RUN-019,VIN-2029246,Sedan,2026-08-19 06:07:57,7.95,False,False,False,False,False,
RUN-019,VIN-2029247,SUV,2026-08-19 06:09:20,9.34,False,False,False,False,False,
RUN-019,VIN-2029248,SUV,2026-08-19 06:10:48,10.8,False,False,False,False,False,
RUN-019,VIN-2029249,Sedan,2026-08-19 06:12:00,12.01,False,False,False,False,False,
RUN-019,VIN-2029250,SUV,2026-08-19 06:13:19,13.32,False,False,False,False,False,
RUN-019,VIN-2029251,Sedan,2026-08-19 06:14:32,14.54,False,False,False,False,False,
RUN-019,VIN-2029252,Sedan,2026-08-19 06:16:02,16.04,False,False,False,False,False,
RUN-019,VIN-2029253,SUV,2026-08-19 06:17:16,17.28,False,False,False,False,False,
RUN-019,VIN-2029254,EV,2026-08-19 06:18:35,18.6,False,False,False,False,False,
RUN-019,VIN-2029255,Sedan,2026-08-19 06:19:51,19.86,False,False,False,False,False,
RUN-019,VIN-2029256,Sedan,2026-08-19 06:21:26,21.44,False,False,False,False,False,
RUN-019,VIN-2029257,SUV,2026-08-19 06:22:38,22.65,False,False,False,False,False,
RUN-019,VIN-2029258,EV,2026-08-19 06:23:54,23.91,False,False,False,False,False,
RUN-019,VIN-2029259,SUV,2026-08-19 06:25:17,25.3,False,False,False,False,False,
RUN-019,VIN-2029260,Sedan,2026-08-19 06:26:41,26.7,False,False,False,False,False,
RUN-019,VIN-2029261,SUV,2026-08-19 06:27:49,27.83,False,False,False,False,False,
RUN-019,VIN-2029262,Sedan,2026-08-19 06:29:20,29.34,False,False,False,False,False,
RUN-019,VIN-2029263,SUV,2026-08-19 06:30:35,30.59,False,False,False,False,False,
RUN-019,VIN-2029264,Sedan,2026-08-19 06:32:02,32.04,False,False,False,False,False,
RUN-019,VIN-2029265,Sedan,2026-08-19 06:33:23,33.4,False,False,False,False,False,
RUN-019,VIN-2029266,Sedan,2026-08-19 06:34:33,34.56,False,False,False,False,False,
RUN-019,VIN-2029267,SUV,2026-08-19 06:36:05,36.09,False,False,False,False,False,
RUN-019,VIN-2029268,Sedan,2026-08-19 06:37:22,37.37,False,False,False,False,False,
RUN-019,VIN-2029269,Sedan,2026-08-19 06:38:40,38.68,False,False,False,False,False,
RUN-019,VIN-2029270,EV,2026-08-19 06:40:02,40.04,False,False,False,False,False,
RUN-019,VIN-2029271,SUV,2026-08-19 06:41:15,41.26,False,False,False,False,False,
RUN-019,VIN-2029272,Sedan,2026-08-19 06:42:42,42.7,False,False,False,False,False,
RUN-019,VIN-2029273,Sedan,2026-08-19 06:44:01,44.02,False,False,False,False,False,
RUN-019,VIN-2029274,EV,2026-08-19 06:45:22,45.38,False,False,False,False,False,
RUN-019,VIN-2029275,Sedan,2026-08-19 06:46:44,46.75,False,False,False,False,False,
RUN-019,VIN-2029276,SUV,2026-08-19 06:47:55,47.93,False,False,False,False,False,
RUN-019,VIN-2029277,Sedan,2026-08-19 06:49:19,49.32,False,False,False,False,False,
RUN-019,VIN-2029278,SUV,2026-08-19 06:50:34,50.57,False,False,False,False,False,
RUN-019,VIN-2029279,Sedan,2026-08-19 06:51:53,51.89,False,False,False,False,False,
RUN-019,VIN-2029280,Sedan,2026-08-19 06:53:20,53.35,False,False,False,False,False,
RUN-019,VIN-2029281,Sedan,2026-08-19 06:54:36,54.61,False,False,False,False,False,
RUN-019,VIN-2029282,EV,2026-08-19 06:55:55,55.92,False,False,False,False,False,
RUN-019,VIN-2029283,EV,2026-08-19 06:57:15,57.25,False,False,False,False,False,
RUN-019,VIN-2029284,Sedan,2026-08-19 06:58:44,58.74,False,False,False,False,False,
RUN-019,VIN-2029285,SUV,2026-08-19 06:59:59,59.99,False,False,False,False,False,
RUN-019,VIN-2029286,Sedan,2026-08-19 07:01:13,61.22,False,False,False,False,False,
RUN-019,VIN-2029287,Sedan,2026-08-19 07:02:40,62.68,False,False,False,False,False,
RUN-019,VIN-2029288,SUV,2026-08-19 07:03:58,63.98,False,False,False,False,False,
RUN-019,VIN-2029289,SUV,2026-08-19 07:05:19,65.32,False,False,False,False,False,
RUN-019,VIN-2029290,Sedan,2026-08-19 07:06:38,66.64,False,False,False,False,False,
RUN-019,VIN-2029291,EV,2026-08-19 07:07:58,67.98,False,False,False,False,False,
RUN-019,VIN-2029292,SUV,2026-08-19 07:09:18,69.31,False,False,False,False,False,
RUN-019,VIN-2029293,SUV,2026-08-19 07:10:32,70.54,False,False,False,False,False,
RUN-019,VIN-2029294,Sedan,2026-08-19 07:11:52,71.87,False,False,False,False,False,
RUN-019,VIN-2029295,EV,2026-08-19 07:13:27,73.46,False,False,False,False,False,
RUN-019,VIN-2029296,Sedan,2026-08-19 07:14:35,74.58,False,False,False,False,False,
RUN-019,VIN-2029297,EV,2026-08-19 07:15:56,75.95,False,False,False,False,False,
RUN-019,VIN-2029298,Sedan,2026-08-19 07:17:18,77.3,False,False,False,False,False,
RUN-019,VIN-2029299,EV,2026-08-19 07:18:37,78.63,False,False,False,False,False,
RUN-019,VIN-2029300,SUV,2026-08-19 07:19:56,79.94,False,False,False,False,False,
RUN-019,VIN-2029301,Sedan,2026-08-19 07:21:21,81.36,False,False,False,False,False,
RUN-019,VIN-2029302,Sedan,2026-08-19 07:22:42,82.7,False,False,False,False,False,
RUN-019,VIN-2029303,EV,2026-08-19 07:24:08,84.14,False,False,False,False,False,
RUN-019,VIN-2029304,Sedan,2026-08-19 07:25:15,85.26,False,False,False,False,False,
RUN-019,VIN-2029305,SUV,2026-08-19 07:26:39,86.66,False,False,False,False,False,
RUN-019,VIN-2029306,Sedan,2026-08-19 07:27:58,87.98,False,False,False,False,False,
RUN-019,VIN-2029307,Sedan,2026-08-19 07:29:16,89.28,False,False,False,False,False,
RUN-019,VIN-2029308,Sedan,2026-08-19 07:30:39,90.66,False,False,False,False,False,
RUN-019,VIN-2029309,SUV,2026-08-19 07:31:57,91.97,False,False,False,False,False,
RUN-019,VIN-2029310,Sedan,2026-08-19 07:33:18,93.3,False,False,False,False,False,
RUN-019,VIN-2029311,Sedan,2026-08-19 07:34:42,94.71,False,False,False,False,False,
RUN-019,VIN-2029312,Sedan,2026-08-19 07:36:05,96.1,False,False,False,False,False,
RUN-019,VIN-2029313,Sedan,2026-08-19 07:37:26,97.44,False,False,False,False,False,
RUN-019,VIN-2029314,EV,2026-08-19 07:38:50,98.85,False,False,False,False,False,
RUN-019,VIN-2029315,SUV,2026-08-19 07:40:01,100.03,False,False,False,False,False,
RUN-019,VIN-2029316,Sedan,2026-08-19 07:41:04,101.08,False,False,False,False,False,
RUN-019,VIN-2029317,EV,2026-08-19 07:42:30,102.51,False,False,False,False,False,
RUN-019,VIN-2029318,EV,2026-08-19 07:43:53,103.89,False,False,False,False,False,
RUN-019,VIN-2029319,Sedan,2026-08-19 07:45:16,105.27,False,False,False,False,False,
RUN-019,VIN-2029320,Sedan,2026-08-19 07:46:44,106.75,False,False,False,False,False,
RUN-019,VIN-2029321,SUV,2026-08-19 07:47:56,107.93,False,False,False,False,False,
RUN-019,VIN-2029322,SUV,2026-08-19 07:49:19,109.32,False,False,False,False,False,
RUN-019,VIN-2029323,Sedan,2026-08-19 07:50:37,110.63,False,False,False,False,False,
RUN-019,VIN-2029324,SUV,2026-08-19 07:52:01,112.03,False,False,False,False,False,
RUN-019,VIN-2029325,SUV,2026-08-19 07:53:04,113.07,False,False,False,False,False,
RUN-019,VIN-2029326,Sedan,2026-08-19 07:54:48,114.81,False,False,False,False,False,
RUN-019,VIN-2029327,SUV,2026-08-19 07:56:03,116.06,False,False,False,False,False,
RUN-019,VIN-2029328,EV,2026-08-19 07:57:20,117.35,False,False,False,False,False,
RUN-019,VIN-2029329,SUV,2026-08-19 07:58:44,118.74,False,False,False,False,False,
RUN-019,VIN-2029330,EV,2026-08-19 08:00:00,120.02,False,False,False,False,False,
RUN-019,VIN-2029331,SUV,2026-08-19 08:01:28,121.48,False,False,False,False,False,
RUN-019,VIN-2029332,Sedan,2026-08-19 08:02:42,122.71,False,False,False,False,False,
RUN-019,VIN-2029333,Sedan,2026-08-19 08:03:58,123.97,False,False,False,False,False,
RUN-019,VIN-2029334,SUV,2026-08-19 08:05:24,125.41,False,False,False,False,False,
RUN-019,VIN-2029335,SUV,2026-08-19 08:06:44,126.74,False,False,False,False,False,
RUN-019,VIN-2029336,EV,2026-08-19 08:07:57,127.95,False,False,False,False,False,
RUN-019,VIN-2029337,SUV,2026-08-19 08:09:22,129.37,False,False,False,False,False,
RUN-019,VIN-2029338,Sedan,2026-08-19 08:10:36,130.61,False,False,False,False,False,
RUN-019,VIN-2029339,EV,2026-08-19 08:12:04,132.07,False,False,False,False,False,
RUN-019,VIN-2029340,Sedan,2026-08-19 08:13:11,133.19,False,False,False,False,False,
RUN-019,VIN-2029341,SUV,2026-08-19 08:14:45,134.76,False,False,False,False,False,
RUN-019,VIN-2029342,Sedan,2026-08-19 08:16:02,136.04,False,False,False,False,False,
RUN-019,VIN-2029343,Sedan,2026-08-19 08:17:18,137.32,False,False,False,False,False,
RUN-019,VIN-2029344,Sedan,2026-08-19 08:18:34,138.58,False,False,False,False,False,
RUN-019,VIN-2029345,EV,2026-08-19 08:19:54,139.91,False,False,False,False,False,
RUN-019,VIN-2029346,Sedan,2026-08-19 08:21:27,141.46,False,False,False,False,False,
RUN-019,VIN-2029347,Sedan,2026-08-19 08:22:41,142.69,False,False,False,False,False,
RUN-019,VIN-2029348,Sedan,2026-08-19 08:24:04,144.07,False,False,False,False,False,
RUN-019,VIN-2029349,Sedan,2026-08-19 08:25:22,145.37,False,False,False,False,False,
RUN-019,VIN-2029350,Sedan,2026-08-19 08:26:39,146.65,False,False,False,False,False,
RUN-019,VIN-2029351,SUV,2026-08-19 08:27:54,147.9,False,False,False,False,False,
RUN-019,VIN-2029352,EV,2026-08-19 08:29:12,149.21,False,False,False,False,False,
RUN-019,VIN-2029353,SUV,2026-08-19 08:30:36,150.6,False,False,False,False,False,
RUN-019,VIN-2029354,SUV,2026-08-19 08:31:55,151.93,False,False,False,False,False,
RUN-019,VIN-2029355,SUV,2026-08-19 08:33:18,153.31,False,False,False,False,False,
RUN-019,VIN-2029356,Sedan,2026-08-19 08:34:38,154.65,False,False,False,False,False,
RUN-019,VIN-2029357,Sedan,2026-08-19 08:36:00,156.0,False,False,False,False,False,
RUN-019,VIN-2029358,Sedan,2026-08-19 08:37:14,157.25,False,False,False,False,False,
RUN-019,VIN-2029359,Sedan,2026-08-19 08:38:43,158.73,False,False,False,False,False,
RUN-019,VIN-2029360,EV,2026-08-19 08:40:02,160.04,False,False,False,False,False,
RUN-019,VIN-2029361,SUV,2026-08-19 08:41:25,161.43,False,False,False,False,False,
RUN-019,VIN-2029362,Sedan,2026-08-19 08:42:52,162.88,False,False,False,False,False,
RUN-019,VIN-2029363,SUV,2026-08-19 08:44:01,164.03,False,False,False,False,False,
RUN-019,VIN-2029364,Sedan,2026-08-19 08:45:16,165.27,False,False,False,False,False,
RUN-019,VIN-2029365,SUV,2026-08-19 08:46:44,166.74,False,False,False,False,False,
RUN-019,VIN-2029366,SUV,2026-08-19 08:47:58,167.97,False,False,False,False,False,
RUN-019,VIN-2029367,Sedan,2026-08-19 08:49:18,169.3,False,False,False,False,False,
RUN-019,VIN-2029368,EV,2026-08-19 08:50:36,170.61,False,False,False,False,False,
RUN-019,VIN-2029369,Sedan,2026-08-19 08:51:57,171.95,False,False,False,False,False,
RUN-019,VIN-2029370,SUV,2026-08-19 08:53:18,173.3,False,False,False,False,False,
RUN-019,VIN-2029371,SUV,2026-08-19 08:54:37,174.62,False,False,False,False,False,
RUN-019,VIN-2029372,Sedan,2026-08-19 08:55:55,175.92,False,False,False,False,False,
RUN-019,VIN-2029373,SUV,2026-08-19 08:57:19,177.32,False,False,False,False,False,
RUN-019,VIN-2029374,EV,2026-08-19 08:58:39,178.65,False,False,False,False,False,
RUN-019,VIN-2029375,Sedan,2026-08-19 09:00:03,180.06,False,False,False,False,False,
RUN-019,VIN-2029376,Sedan,2026-08-19 09:01:25,181.42,False,False,False,False,False,
RUN-019,VIN-2029377,Sedan,2026-08-19 09:02:43,182.73,False,False,False,False,False,
RUN-019,VIN-2029378,Sedan,2026-08-19 09:04:12,184.21,False,False,False,False,False,
RUN-019,VIN-2029379,SUV,2026-08-19 09:05:24,185.41,False,False,False,False,False,
RUN-019,VIN-2029380,SUV,2026-08-19 09:06:46,186.77,False,False,False,False,False,
RUN-019,VIN-2029381,Sedan,2026-08-19 09:08:08,188.14,False,False,False,False,False,
RUN-019,VIN-2029382,Sedan,2026-08-19 09:09:18,189.31,False,False,False,False,False,
RUN-019,VIN-2029383,SUV,2026-08-19 09:10:42,190.71,False,False,False,False,False,
RUN-019,VIN-2029384,Sedan,2026-08-19 09:11:55,191.93,False,False,False,False,False,
RUN-019,VIN-2029385,Sedan,2026-08-19 09:13:13,193.22,False,False,False,False,False,
RUN-019,VIN-2029386,EV,2026-08-19 09:14:40,194.67,False,False,False,False,False,
RUN-019,VIN-2029387,Sedan,2026-08-19 09:16:03,196.06,False,False,False,False,False,
RUN-019,VIN-2029388,Sedan,2026-08-19 09:17:25,197.42,False,False,False,False,False,
RUN-019,VIN-2029389,SUV,2026-08-19 09:18:35,198.59,False,False,False,False,False,
RUN-019,VIN-2029390,EV,2026-08-19 09:20:11,200.19,False,False,False,False,False,
RUN-019,VIN-2029391,SUV,2026-08-19 09:21:16,201.28,False,False,False,False,False,
RUN-019,VIN-2029392,Sedan,2026-08-19 09:22:48,202.8,False,False,False,False,False,
RUN-019,VIN-2029393,Sedan,2026-08-19 09:24:12,204.21,False,False,False,False,False,
RUN-019,VIN-2029394,EV,2026-08-19 09:25:17,205.28,False,False,False,False,False,
RUN-019,VIN-2029395,SUV,2026-08-19 09:26:39,206.66,False,False,False,False,False,
RUN-019,VIN-2029396,SUV,2026-08-19 09:27:59,208.0,False,False,False,False,False,
RUN-019,VIN-2029397,SUV,2026-08-19 09:29:24,209.4,False,False,False,False,False,
RUN-019,VIN-2029398,EV,2026-08-19 09:30:44,210.74,False,False,False,False,False,
RUN-019,VIN-2029399,SUV,2026-08-19 09:31:57,211.95,False,False,False,False,False,
RUN-019,VIN-2029400,SUV,2026-08-19 09:33:23,213.39,False,False,False,False,False,
RUN-019,VIN-2029401,SUV,2026-08-19 09:34:42,214.71,False,False,False,False,False,
RUN-019,VIN-2029402,SUV,2026-08-19 09:36:03,216.05,False,False,False,False,False,
RUN-019,VIN-2029403,SUV,2026-08-19 09:37:19,217.32,False,False,False,False,False,
RUN-019,VIN-2029404,SUV,2026-08-19 09:38:36,218.61,False,False,False,False,False,
RUN-019,VIN-2029405,SUV,2026-08-19 09:40:03,220.06,False,False,False,False,False,
RUN-019,VIN-2029406,SUV,2026-08-19 09:41:21,221.37,False,False,False,False,False,
RUN-019,VIN-2029407,Sedan,2026-08-19 09:42:30,222.51,False,False,False,False,False,
RUN-019,VIN-2029408,Sedan,2026-08-19 09:44:05,224.08,False,False,False,False,False,
RUN-019,VIN-2029409,EV,2026-08-19 09:45:22,225.37,False,False,False,False,False,
RUN-019,VIN-2029410,Sedan,2026-08-19 09:46:48,226.82,False,False,False,False,False,
RUN-019,VIN-2029411,Sedan,2026-08-19 09:47:58,227.98,False,False,False,False,False,
RUN-019,VIN-2029412,Sedan,2026-08-19 09:49:22,229.37,False,False,False,False,False,
RUN-019,VIN-2029413,Sedan,2026-08-19 09:50:34,230.58,False,False,False,False,False,
RUN-019,VIN-2029414,Sedan,2026-08-19 09:51:57,231.97,False,False,False,False,False,
RUN-019,VIN-2029415,Sedan,2026-08-19 09:53:21,233.36,False,False,False,False,False,
RUN-019,VIN-2029416,SUV,2026-08-19 09:54:38,234.65,False,False,False,False,False,
RUN-019,VIN-2029417,SUV,2026-08-19 09:56:00,236.01,False,False,False,False,False,
RUN-019,VIN-2029418,SUV,2026-08-19 09:57:31,237.53,False,False,False,False,False,
RUN-019,VIN-2029419,SUV,2026-08-19 09:58:30,238.51,False,False,False,False,False,
RUN-020,VIN-2029420,SUV,2026-08-20 06:00:04,0.07,False,False,False,False,False,
RUN-020,VIN-2029421,Sedan,2026-08-20 06:01:22,1.37,False,False,False,False,False,
RUN-020,VIN-2029422,Sedan,2026-08-20 06:02:41,2.69,False,False,False,False,False,
RUN-020,VIN-2029423,EV,2026-08-20 06:04:01,4.03,False,False,False,False,False,
RUN-020,VIN-2029424,SUV,2026-08-20 06:05:24,5.41,False,False,False,False,False,
RUN-020,VIN-2029425,Sedan,2026-08-20 06:06:37,6.62,False,False,False,False,False,
RUN-020,VIN-2029426,SUV,2026-08-20 06:08:03,8.05,False,False,False,False,False,
RUN-020,VIN-2029427,Sedan,2026-08-20 06:09:21,9.35,False,False,False,False,False,
RUN-020,VIN-2029428,SUV,2026-08-20 06:10:38,10.64,False,False,False,False,False,
RUN-020,VIN-2029429,Sedan,2026-08-20 06:11:53,11.9,False,False,False,False,False,
RUN-020,VIN-2029430,SUV,2026-08-20 06:13:14,13.24,False,False,False,False,False,
RUN-020,VIN-2029431,EV,2026-08-20 06:14:42,14.7,False,False,False,False,False,
RUN-020,VIN-2029432,Sedan,2026-08-20 06:16:01,16.02,False,False,False,False,False,
RUN-020,VIN-2029433,Sedan,2026-08-20 06:17:23,17.39,False,False,False,False,False,
RUN-020,VIN-2029434,SUV,2026-08-20 06:18:40,18.67,False,False,False,False,False,
RUN-020,VIN-2029435,SUV,2026-08-20 06:19:57,19.96,False,False,False,False,False,
RUN-020,VIN-2029436,Sedan,2026-08-20 06:21:20,21.35,False,False,False,False,False,
RUN-020,VIN-2029437,EV,2026-08-20 06:22:52,22.87,False,False,False,False,False,
RUN-020,VIN-2029438,Sedan,2026-08-20 06:23:57,23.95,False,False,False,False,False,
RUN-020,VIN-2029439,Sedan,2026-08-20 06:25:24,25.41,False,False,False,False,False,
RUN-020,VIN-2029440,EV,2026-08-20 06:26:35,26.59,False,False,False,False,False,
RUN-020,VIN-2029441,Sedan,2026-08-20 06:27:51,27.85,False,False,False,False,False,
RUN-020,VIN-2029442,Sedan,2026-08-20 06:29:13,29.23,False,False,False,False,False,
RUN-020,VIN-2029443,Sedan,2026-08-20 06:30:32,30.55,False,False,False,False,False,
RUN-020,VIN-2029444,Sedan,2026-08-20 06:31:55,31.92,False,False,False,False,False,
RUN-020,VIN-2029445,Sedan,2026-08-20 06:33:12,33.21,False,False,False,False,False,
RUN-020,VIN-2029446,SUV,2026-08-20 06:34:41,34.7,False,False,False,False,False,
RUN-020,VIN-2029447,EV,2026-08-20 06:35:57,35.96,False,False,False,False,False,
RUN-020,VIN-2029448,Sedan,2026-08-20 06:37:26,37.44,False,False,False,False,False,
RUN-020,VIN-2029449,EV,2026-08-20 06:38:34,38.58,False,False,False,False,False,
RUN-020,VIN-2029450,EV,2026-08-20 06:39:55,39.93,False,False,False,False,False,
RUN-020,VIN-2029451,SUV,2026-08-20 06:41:30,41.5,False,False,False,False,False,
RUN-020,VIN-2029452,Sedan,2026-08-20 06:42:40,42.68,False,False,False,False,False,
RUN-020,VIN-2029453,Sedan,2026-08-20 06:43:58,43.97,False,False,False,False,False,
RUN-020,VIN-2029454,EV,2026-08-20 06:45:16,45.28,False,False,False,False,False,
RUN-020,VIN-2029455,Sedan,2026-08-20 06:46:37,46.63,False,False,False,False,False,
RUN-020,VIN-2029456,Sedan,2026-08-20 06:47:57,47.95,False,False,False,False,False,
RUN-020,VIN-2029457,SUV,2026-08-20 06:49:17,49.29,False,False,False,False,False,
RUN-020,VIN-2029458,SUV,2026-08-20 06:50:43,50.73,False,False,False,False,False,
RUN-020,VIN-2029459,EV,2026-08-20 06:51:54,51.91,False,False,False,False,False,
RUN-020,VIN-2029460,SUV,2026-08-20 06:53:18,53.31,False,False,False,False,False,
RUN-020,VIN-2029461,Sedan,2026-08-20 06:54:39,54.66,False,False,False,False,False,
RUN-020,VIN-2029462,SUV,2026-08-20 06:56:07,56.13,False,False,False,False,False,
RUN-020,VIN-2029463,Sedan,2026-08-20 06:57:13,57.23,False,False,False,False,False,
RUN-020,VIN-2029464,SUV,2026-08-20 06:58:34,58.58,False,False,False,False,False,
RUN-020,VIN-2029465,Sedan,2026-08-20 07:00:01,60.02,False,False,False,False,False,
RUN-020,VIN-2029466,SUV,2026-08-20 07:01:20,61.34,False,False,False,False,False,
RUN-020,VIN-2029467,Sedan,2026-08-20 07:02:41,62.69,False,False,False,False,False,
RUN-020,VIN-2029468,Sedan,2026-08-20 07:04:03,64.06,False,False,False,False,False,
RUN-020,VIN-2029469,EV,2026-08-20 07:05:21,65.35,False,False,True,False,True,RUN020-EVT02
RUN-020,VIN-2029470,Sedan,2026-08-20 07:06:32,66.55,False,False,True,False,True,RUN020-EVT02
RUN-020,VIN-2029471,Sedan,2026-08-20 07:08:01,68.02,False,False,True,False,True,RUN020-EVT02
RUN-020,VIN-2029472,SUV,2026-08-20 07:09:17,69.29,False,False,True,False,True,RUN020-EVT02
RUN-020,VIN-2029473,Sedan,2026-08-20 07:10:41,70.69,False,False,True,False,True,RUN020-EVT02
RUN-020,VIN-2029474,Sedan,2026-08-20 07:12:10,72.18,False,False,True,False,True,RUN020-EVT02
RUN-020,VIN-2029475,Sedan,2026-08-20 07:13:22,73.37,False,False,True,False,True,RUN020-EVT02
RUN-020,VIN-2029476,Sedan,2026-08-20 07:14:48,74.81,False,False,True,False,True,RUN020-EVT02
RUN-020,VIN-2029477,Sedan,2026-08-20 07:15:57,75.95,False,False,True,False,True,RUN020-EVT02
RUN-020,VIN-2029478,Sedan,2026-08-20 07:17:14,77.25,False,False,True,False,True,RUN020-EVT02
RUN-020,VIN-2029479,Sedan,2026-08-20 07:18:40,78.68,False,False,True,False,True,RUN020-EVT02
RUN-020,VIN-2029480,Sedan,2026-08-20 07:19:54,79.91,False,False,True,False,True,RUN020-EVT02
RUN-020,VIN-2029481,Sedan,2026-08-20 07:21:09,81.15,False,False,True,False,True,RUN020-EVT02
RUN-020,VIN-2029482,Sedan,2026-08-20 07:22:43,82.72,False,False,True,False,True,RUN020-EVT02
RUN-020,VIN-2029483,EV,2026-08-20 07:23:55,83.93,False,False,True,False,True,RUN020-EVT02
RUN-020,VIN-2029484,Sedan,2026-08-20 07:25:25,85.43,False,False,True,False,True,RUN020-EVT02
RUN-020,VIN-2029485,EV,2026-08-20 07:26:42,86.71,False,False,True,False,True,RUN020-EVT02
RUN-020,VIN-2029486,SUV,2026-08-20 07:27:54,87.91,False,False,True,False,True,RUN020-EVT02
RUN-020,VIN-2029487,SUV,2026-08-20 07:29:18,89.31,False,False,True,False,True,RUN020-EVT02
RUN-020,VIN-2029488,SUV,2026-08-20 07:30:37,90.63,False,False,True,False,True,RUN020-EVT02
RUN-020,VIN-2029489,Sedan,2026-08-20 07:32:05,92.09,False,False,True,False,True,RUN020-EVT02
RUN-020,VIN-2029490,Sedan,2026-08-20 07:33:19,93.33,False,False,True,False,True,RUN020-EVT02
RUN-020,VIN-2029491,EV,2026-08-20 07:34:53,94.89,False,False,True,False,True,RUN020-EVT02
RUN-020,VIN-2029492,EV,2026-08-20 07:36:02,96.05,False,False,True,False,True,RUN020-EVT02
RUN-020,VIN-2029493,Sedan,2026-08-20 07:37:27,97.46,False,False,True,False,True,RUN020-EVT02
RUN-020,VIN-2029494,SUV,2026-08-20 07:38:41,98.7,False,False,True,False,True,RUN020-EVT02
RUN-020,VIN-2029495,Sedan,2026-08-20 07:39:56,99.94,False,False,True,False,True,RUN020-EVT02
RUN-020,VIN-2029496,Sedan,2026-08-20 07:41:18,101.31,False,False,True,False,True,RUN020-EVT02
RUN-020,VIN-2029497,Sedan,2026-08-20 07:42:45,102.75,False,False,True,False,True,RUN020-EVT02
RUN-020,VIN-2029498,Sedan,2026-08-20 07:44:05,104.1,False,False,True,False,True,RUN020-EVT02
RUN-020,VIN-2029499,Sedan,2026-08-20 07:45:32,105.54,False,False,True,False,True,RUN020-EVT02
RUN-020,VIN-2029500,SUV,2026-08-20 07:46:50,106.85,False,False,False,False,False,
RUN-020,VIN-2029501,Sedan,2026-08-20 07:47:57,107.95,False,False,False,False,False,
RUN-020,VIN-2029502,SUV,2026-08-20 07:49:12,109.21,False,False,False,False,False,
RUN-020,VIN-2029503,Sedan,2026-08-20 07:50:39,110.66,False,False,False,False,False,
RUN-020,VIN-2029504,SUV,2026-08-20 07:52:02,112.04,False,False,False,False,False,
RUN-020,VIN-2029505,Sedan,2026-08-20 07:53:22,113.37,False,False,False,False,False,
RUN-020,VIN-2029506,Sedan,2026-08-20 07:54:38,114.65,False,False,False,False,False,
RUN-020,VIN-2029507,Sedan,2026-08-20 07:55:59,115.99,False,False,False,False,False,
RUN-020,VIN-2029508,SUV,2026-08-20 07:57:16,117.28,False,False,False,False,False,
RUN-020,VIN-2029509,Sedan,2026-08-20 07:58:28,118.48,False,False,False,False,False,
RUN-020,VIN-2029510,Sedan,2026-08-20 08:00:04,120.08,False,False,False,False,False,
RUN-020,VIN-2029511,Sedan,2026-08-20 08:01:09,121.16,False,False,False,False,False,
RUN-020,VIN-2029512,Sedan,2026-08-20 08:02:38,122.64,False,False,False,False,False,
RUN-020,VIN-2029513,Sedan,2026-08-20 08:03:58,123.97,False,False,False,False,False,
RUN-020,VIN-2029514,Sedan,2026-08-20 08:05:16,125.28,False,False,False,False,False,
RUN-020,VIN-2029515,SUV,2026-08-20 08:06:42,126.71,False,False,False,False,False,
RUN-020,VIN-2029516,SUV,2026-08-20 08:07:51,127.87,False,True,False,False,True,RUN020-EVT01
RUN-020,VIN-2029517,Sedan,2026-08-20 08:09:15,129.25,False,True,False,False,True,RUN020-EVT01
RUN-020,VIN-2029518,EV,2026-08-20 08:10:38,130.64,False,True,False,False,True,RUN020-EVT01
RUN-020,VIN-2029519,Sedan,2026-08-20 08:12:06,132.11,False,True,False,False,True,RUN020-EVT01
RUN-020,VIN-2029520,Sedan,2026-08-20 08:13:22,133.37,False,True,False,False,True,RUN020-EVT01
RUN-020,VIN-2029521,EV,2026-08-20 08:14:36,134.62,False,True,False,False,True,RUN020-EVT01
RUN-020,VIN-2029522,SUV,2026-08-20 08:15:58,135.98,False,True,False,False,True,RUN020-EVT01
RUN-020,VIN-2029523,Sedan,2026-08-20 08:17:18,137.3,False,True,False,False,True,RUN020-EVT01
RUN-020,VIN-2029524,Sedan,2026-08-20 08:18:37,138.62,False,True,False,False,True,RUN020-EVT01
RUN-020,VIN-2029525,SUV,2026-08-20 08:19:59,140.0,False,True,False,False,True,RUN020-EVT01
RUN-020,VIN-2029526,SUV,2026-08-20 08:21:20,141.33,False,True,False,False,True,RUN020-EVT01
RUN-020,VIN-2029527,SUV,2026-08-20 08:22:43,142.72,False,True,False,False,True,RUN020-EVT01
RUN-020,VIN-2029528,SUV,2026-08-20 08:24:00,144.0,False,True,False,False,True,RUN020-EVT01
RUN-020,VIN-2029529,Sedan,2026-08-20 08:25:22,145.38,False,True,False,False,True,RUN020-EVT01
RUN-020,VIN-2029530,Sedan,2026-08-20 08:26:44,146.74,False,True,False,False,True,RUN020-EVT01
RUN-020,VIN-2029531,Sedan,2026-08-20 08:28:05,148.1,False,True,False,False,True,RUN020-EVT01
RUN-020,VIN-2029532,Sedan,2026-08-20 08:29:23,149.39,False,True,False,False,True,RUN020-EVT01
RUN-020,VIN-2029533,Sedan,2026-08-20 08:30:41,150.7,False,True,False,False,True,RUN020-EVT01
RUN-020,VIN-2029534,Sedan,2026-08-20 08:32:04,152.08,False,True,False,False,True,RUN020-EVT01
RUN-020,VIN-2029535,Sedan,2026-08-20 08:33:23,153.4,False,True,False,False,True,RUN020-EVT01
RUN-020,VIN-2029536,Sedan,2026-08-20 08:34:50,154.84,False,True,False,False,True,RUN020-EVT01
RUN-020,VIN-2029537,SUV,2026-08-20 08:35:56,155.94,False,True,False,False,True,RUN020-EVT01
RUN-020,VIN-2029538,SUV,2026-08-20 08:37:14,157.25,False,True,False,False,True,RUN020-EVT01
RUN-020,VIN-2029539,SUV,2026-08-20 08:38:35,158.6,False,True,False,False,True,RUN020-EVT01
RUN-020,VIN-2029540,Sedan,2026-08-20 08:39:57,159.95,False,True,False,False,True,RUN020-EVT01
RUN-020,VIN-2029541,Sedan,2026-08-20 08:41:13,161.23,False,True,False,False,True,RUN020-EVT01
RUN-020,VIN-2029542,Sedan,2026-08-20 08:42:35,162.6,False,True,False,False,True,RUN020-EVT01
RUN-020,VIN-2029543,Sedan,2026-08-20 08:43:58,163.97,False,True,False,False,True,RUN020-EVT01
RUN-020,VIN-2029544,SUV,2026-08-20 08:45:21,165.36,False,True,False,False,True,RUN020-EVT01
RUN-020,VIN-2029545,SUV,2026-08-20 08:46:39,166.66,False,True,False,False,True,RUN020-EVT01
RUN-020,VIN-2029546,Sedan,2026-08-20 08:48:01,168.02,False,True,False,False,True,RUN020-EVT01
RUN-020,VIN-2029547,Sedan,2026-08-20 08:49:21,169.36,False,False,False,False,False,
RUN-020,VIN-2029548,SUV,2026-08-20 08:50:40,170.67,False,False,False,False,False,
RUN-020,VIN-2029549,Sedan,2026-08-20 08:52:01,172.03,False,False,False,False,False,
RUN-020,VIN-2029550,Sedan,2026-08-20 08:53:17,173.29,False,False,False,False,False,
RUN-020,VIN-2029551,SUV,2026-08-20 08:54:46,174.77,False,False,False,False,False,
RUN-020,VIN-2029552,Sedan,2026-08-20 08:55:51,175.85,False,False,False,False,False,
RUN-020,VIN-2029553,SUV,2026-08-20 08:57:27,177.46,False,False,False,False,False,
RUN-020,VIN-2029554,Sedan,2026-08-20 08:58:43,178.73,False,False,False,False,False,
RUN-020,VIN-2029555,Sedan,2026-08-20 08:59:57,179.96,False,False,False,False,False,
RUN-020,VIN-2029556,Sedan,2026-08-20 09:01:15,181.27,False,False,False,False,False,
RUN-020,VIN-2029557,SUV,2026-08-20 09:02:49,182.82,False,False,False,False,False,
RUN-020,VIN-2029558,Sedan,2026-08-20 09:04:05,184.08,False,False,False,False,False,
RUN-020,VIN-2029559,Sedan,2026-08-20 09:05:19,185.32,False,False,False,False,False,
RUN-020,VIN-2029560,Sedan,2026-08-20 09:06:43,186.72,False,False,False,False,False,
RUN-020,VIN-2029561,SUV,2026-08-20 09:08:04,188.08,False,False,False,False,False,
RUN-020,VIN-2029562,Sedan,2026-08-20 09:09:18,189.31,False,False,False,False,False,
RUN-020,VIN-2029563,Sedan,2026-08-20 09:10:39,190.65,False,False,False,False,False,
RUN-020,VIN-2029564,Sedan,2026-08-20 09:11:55,191.92,False,False,False,False,False,
RUN-020,VIN-2029565,Sedan,2026-08-20 09:13:19,193.32,False,False,False,False,False,
RUN-020,VIN-2029566,SUV,2026-08-20 09:14:35,194.59,False,False,False,False,False,
RUN-020,VIN-2029567,Sedan,2026-08-20 09:15:59,195.99,False,False,False,False,False,
RUN-020,VIN-2029568,Sedan,2026-08-20 09:17:23,197.39,False,False,False,False,False,
RUN-020,VIN-2029569,SUV,2026-08-20 09:18:45,198.76,False,False,False,False,False,
RUN-020,VIN-2029570,Sedan,2026-08-20 09:20:02,200.04,False,False,False,False,False,
RUN-020,VIN-2029571,SUV,2026-08-20 09:21:23,201.4,False,False,False,False,False,
RUN-020,VIN-2029572,SUV,2026-08-20 09:22:35,202.6,False,False,False,False,False,
RUN-020,VIN-2029573,Sedan,2026-08-20 09:23:57,203.96,False,False,False,False,False,
RUN-020,VIN-2029574,Sedan,2026-08-20 09:25:07,205.13,False,False,False,False,False,
RUN-020,VIN-2029575,SUV,2026-08-20 09:26:34,206.58,False,False,False,False,False,
RUN-020,VIN-2029576,Sedan,2026-08-20 09:27:57,207.95,False,False,False,False,False,
RUN-020,VIN-2029577,Sedan,2026-08-20 09:29:19,209.33,False,False,False,False,False,
RUN-020,VIN-2029578,Sedan,2026-08-20 09:30:47,210.78,False,False,False,False,False,
RUN-020,VIN-2029579,Sedan,2026-08-20 09:32:02,212.03,False,False,False,False,False,
RUN-020,VIN-2029580,EV,2026-08-20 09:33:19,213.33,False,False,False,False,False,
RUN-020,VIN-2029581,Sedan,2026-08-20 09:34:38,214.65,False,False,False,False,False,
RUN-020,VIN-2029582,Sedan,2026-08-20 09:35:58,215.97,False,False,False,False,False,
RUN-020,VIN-2029583,SUV,2026-08-20 09:37:20,217.35,False,False,False,False,False,
RUN-020,VIN-2029584,Sedan,2026-08-20 09:38:38,218.63,False,False,False,False,False,
RUN-020,VIN-2029585,SUV,2026-08-20 09:40:03,220.06,False,False,False,False,False,
RUN-020,VIN-2029586,Sedan,2026-08-20 09:41:18,221.31,False,False,False,False,False,
RUN-020,VIN-2029587,Sedan,2026-08-20 09:42:43,222.73,False,False,False,False,False,
RUN-020,VIN-2029588,SUV,2026-08-20 09:44:00,224.01,False,False,False,False,False,
RUN-020,VIN-2029589,Sedan,2026-08-20 09:45:19,225.32,False,False,False,False,False,
RUN-020,VIN-2029590,SUV,2026-08-20 09:46:33,226.57,False,False,False,False,False,
RUN-020,VIN-2029591,Sedan,2026-08-20 09:48:02,228.05,False,False,False,False,False,
RUN-020,VIN-2029592,SUV,2026-08-20 09:49:17,229.3,False,False,False,False,False,
RUN-020,VIN-2029593,Sedan,2026-08-20 09:50:40,230.68,False,False,False,False,False,
RUN-020,VIN-2029594,SUV,2026-08-20 09:52:01,232.03,False,False,False,False,False,
RUN-020,VIN-2029595,EV,2026-08-20 09:53:29,233.5,False,False,False,False,False,
RUN-020,VIN-2029596,Sedan,2026-08-20 09:54:40,234.67,False,False,False,False,False,
RUN-020,VIN-2029597,Sedan,2026-08-20 09:56:03,236.06,False,False,False,False,False,
RUN-020,VIN-2029598,SUV,2026-08-20 09:57:20,237.35,False,False,False,False,False,
RUN-020,VIN-2029599,SUV,2026-08-20 09:58:36,238.61,False,False,False,False,False,
RUN-021,VIN-2029600,SUV,2026-08-21 06:00:00,0.0,False,False,False,False,False,
RUN-021,VIN-2029601,SUV,2026-08-21 06:01:21,1.36,False,False,False,False,False,
RUN-021,VIN-2029602,Sedan,2026-08-21 06:02:40,2.67,False,False,False,False,False,
RUN-021,VIN-2029603,Sedan,2026-08-21 06:03:57,3.96,False,False,False,False,False,
RUN-021,VIN-2029604,EV,2026-08-21 06:05:14,5.24,False,False,False,False,False,
RUN-021,VIN-2029605,SUV,2026-08-21 06:06:45,6.75,False,False,False,False,False,
RUN-021,VIN-2029606,EV,2026-08-21 06:08:03,8.06,False,False,False,False,False,
RUN-021,VIN-2029607,SUV,2026-08-21 06:09:20,9.34,False,False,False,False,False,
RUN-021,VIN-2029608,EV,2026-08-21 06:10:46,10.77,False,False,False,False,False,
RUN-021,VIN-2029609,SUV,2026-08-21 06:12:01,12.03,False,False,False,False,False,
RUN-021,VIN-2029610,SUV,2026-08-21 06:13:30,13.52,False,False,False,False,False,
RUN-021,VIN-2029611,Sedan,2026-08-21 06:14:45,14.75,False,False,False,False,False,
RUN-021,VIN-2029612,Sedan,2026-08-21 06:16:05,16.1,False,False,False,False,False,
RUN-021,VIN-2029613,SUV,2026-08-21 06:17:21,17.35,False,False,False,False,False,
RUN-021,VIN-2029614,Sedan,2026-08-21 06:18:44,18.74,False,False,False,False,False,
RUN-021,VIN-2029615,SUV,2026-08-21 06:20:04,20.07,False,False,False,False,False,
RUN-021,VIN-2029616,Sedan,2026-08-21 06:21:25,21.42,False,False,False,False,False,
RUN-021,VIN-2029617,EV,2026-08-21 06:22:37,22.63,False,False,False,False,False,
RUN-021,VIN-2029618,Sedan,2026-08-21 06:23:58,23.97,False,False,False,False,False,
RUN-021,VIN-2029619,SUV,2026-08-21 06:25:20,25.34,False,False,False,False,False,
RUN-021,VIN-2029620,EV,2026-08-21 06:26:42,26.71,False,False,False,False,False,
RUN-021,VIN-2029621,Sedan,2026-08-21 06:27:59,28.0,False,False,False,False,False,
RUN-021,VIN-2029622,Sedan,2026-08-21 06:29:13,29.22,False,False,False,False,False,
RUN-021,VIN-2029623,Sedan,2026-08-21 06:30:32,30.53,False,False,False,False,False,
RUN-021,VIN-2029624,Sedan,2026-08-21 06:32:01,32.03,False,False,False,False,False,
RUN-021,VIN-2029625,Sedan,2026-08-21 06:33:24,33.41,False,False,False,False,False,
RUN-021,VIN-2029626,Sedan,2026-08-21 06:34:34,34.57,False,False,False,False,False,
RUN-021,VIN-2029627,Sedan,2026-08-21 06:35:57,35.96,False,False,False,False,False,
RUN-021,VIN-2029628,Sedan,2026-08-21 06:37:07,37.12,False,False,False,False,False,
RUN-021,VIN-2029629,SUV,2026-08-21 06:38:42,38.72,False,False,False,False,False,
RUN-021,VIN-2029630,SUV,2026-08-21 06:39:56,39.94,False,False,False,False,False,
RUN-021,VIN-2029631,EV,2026-08-21 06:41:23,41.4,False,True,False,False,True,RUN021-EVT01
RUN-021,VIN-2029632,Sedan,2026-08-21 06:42:41,42.7,False,True,False,False,True,RUN021-EVT01
RUN-021,VIN-2029633,SUV,2026-08-21 06:44:05,44.1,False,True,False,False,True,RUN021-EVT01
RUN-021,VIN-2029634,Sedan,2026-08-21 06:45:25,45.43,False,True,False,False,True,RUN021-EVT01
RUN-021,VIN-2029635,Sedan,2026-08-21 06:46:40,46.67,False,True,False,False,True,RUN021-EVT01
RUN-021,VIN-2029636,Sedan,2026-08-21 06:48:04,48.08,False,True,False,False,True,RUN021-EVT01
RUN-021,VIN-2029637,EV,2026-08-21 06:49:06,49.11,False,True,False,False,True,RUN021-EVT01
RUN-021,VIN-2029638,SUV,2026-08-21 06:50:34,50.58,False,True,False,False,True,RUN021-EVT01
RUN-021,VIN-2029639,SUV,2026-08-21 06:51:58,51.97,False,True,False,False,True,RUN021-EVT01
RUN-021,VIN-2029640,Sedan,2026-08-21 06:53:25,53.42,False,True,False,False,True,RUN021-EVT01
RUN-021,VIN-2029641,Sedan,2026-08-21 06:54:46,54.78,False,True,False,False,True,RUN021-EVT01
RUN-021,VIN-2029642,SUV,2026-08-21 06:56:02,56.04,False,True,False,False,True,RUN021-EVT01
RUN-021,VIN-2029643,SUV,2026-08-21 06:57:14,57.25,False,True,False,False,True,RUN021-EVT01
RUN-021,VIN-2029644,EV,2026-08-21 06:58:33,58.55,False,True,False,False,True,RUN021-EVT01
RUN-021,VIN-2029645,Sedan,2026-08-21 06:59:59,59.99,False,True,False,False,True,RUN021-EVT01
RUN-021,VIN-2029646,Sedan,2026-08-21 07:01:12,61.21,False,True,False,False,True,RUN021-EVT01
RUN-021,VIN-2029647,Sedan,2026-08-21 07:02:39,62.66,False,True,False,False,True,RUN021-EVT01
RUN-021,VIN-2029648,SUV,2026-08-21 07:03:57,63.96,False,True,False,False,True,RUN021-EVT01
RUN-021,VIN-2029649,EV,2026-08-21 07:05:27,65.46,False,True,False,False,True,RUN021-EVT01
RUN-021,VIN-2029650,EV,2026-08-21 07:06:38,66.64,False,True,False,False,True,RUN021-EVT01
RUN-021,VIN-2029651,Sedan,2026-08-21 07:08:05,68.1,False,True,False,False,True,RUN021-EVT01
RUN-021,VIN-2029652,EV,2026-08-21 07:09:16,69.28,False,True,False,False,True,RUN021-EVT01
RUN-021,VIN-2029653,EV,2026-08-21 07:10:43,70.73,False,True,False,False,True,RUN021-EVT01
RUN-021,VIN-2029654,Sedan,2026-08-21 07:11:55,71.93,False,True,False,False,True,RUN021-EVT01
RUN-021,VIN-2029655,SUV,2026-08-21 07:13:18,73.3,False,True,False,False,True,RUN021-EVT01
RUN-021,VIN-2029656,Sedan,2026-08-21 07:14:40,74.68,False,False,False,False,False,
RUN-021,VIN-2029657,Sedan,2026-08-21 07:15:55,75.92,False,False,False,False,False,
RUN-021,VIN-2029658,EV,2026-08-21 07:17:13,77.23,False,False,False,False,False,
RUN-021,VIN-2029659,Sedan,2026-08-21 07:18:38,78.65,False,False,False,False,False,
RUN-021,VIN-2029660,Sedan,2026-08-21 07:19:53,79.9,False,False,False,False,False,
RUN-021,VIN-2029661,Sedan,2026-08-21 07:21:21,81.36,False,False,False,False,False,
RUN-021,VIN-2029662,SUV,2026-08-21 07:22:43,82.73,False,False,False,False,False,
RUN-021,VIN-2029663,Sedan,2026-08-21 07:23:57,83.96,False,False,False,False,False,
RUN-021,VIN-2029664,EV,2026-08-21 07:25:18,85.31,False,False,False,False,False,
RUN-021,VIN-2029665,Sedan,2026-08-21 07:26:43,86.73,False,False,False,False,False,
RUN-021,VIN-2029666,SUV,2026-08-21 07:27:56,87.93,False,False,False,False,False,
RUN-021,VIN-2029667,Sedan,2026-08-21 07:29:24,89.4,False,False,False,False,False,
RUN-021,VIN-2029668,SUV,2026-08-21 07:30:37,90.62,False,False,False,False,False,
RUN-021,VIN-2029669,SUV,2026-08-21 07:31:50,91.84,False,False,False,False,False,
RUN-021,VIN-2029670,SUV,2026-08-21 07:33:26,93.44,False,False,False,False,False,
RUN-021,VIN-2029671,Sedan,2026-08-21 07:34:43,94.73,False,False,False,False,False,
RUN-021,VIN-2029672,Sedan,2026-08-21 07:35:48,95.81,False,False,False,False,False,
RUN-021,VIN-2029673,Sedan,2026-08-21 07:37:21,97.36,False,False,False,False,False,
RUN-021,VIN-2029674,SUV,2026-08-21 07:38:40,98.68,False,False,False,False,False,
RUN-021,VIN-2029675,SUV,2026-08-21 07:40:04,100.08,False,False,False,False,False,
RUN-021,VIN-2029676,SUV,2026-08-21 07:41:14,101.25,False,False,False,False,False,
RUN-021,VIN-2029677,Sedan,2026-08-21 07:42:40,102.68,False,False,False,False,False,
RUN-021,VIN-2029678,SUV,2026-08-21 07:43:55,103.92,False,False,False,False,False,
RUN-021,VIN-2029679,EV,2026-08-21 07:45:16,105.28,False,False,False,False,False,
RUN-021,VIN-2029680,Sedan,2026-08-21 07:46:40,106.68,False,False,False,False,False,
RUN-021,VIN-2029681,Sedan,2026-08-21 07:47:57,107.96,False,False,False,False,False,
RUN-021,VIN-2029682,SUV,2026-08-21 07:49:19,109.33,False,False,False,False,False,
RUN-021,VIN-2029683,Sedan,2026-08-21 07:50:47,110.8,False,False,False,False,False,
RUN-021,VIN-2029684,Sedan,2026-08-21 07:51:59,111.99,False,False,False,False,False,
RUN-021,VIN-2029685,EV,2026-08-21 07:53:22,113.37,False,False,False,False,False,
RUN-021,VIN-2029686,SUV,2026-08-21 07:54:48,114.81,False,False,False,False,False,
RUN-021,VIN-2029687,Sedan,2026-08-21 07:56:01,116.02,False,False,False,False,False,
RUN-021,VIN-2029688,SUV,2026-08-21 07:57:22,117.37,False,False,False,False,False,
RUN-021,VIN-2029689,Sedan,2026-08-21 07:58:37,118.63,False,False,False,False,False,
RUN-021,VIN-2029690,SUV,2026-08-21 07:59:50,119.85,False,False,False,False,False,
RUN-021,VIN-2029691,EV,2026-08-21 08:01:14,121.25,False,False,False,False,False,
RUN-021,VIN-2029692,Sedan,2026-08-21 08:02:41,122.7,False,False,False,False,False,
RUN-021,VIN-2029693,SUV,2026-08-21 08:03:55,123.93,False,False,False,False,False,
RUN-021,VIN-2029694,Sedan,2026-08-21 08:05:21,125.36,False,False,False,False,False,
RUN-021,VIN-2029695,EV,2026-08-21 08:06:34,126.57,False,False,False,False,False,
RUN-021,VIN-2029696,SUV,2026-08-21 08:07:56,127.95,False,False,False,False,False,
RUN-021,VIN-2029697,EV,2026-08-21 08:09:15,129.25,False,False,False,False,False,
RUN-021,VIN-2029698,EV,2026-08-21 08:10:39,130.65,False,False,False,False,False,
RUN-021,VIN-2029699,SUV,2026-08-21 08:12:10,132.18,False,False,False,False,False,
RUN-021,VIN-2029700,Sedan,2026-08-21 08:13:21,133.36,False,False,False,False,False,
RUN-021,VIN-2029701,EV,2026-08-21 08:14:38,134.65,False,False,False,False,False,
RUN-021,VIN-2029702,EV,2026-08-21 08:15:54,135.9,False,False,False,False,False,
RUN-021,VIN-2029703,SUV,2026-08-21 08:17:12,137.21,False,False,False,False,False,
RUN-021,VIN-2029704,Sedan,2026-08-21 08:18:44,138.74,False,False,False,False,False,
RUN-021,VIN-2029705,EV,2026-08-21 08:19:58,139.97,False,False,False,False,False,
RUN-021,VIN-2029706,SUV,2026-08-21 08:21:28,141.47,False,False,False,False,False,
RUN-021,VIN-2029707,Sedan,2026-08-21 08:22:31,142.53,False,False,False,False,False,
RUN-021,VIN-2029708,Sedan,2026-08-21 08:24:00,144.01,False,False,False,False,False,
RUN-021,VIN-2029709,Sedan,2026-08-21 08:25:27,145.45,False,False,False,False,False,
RUN-021,VIN-2029710,Sedan,2026-08-21 08:26:39,146.66,False,False,False,False,False,
RUN-021,VIN-2029711,Sedan,2026-08-21 08:28:04,148.08,False,False,False,False,False,
RUN-021,VIN-2029712,Sedan,2026-08-21 08:29:19,149.33,False,False,False,False,False,
RUN-021,VIN-2029713,SUV,2026-08-21 08:30:31,150.53,False,False,False,False,False,
RUN-021,VIN-2029714,SUV,2026-08-21 08:31:57,151.96,False,False,False,False,False,
RUN-021,VIN-2029715,Sedan,2026-08-21 08:33:15,153.27,False,False,False,False,False,
RUN-021,VIN-2029716,Sedan,2026-08-21 08:34:45,154.76,False,False,False,False,False,
RUN-021,VIN-2029717,SUV,2026-08-21 08:36:04,156.07,False,False,False,False,False,
RUN-021,VIN-2029718,Sedan,2026-08-21 08:37:22,157.38,False,False,False,False,False,
RUN-021,VIN-2029719,Sedan,2026-08-21 08:38:41,158.69,False,False,False,False,False,
RUN-021,VIN-2029720,SUV,2026-08-21 08:40:06,160.1,False,False,False,False,False,
RUN-021,VIN-2029721,EV,2026-08-21 08:41:14,161.24,False,False,False,False,False,
RUN-021,VIN-2029722,SUV,2026-08-21 08:42:36,162.61,False,False,False,False,False,
RUN-021,VIN-2029723,Sedan,2026-08-21 08:44:00,164.01,False,False,False,False,False,
RUN-021,VIN-2029724,Sedan,2026-08-21 08:45:21,165.35,False,False,False,False,False,
RUN-021,VIN-2029725,SUV,2026-08-21 08:46:39,166.66,False,False,False,False,False,
RUN-021,VIN-2029726,SUV,2026-08-21 08:47:55,167.93,False,False,False,False,False,
RUN-021,VIN-2029727,SUV,2026-08-21 08:49:12,169.21,False,False,False,False,False,
RUN-021,VIN-2029728,EV,2026-08-21 08:50:48,170.81,False,False,False,False,False,
RUN-021,VIN-2029729,EV,2026-08-21 08:52:07,172.12,False,False,False,False,False,
RUN-021,VIN-2029730,Sedan,2026-08-21 08:53:18,173.31,False,False,False,False,False,
RUN-021,VIN-2029731,SUV,2026-08-21 08:54:40,174.68,False,False,False,False,False,
RUN-021,VIN-2029732,SUV,2026-08-21 08:55:55,175.93,False,True,False,False,True,RUN021-EVT02
RUN-021,VIN-2029733,Sedan,2026-08-21 08:57:11,177.18,False,True,False,False,True,RUN021-EVT02
RUN-021,VIN-2029734,Sedan,2026-08-21 08:58:43,178.72,False,True,False,False,True,RUN021-EVT02
RUN-021,VIN-2029735,SUV,2026-08-21 09:00:02,180.04,False,True,False,False,True,RUN021-EVT02
RUN-021,VIN-2029736,Sedan,2026-08-21 09:01:25,181.42,False,True,False,False,True,RUN021-EVT02
RUN-021,VIN-2029737,SUV,2026-08-21 09:02:33,182.56,False,True,False,False,True,RUN021-EVT02
RUN-021,VIN-2029738,SUV,2026-08-21 09:03:51,183.86,False,True,False,False,True,RUN021-EVT02
RUN-021,VIN-2029739,SUV,2026-08-21 09:05:20,185.34,False,True,False,False,True,RUN021-EVT02
RUN-021,VIN-2029740,Sedan,2026-08-21 09:06:40,186.68,False,True,False,False,True,RUN021-EVT02
RUN-021,VIN-2029741,EV,2026-08-21 09:08:03,188.07,False,True,False,False,True,RUN021-EVT02
RUN-021,VIN-2029742,SUV,2026-08-21 09:09:18,189.31,False,True,False,False,True,RUN021-EVT02
RUN-021,VIN-2029743,SUV,2026-08-21 09:10:46,190.77,False,True,False,False,True,RUN021-EVT02
RUN-021,VIN-2029744,Sedan,2026-08-21 09:11:55,191.93,False,True,False,False,True,RUN021-EVT02
RUN-021,VIN-2029745,Sedan,2026-08-21 09:13:21,193.36,False,True,False,False,True,RUN021-EVT02
RUN-021,VIN-2029746,Sedan,2026-08-21 09:14:38,194.65,False,True,False,False,True,RUN021-EVT02
RUN-021,VIN-2029747,SUV,2026-08-21 09:16:09,196.16,False,True,False,False,True,RUN021-EVT02
RUN-021,VIN-2029748,SUV,2026-08-21 09:17:24,197.41,False,True,False,False,True,RUN021-EVT02
RUN-021,VIN-2029749,Sedan,2026-08-21 09:18:41,198.69,False,True,False,False,True,RUN021-EVT02
RUN-021,VIN-2029750,Sedan,2026-08-21 09:19:56,199.95,False,True,False,False,True,RUN021-EVT02
RUN-021,VIN-2029751,Sedan,2026-08-21 09:21:22,201.37,False,True,False,False,True,RUN021-EVT02
RUN-021,VIN-2029752,SUV,2026-08-21 09:22:36,202.61,False,True,False,False,True,RUN021-EVT02
RUN-021,VIN-2029753,Sedan,2026-08-21 09:23:56,203.95,False,True,False,False,True,RUN021-EVT02
RUN-021,VIN-2029754,Sedan,2026-08-21 09:25:22,205.38,False,True,False,False,True,RUN021-EVT02
RUN-021,VIN-2029755,SUV,2026-08-21 09:26:43,206.72,False,True,False,False,True,RUN021-EVT02
RUN-021,VIN-2029756,SUV,2026-08-21 09:28:03,208.06,False,True,False,False,True,RUN021-EVT02
RUN-021,VIN-2029757,SUV,2026-08-21 09:29:18,209.3,False,True,False,False,True,RUN021-EVT02
RUN-021,VIN-2029758,SUV,2026-08-21 09:30:38,210.65,False,True,False,False,True,RUN021-EVT02
RUN-021,VIN-2029759,SUV,2026-08-21 09:31:55,211.92,False,True,False,False,True,RUN021-EVT02
RUN-021,VIN-2029760,Sedan,2026-08-21 09:33:10,213.17,False,True,False,False,True,RUN021-EVT02
RUN-021,VIN-2029761,EV,2026-08-21 09:34:46,214.78,False,False,False,False,False,
RUN-021,VIN-2029762,SUV,2026-08-21 09:36:04,216.07,False,False,False,False,False,
RUN-021,VIN-2029763,Sedan,2026-08-21 09:37:19,217.33,False,False,False,False,False,
RUN-021,VIN-2029764,SUV,2026-08-21 09:38:42,218.71,False,False,False,False,False,
RUN-021,VIN-2029765,Sedan,2026-08-21 09:40:11,220.19,False,False,False,False,False,
RUN-021,VIN-2029766,Sedan,2026-08-21 09:41:26,221.44,False,False,False,False,False,
RUN-021,VIN-2029767,SUV,2026-08-21 09:42:42,222.7,False,False,False,False,False,
RUN-021,VIN-2029768,Sedan,2026-08-21 09:43:52,223.88,False,False,False,False,False,
RUN-021,VIN-2029769,EV,2026-08-21 09:45:11,225.19,False,False,False,False,False,
RUN-021,VIN-2029770,EV,2026-08-21 09:46:40,226.67,False,False,False,False,False,
RUN-021,VIN-2029771,Sedan,2026-08-21 09:48:05,228.1,False,False,False,False,False,
RUN-021,VIN-2029772,Sedan,2026-08-21 09:49:18,229.31,False,False,False,False,False,
RUN-021,VIN-2029773,Sedan,2026-08-21 09:50:39,230.66,False,False,False,False,False,
RUN-021,VIN-2029774,EV,2026-08-21 09:51:55,231.93,False,False,False,False,False,
RUN-021,VIN-2029775,EV,2026-08-21 09:53:21,233.36,False,False,False,False,False,
RUN-021,VIN-2029776,Sedan,2026-08-21 09:54:44,234.75,False,False,False,False,False,
RUN-021,VIN-2029777,EV,2026-08-21 09:55:58,235.97,False,False,False,False,False,
RUN-021,VIN-2029778,Sedan,2026-08-21 09:57:24,237.41,False,False,False,False,False,
RUN-021,VIN-2029779,SUV,2026-08-21 09:58:41,238.69,False,False,False,False,False,
RUN-022,VIN-2029780,Sedan,2026-08-22 06:00:00,0.0,False,False,False,False,False,
RUN-022,VIN-2029781,SUV,2026-08-22 06:01:14,1.25,False,False,False,False,False,
RUN-022,VIN-2029782,SUV,2026-08-22 06:02:47,2.79,False,False,False,False,False,
RUN-022,VIN-2029783,Sedan,2026-08-22 06:03:55,3.92,False,False,False,False,False,
RUN-022,VIN-2029784,EV,2026-08-22 06:05:20,5.34,False,False,False,False,False,
RUN-022,VIN-2029785,SUV,2026-08-22 06:06:39,6.66,False,False,False,False,False,
RUN-022,VIN-2029786,Sedan,2026-08-22 06:08:04,8.07,False,False,False,False,False,
RUN-022,VIN-2029787,Sedan,2026-08-22 06:09:25,9.42,False,False,False,False,False,
RUN-022,VIN-2029788,Sedan,2026-08-22 06:10:44,10.75,False,False,False,False,False,
RUN-022,VIN-2029789,Sedan,2026-08-22 06:11:47,11.78,False,False,False,False,False,
RUN-022,VIN-2029790,SUV,2026-08-22 06:13:18,13.31,False,False,False,False,False,
RUN-022,VIN-2029791,Sedan,2026-08-22 06:14:37,14.62,False,False,False,False,False,
RUN-022,VIN-2029792,EV,2026-08-22 06:15:55,15.93,False,False,False,False,False,
RUN-022,VIN-2029793,SUV,2026-08-22 06:17:21,17.35,False,False,False,False,False,
RUN-022,VIN-2029794,EV,2026-08-22 06:18:41,18.69,False,False,False,False,False,
RUN-022,VIN-2029795,EV,2026-08-22 06:19:54,19.91,False,False,False,False,False,
RUN-022,VIN-2029796,SUV,2026-08-22 06:21:16,21.28,False,False,False,False,False,
RUN-022,VIN-2029797,EV,2026-08-22 06:22:39,22.65,False,False,False,False,False,
RUN-022,VIN-2029798,SUV,2026-08-22 06:23:52,23.87,False,False,False,False,False,
RUN-022,VIN-2029799,Sedan,2026-08-22 06:25:21,25.37,False,False,False,False,False,
RUN-022,VIN-2029800,Sedan,2026-08-22 06:26:35,26.59,False,False,False,False,False,
RUN-022,VIN-2029801,Sedan,2026-08-22 06:27:51,27.86,False,False,False,False,False,
RUN-022,VIN-2029802,SUV,2026-08-22 06:29:32,29.54,False,False,False,False,False,
RUN-022,VIN-2029803,Sedan,2026-08-22 06:30:42,30.71,False,False,False,False,False,
RUN-022,VIN-2029804,Sedan,2026-08-22 06:31:53,31.89,False,False,False,False,False,
RUN-022,VIN-2029805,Sedan,2026-08-22 06:33:21,33.37,False,False,False,False,False,
RUN-022,VIN-2029806,Sedan,2026-08-22 06:34:41,34.7,False,False,False,False,False,
RUN-022,VIN-2029807,SUV,2026-08-22 06:36:07,36.12,False,False,False,False,False,
RUN-022,VIN-2029808,Sedan,2026-08-22 06:37:18,37.31,False,False,False,False,False,
RUN-022,VIN-2029809,SUV,2026-08-22 06:38:45,38.76,False,False,False,False,False,
RUN-022,VIN-2029810,Sedan,2026-08-22 06:40:02,40.04,False,False,False,False,False,
RUN-022,VIN-2029811,Sedan,2026-08-22 06:41:12,41.21,False,False,False,False,False,
RUN-022,VIN-2029812,Sedan,2026-08-22 06:42:34,42.57,False,False,False,False,False,
RUN-022,VIN-2029813,SUV,2026-08-22 06:43:57,43.96,False,False,False,False,False,
RUN-022,VIN-2029814,Sedan,2026-08-22 06:45:13,45.23,False,False,False,False,False,
RUN-022,VIN-2029815,SUV,2026-08-22 06:46:50,46.84,False,False,False,False,False,
RUN-022,VIN-2029816,EV,2026-08-22 06:47:53,47.9,False,False,False,False,False,
RUN-022,VIN-2029817,EV,2026-08-22 06:49:22,49.38,False,False,False,False,False,
RUN-022,VIN-2029818,EV,2026-08-22 06:50:47,50.78,False,False,False,False,False,
RUN-022,VIN-2029819,Sedan,2026-08-22 06:52:07,52.12,False,False,False,False,False,
RUN-022,VIN-2029820,Sedan,2026-08-22 06:53:16,53.27,False,False,False,False,False,
RUN-022,VIN-2029821,EV,2026-08-22 06:54:47,54.78,False,False,False,False,False,
RUN-022,VIN-2029822,SUV,2026-08-22 06:56:09,56.15,False,False,False,False,False,
RUN-022,VIN-2029823,Sedan,2026-08-22 06:57:24,57.4,False,False,False,False,False,
RUN-022,VIN-2029824,Sedan,2026-08-22 06:58:45,58.76,False,False,False,False,False,
RUN-022,VIN-2029825,SUV,2026-08-22 07:00:04,60.08,False,False,False,False,False,
RUN-022,VIN-2029826,EV,2026-08-22 07:01:03,61.05,False,False,False,False,False,
RUN-022,VIN-2029827,Sedan,2026-08-22 07:02:39,62.67,False,False,False,False,False,
RUN-022,VIN-2029828,Sedan,2026-08-22 07:03:55,63.93,False,False,False,False,False,
RUN-022,VIN-2029829,EV,2026-08-22 07:05:20,65.34,False,False,False,False,False,
RUN-022,VIN-2029830,Sedan,2026-08-22 07:06:36,66.61,False,False,False,False,False,
RUN-022,VIN-2029831,Sedan,2026-08-22 07:08:02,68.04,False,False,False,False,False,
RUN-022,VIN-2029832,EV,2026-08-22 07:09:20,69.34,False,False,False,False,False,
RUN-022,VIN-2029833,Sedan,2026-08-22 07:10:39,70.65,False,False,False,False,False,
RUN-022,VIN-2029834,SUV,2026-08-22 07:11:59,71.99,False,False,False,False,False,
RUN-022,VIN-2029835,EV,2026-08-22 07:13:26,73.45,False,False,False,False,False,
RUN-022,VIN-2029836,SUV,2026-08-22 07:14:33,74.56,False,False,False,False,False,
RUN-022,VIN-2029837,Sedan,2026-08-22 07:16:10,76.18,False,False,False,False,False,
RUN-022,VIN-2029838,SUV,2026-08-22 07:17:15,77.25,False,False,False,False,False,
RUN-022,VIN-2029839,EV,2026-08-22 07:18:53,78.89,False,False,False,False,False,
RUN-022,VIN-2029840,EV,2026-08-22 07:20:04,80.08,False,False,False,False,False,
RUN-022,VIN-2029841,Sedan,2026-08-22 07:21:14,81.25,False,False,False,False,False,
RUN-022,VIN-2029842,SUV,2026-08-22 07:22:32,82.54,False,False,False,False,False,
RUN-022,VIN-2029843,Sedan,2026-08-22 07:23:52,83.87,False,False,False,False,False,
RUN-022,VIN-2029844,Sedan,2026-08-22 07:25:17,85.29,False,False,False,False,False,
RUN-022,VIN-2029845,Sedan,2026-08-22 07:26:41,86.69,False,False,False,False,False,
RUN-022,VIN-2029846,Sedan,2026-08-22 07:28:05,88.1,False,False,False,False,False,
RUN-022,VIN-2029847,Sedan,2026-08-22 07:29:21,89.36,False,False,False,False,False,
RUN-022,VIN-2029848,EV,2026-08-22 07:30:37,90.62,False,False,False,False,False,
RUN-022,VIN-2029849,Sedan,2026-08-22 07:31:56,91.95,False,False,False,False,False,
RUN-022,VIN-2029850,Sedan,2026-08-22 07:33:17,93.29,False,False,False,False,False,
RUN-022,VIN-2029851,SUV,2026-08-22 07:34:38,94.65,False,False,False,False,False,
RUN-022,VIN-2029852,Sedan,2026-08-22 07:36:05,96.09,False,False,False,False,False,
RUN-022,VIN-2029853,Sedan,2026-08-22 07:37:21,97.35,False,False,False,False,False,
RUN-022,VIN-2029854,Sedan,2026-08-22 07:38:37,98.62,False,False,False,False,False,
RUN-022,VIN-2029855,Sedan,2026-08-22 07:40:00,100.01,False,False,False,False,False,
RUN-022,VIN-2029856,SUV,2026-08-22 07:41:21,101.36,False,False,False,False,False,
RUN-022,VIN-2029857,Sedan,2026-08-22 07:42:34,102.57,False,False,False,False,False,
RUN-022,VIN-2029858,SUV,2026-08-22 07:43:59,104.0,False,False,False,False,False,
RUN-022,VIN-2029859,Sedan,2026-08-22 07:45:26,105.43,False,False,False,False,False,
RUN-022,VIN-2029860,EV,2026-08-22 07:46:40,106.67,False,False,False,False,False,
RUN-022,VIN-2029861,SUV,2026-08-22 07:48:00,108.0,False,False,False,False,False,
RUN-022,VIN-2029862,Sedan,2026-08-22 07:49:23,109.39,False,False,False,False,False,
RUN-022,VIN-2029863,Sedan,2026-08-22 07:50:31,110.52,False,False,False,False,False,
RUN-022,VIN-2029864,Sedan,2026-08-22 07:51:52,111.88,False,False,False,False,False,
RUN-022,VIN-2029865,SUV,2026-08-22 07:53:10,113.18,False,False,False,False,False,
RUN-022,VIN-2029866,Sedan,2026-08-22 07:54:38,114.64,False,False,False,False,False,
RUN-022,VIN-2029867,SUV,2026-08-22 07:56:00,116.02,False,False,False,False,False,
RUN-022,VIN-2029868,SUV,2026-08-22 07:57:21,117.36,False,False,False,False,False,
RUN-022,VIN-2029869,Sedan,2026-08-22 07:58:40,118.67,False,False,False,False,False,
RUN-022,VIN-2029870,Sedan,2026-08-22 08:00:04,120.08,False,False,False,False,False,
RUN-022,VIN-2029871,EV,2026-08-22 08:01:13,121.23,False,False,False,False,False,
RUN-022,VIN-2029872,Sedan,2026-08-22 08:02:43,122.73,False,False,False,False,False,
RUN-022,VIN-2029873,Sedan,2026-08-22 08:04:08,124.14,False,False,False,False,False,
RUN-022,VIN-2029874,SUV,2026-08-22 08:05:26,125.45,False,False,False,False,False,
RUN-022,VIN-2029875,Sedan,2026-08-22 08:06:37,126.63,False,False,False,False,False,
RUN-022,VIN-2029876,Sedan,2026-08-22 08:08:02,128.05,False,False,False,False,False,
RUN-022,VIN-2029877,Sedan,2026-08-22 08:09:17,129.29,False,False,False,False,False,
RUN-022,VIN-2029878,Sedan,2026-08-22 08:10:40,130.67,False,False,False,False,False,
RUN-022,VIN-2029879,Sedan,2026-08-22 08:11:57,131.96,False,False,False,False,False,
RUN-022,VIN-2029880,SUV,2026-08-22 08:13:17,133.29,False,False,False,False,False,
RUN-022,VIN-2029881,EV,2026-08-22 08:14:42,134.71,False,False,False,False,False,
RUN-022,VIN-2029882,Sedan,2026-08-22 08:16:02,136.05,False,False,False,False,False,
RUN-022,VIN-2029883,Sedan,2026-08-22 08:17:15,137.26,False,False,False,False,False,
RUN-022,VIN-2029884,Sedan,2026-08-22 08:18:44,138.74,False,False,False,False,False,
RUN-022,VIN-2029885,Sedan,2026-08-22 08:19:48,139.81,False,False,False,False,False,
RUN-022,VIN-2029886,Sedan,2026-08-22 08:21:22,141.38,False,False,False,False,False,
RUN-022,VIN-2029887,EV,2026-08-22 08:22:45,142.76,False,False,False,False,False,
RUN-022,VIN-2029888,EV,2026-08-22 08:24:04,144.07,False,True,False,False,True,RUN022-EVT01
RUN-022,VIN-2029889,SUV,2026-08-22 08:25:13,145.23,False,True,False,False,True,RUN022-EVT01
RUN-022,VIN-2029890,Sedan,2026-08-22 08:26:40,146.68,False,True,False,False,True,RUN022-EVT01
RUN-022,VIN-2029891,EV,2026-08-22 08:27:58,147.98,False,True,False,False,True,RUN022-EVT01
RUN-022,VIN-2029892,Sedan,2026-08-22 08:29:16,149.27,False,True,False,False,True,RUN022-EVT01
RUN-022,VIN-2029893,EV,2026-08-22 08:30:35,150.59,False,True,False,False,True,RUN022-EVT01
RUN-022,VIN-2029894,EV,2026-08-22 08:32:04,152.08,False,True,False,False,True,RUN022-EVT01
RUN-022,VIN-2029895,Sedan,2026-08-22 08:33:10,153.18,False,True,False,False,True,RUN022-EVT01
RUN-022,VIN-2029896,SUV,2026-08-22 08:34:50,154.84,False,True,False,False,True,RUN022-EVT01
RUN-022,VIN-2029897,SUV,2026-08-22 08:35:57,155.97,False,True,False,False,True,RUN022-EVT01
RUN-022,VIN-2029898,Sedan,2026-08-22 08:37:29,157.48,False,True,False,False,True,RUN022-EVT01
RUN-022,VIN-2029899,SUV,2026-08-22 08:38:32,158.54,False,True,False,False,True,RUN022-EVT01
RUN-022,VIN-2029900,Sedan,2026-08-22 08:39:54,159.92,False,True,False,False,True,RUN022-EVT01
RUN-022,VIN-2029901,Sedan,2026-08-22 08:41:21,161.35,False,True,False,False,True,RUN022-EVT01
RUN-022,VIN-2029902,Sedan,2026-08-22 08:42:46,162.77,False,True,False,False,True,RUN022-EVT01
RUN-022,VIN-2029903,Sedan,2026-08-22 08:44:02,164.04,False,True,False,False,True,RUN022-EVT01
RUN-022,VIN-2029904,Sedan,2026-08-22 08:45:18,165.31,False,True,False,False,True,RUN022-EVT01
RUN-022,VIN-2029905,Sedan,2026-08-22 08:46:35,166.59,False,True,False,False,True,RUN022-EVT01
RUN-022,VIN-2029906,SUV,2026-08-22 08:47:58,167.97,False,True,False,False,True,RUN022-EVT01
RUN-022,VIN-2029907,Sedan,2026-08-22 08:49:16,169.27,False,True,False,False,True,RUN022-EVT01
RUN-022,VIN-2029908,SUV,2026-08-22 08:50:42,170.71,False,True,False,False,True,RUN022-EVT01
RUN-022,VIN-2029909,Sedan,2026-08-22 08:52:00,172.0,False,True,False,False,True,RUN022-EVT01
RUN-022,VIN-2029910,SUV,2026-08-22 08:53:27,173.46,False,True,False,False,True,RUN022-EVT01
RUN-022,VIN-2029911,EV,2026-08-22 08:54:37,174.62,False,True,False,False,True,RUN022-EVT01
RUN-022,VIN-2029912,SUV,2026-08-22 08:56:02,176.04,False,True,False,False,True,RUN022-EVT01
RUN-022,VIN-2029913,EV,2026-08-22 08:57:19,177.32,False,True,False,False,True,RUN022-EVT01
RUN-022,VIN-2029914,Sedan,2026-08-22 08:58:39,178.66,False,True,False,False,True,RUN022-EVT01
RUN-022,VIN-2029915,Sedan,2026-08-22 09:00:01,180.02,False,True,False,False,True,RUN022-EVT01
RUN-022,VIN-2029916,Sedan,2026-08-22 09:01:19,181.33,False,True,False,False,True,RUN022-EVT01
RUN-022,VIN-2029917,SUV,2026-08-22 09:02:48,182.81,False,True,False,False,True,RUN022-EVT01
RUN-022,VIN-2029918,EV,2026-08-22 09:03:59,183.99,False,True,False,False,True,RUN022-EVT01
RUN-022,VIN-2029919,SUV,2026-08-22 09:05:26,185.45,False,True,False,False,True,RUN022-EVT01
RUN-022,VIN-2029920,Sedan,2026-08-22 09:06:38,186.64,False,True,False,False,True,RUN022-EVT01
RUN-022,VIN-2029921,Sedan,2026-08-22 09:08:01,188.03,False,True,False,False,True,RUN022-EVT01
RUN-022,VIN-2029922,Sedan,2026-08-22 09:09:21,189.36,False,True,False,False,True,RUN022-EVT01
RUN-022,VIN-2029923,SUV,2026-08-22 09:10:30,190.5,False,True,False,False,True,RUN022-EVT01
RUN-022,VIN-2029924,EV,2026-08-22 09:11:57,191.96,False,True,False,False,True,RUN022-EVT01
RUN-022,VIN-2029925,Sedan,2026-08-22 09:13:22,193.37,False,True,False,False,True,RUN022-EVT01
RUN-022,VIN-2029926,Sedan,2026-08-22 09:14:46,194.77,False,False,False,False,False,
RUN-022,VIN-2029927,SUV,2026-08-22 09:15:49,195.82,False,False,False,False,False,
RUN-022,VIN-2029928,Sedan,2026-08-22 09:17:19,197.33,False,False,False,False,False,
RUN-022,VIN-2029929,SUV,2026-08-22 09:18:45,198.76,False,False,False,False,False,
RUN-022,VIN-2029930,SUV,2026-08-22 09:20:13,200.23,False,False,False,False,False,
RUN-022,VIN-2029931,Sedan,2026-08-22 09:21:24,201.4,False,False,False,False,False,
RUN-022,VIN-2029932,Sedan,2026-08-22 09:22:43,202.73,False,False,False,False,False,
RUN-022,VIN-2029933,SUV,2026-08-22 09:23:58,203.98,False,False,False,False,False,
RUN-022,VIN-2029934,SUV,2026-08-22 09:25:10,205.17,False,False,False,False,False,
RUN-022,VIN-2029935,SUV,2026-08-22 09:26:43,206.72,False,False,False,False,False,
RUN-022,VIN-2029936,Sedan,2026-08-22 09:28:15,208.25,False,False,False,False,False,
RUN-022,VIN-2029937,Sedan,2026-08-22 09:29:17,209.29,False,False,False,False,False,
RUN-022,VIN-2029938,SUV,2026-08-22 09:30:39,210.66,False,False,False,False,False,
RUN-022,VIN-2029939,SUV,2026-08-22 09:32:03,212.06,False,False,False,False,False,
RUN-022,VIN-2029940,Sedan,2026-08-22 09:33:29,213.5,False,False,False,False,False,
RUN-022,VIN-2029941,Sedan,2026-08-22 09:34:35,214.6,False,False,False,False,False,
RUN-022,VIN-2029942,Sedan,2026-08-22 09:36:01,216.02,False,False,False,False,False,
RUN-022,VIN-2029943,Sedan,2026-08-22 09:37:17,217.29,False,False,False,False,False,
RUN-022,VIN-2029944,Sedan,2026-08-22 09:38:39,218.65,False,False,False,False,False,
RUN-022,VIN-2029945,Sedan,2026-08-22 09:39:58,219.98,False,False,False,False,False,
RUN-022,VIN-2029946,SUV,2026-08-22 09:41:26,221.44,False,False,False,False,False,
RUN-022,VIN-2029947,SUV,2026-08-22 09:42:49,222.82,False,False,False,False,False,
RUN-022,VIN-2029948,Sedan,2026-08-22 09:43:59,224.0,False,False,False,False,False,
RUN-022,VIN-2029949,Sedan,2026-08-22 09:45:22,225.38,False,False,False,False,False,
RUN-022,VIN-2029950,SUV,2026-08-22 09:46:34,226.57,False,False,False,False,False,
RUN-022,VIN-2029951,Sedan,2026-08-22 09:47:52,227.87,False,False,False,False,False,
RUN-022,VIN-2029952,Sedan,2026-08-22 09:49:24,229.41,False,False,False,False,False,
RUN-022,VIN-2029953,Sedan,2026-08-22 09:50:46,230.77,False,False,False,False,False,
RUN-022,VIN-2029954,Sedan,2026-08-22 09:52:00,232.0,False,False,False,False,False,
RUN-022,VIN-2029955,Sedan,2026-08-22 09:53:20,233.34,False,False,False,False,False,
RUN-022,VIN-2029956,SUV,2026-08-22 09:54:20,234.35,False,False,False,False,False,
RUN-022,VIN-2029957,EV,2026-08-22 09:56:04,236.07,False,False,False,False,False,
RUN-022,VIN-2029958,Sedan,2026-08-22 09:57:21,237.37,False,False,False,False,False,
RUN-022,VIN-2029959,SUV,2026-08-22 09:58:37,238.63,False,False,False,False,False,
RUN-023,VIN-2029960,SUV,2026-08-23 06:00:00,0.0,False,False,False,False,False,
RUN-023,VIN-2029961,SUV,2026-08-23 06:01:26,1.45,False,False,False,False,False,
RUN-023,VIN-2029962,Sedan,2026-08-23 06:02:37,2.63,False,False,False,False,False,
RUN-023,VIN-2029963,SUV,2026-08-23 06:04:07,4.13,False,False,False,False,False,
RUN-023,VIN-2029964,SUV,2026-08-23 06:05:17,5.3,False,False,False,False,False,
RUN-023,VIN-2029965,Sedan,2026-08-23 06:06:45,6.76,False,False,False,False,False,
RUN-023,VIN-2029966,Sedan,2026-08-23 06:07:54,7.9,False,False,False,False,False,
RUN-023,VIN-2029967,SUV,2026-08-23 06:09:17,9.29,False,False,False,False,False,
RUN-023,VIN-2029968,SUV,2026-08-23 06:10:40,10.68,False,False,False,False,False,
RUN-023,VIN-2029969,SUV,2026-08-23 06:11:54,11.91,False,False,False,False,False,
RUN-023,VIN-2029970,SUV,2026-08-23 06:13:28,13.48,False,False,False,False,False,
RUN-023,VIN-2029971,SUV,2026-08-23 06:14:40,14.68,False,False,False,False,False,
RUN-023,VIN-2029972,Sedan,2026-08-23 06:16:00,16.0,False,True,False,False,True,RUN023-EVT01
RUN-023,VIN-2029973,Sedan,2026-08-23 06:17:14,17.23,False,True,False,False,True,RUN023-EVT01
RUN-023,VIN-2029974,SUV,2026-08-23 06:18:45,18.76,False,True,False,False,True,RUN023-EVT01
RUN-023,VIN-2029975,Sedan,2026-08-23 06:20:07,20.13,False,True,False,False,True,RUN023-EVT01
RUN-023,VIN-2029976,SUV,2026-08-23 06:21:24,21.4,False,True,False,False,True,RUN023-EVT01
RUN-023,VIN-2029977,Sedan,2026-08-23 06:22:34,22.57,False,True,False,False,True,RUN023-EVT01
RUN-023,VIN-2029978,SUV,2026-08-23 06:24:08,24.14,False,True,False,False,True,RUN023-EVT01
RUN-023,VIN-2029979,Sedan,2026-08-23 06:25:10,25.17,False,True,False,False,True,RUN023-EVT01
RUN-023,VIN-2029980,Sedan,2026-08-23 06:26:42,26.71,False,True,False,False,True,RUN023-EVT01
RUN-023,VIN-2029981,SUV,2026-08-23 06:28:01,28.02,False,True,False,False,True,RUN023-EVT01
RUN-023,VIN-2029982,Sedan,2026-08-23 06:29:16,29.28,False,True,False,False,True,RUN023-EVT01
RUN-023,VIN-2029983,Sedan,2026-08-23 06:30:45,30.76,False,True,False,False,True,RUN023-EVT01
RUN-023,VIN-2029984,SUV,2026-08-23 06:32:03,32.06,False,True,False,False,True,RUN023-EVT01
RUN-023,VIN-2029985,SUV,2026-08-23 06:33:14,33.23,False,True,False,False,True,RUN023-EVT01
RUN-023,VIN-2029986,EV,2026-08-23 06:34:48,34.8,False,True,False,False,True,RUN023-EVT01
RUN-023,VIN-2029987,EV,2026-08-23 06:35:57,35.97,False,True,False,False,True,RUN023-EVT01
RUN-023,VIN-2029988,SUV,2026-08-23 06:37:23,37.39,False,True,False,False,True,RUN023-EVT01
RUN-023,VIN-2029989,Sedan,2026-08-23 06:38:34,38.57,False,True,False,False,True,RUN023-EVT01
RUN-023,VIN-2029990,Sedan,2026-08-23 06:40:04,40.07,False,True,False,False,True,RUN023-EVT01
RUN-023,VIN-2029991,SUV,2026-08-23 06:41:13,41.22,False,True,False,False,True,RUN023-EVT01
RUN-023,VIN-2029992,Sedan,2026-08-23 06:42:37,42.63,False,True,False,False,True,RUN023-EVT01
RUN-023,VIN-2029993,Sedan,2026-08-23 06:44:06,44.1,False,True,False,False,True,RUN023-EVT01
RUN-023,VIN-2029994,Sedan,2026-08-23 06:45:07,45.13,False,True,False,False,True,RUN023-EVT01
RUN-023,VIN-2029995,Sedan,2026-08-23 06:46:33,46.56,False,True,False,False,True,RUN023-EVT01
RUN-023,VIN-2029996,Sedan,2026-08-23 06:48:01,48.02,False,True,False,False,True,RUN023-EVT01
RUN-023,VIN-2029997,Sedan,2026-08-23 06:49:21,49.36,False,True,False,False,True,RUN023-EVT01
RUN-023,VIN-2029998,SUV,2026-08-23 06:50:38,50.65,False,True,False,False,True,RUN023-EVT01
RUN-023,VIN-2029999,Sedan,2026-08-23 06:52:03,52.06,False,True,False,False,True,RUN023-EVT01
RUN-023,VIN-2030000,Sedan,2026-08-23 06:53:16,53.28,False,True,False,False,True,RUN023-EVT01
RUN-023,VIN-2030001,Sedan,2026-08-23 06:54:51,54.85,False,True,False,False,True,RUN023-EVT01
RUN-023,VIN-2030002,EV,2026-08-23 06:55:56,55.95,False,True,False,False,True,RUN023-EVT01
RUN-023,VIN-2030003,Sedan,2026-08-23 06:57:16,57.27,False,True,False,False,True,RUN023-EVT01
RUN-023,VIN-2030004,SUV,2026-08-23 06:58:38,58.65,False,True,False,False,True,RUN023-EVT01
RUN-023,VIN-2030005,SUV,2026-08-23 06:59:58,59.98,False,True,False,False,True,RUN023-EVT01
RUN-023,VIN-2030006,Sedan,2026-08-23 07:01:27,61.45,False,True,False,False,True,RUN023-EVT01
RUN-023,VIN-2030007,EV,2026-08-23 07:02:37,62.63,False,True,False,False,True,RUN023-EVT01
RUN-023,VIN-2030008,SUV,2026-08-23 07:04:02,64.04,False,True,False,False,True,RUN023-EVT01
RUN-023,VIN-2030009,SUV,2026-08-23 07:05:22,65.37,False,True,False,False,True,RUN023-EVT01
RUN-023,VIN-2030010,SUV,2026-08-23 07:06:40,66.68,False,True,False,False,True,RUN023-EVT01
RUN-023,VIN-2030011,Sedan,2026-08-23 07:08:00,68.02,False,True,False,False,True,RUN023-EVT01
RUN-023,VIN-2030012,EV,2026-08-23 07:09:15,69.26,False,True,False,False,True,RUN023-EVT01
RUN-023,VIN-2030013,Sedan,2026-08-23 07:10:36,70.61,False,True,False,False,True,RUN023-EVT01
RUN-023,VIN-2030014,Sedan,2026-08-23 07:11:54,71.91,False,True,False,False,True,RUN023-EVT01
RUN-023,VIN-2030015,SUV,2026-08-23 07:13:21,73.35,False,True,False,False,True,RUN023-EVT01
RUN-023,VIN-2030016,SUV,2026-08-23 07:14:27,74.46,False,True,False,False,True,RUN023-EVT01
RUN-023,VIN-2030017,EV,2026-08-23 07:16:03,76.06,False,False,False,False,False,
RUN-023,VIN-2030018,Sedan,2026-08-23 07:17:22,77.38,False,False,False,False,False,
RUN-023,VIN-2030019,SUV,2026-08-23 07:18:43,78.72,False,False,False,False,False,
RUN-023,VIN-2030020,EV,2026-08-23 07:19:50,79.85,False,False,False,False,False,
RUN-023,VIN-2030021,Sedan,2026-08-23 07:21:21,81.35,False,False,False,False,False,
RUN-023,VIN-2030022,Sedan,2026-08-23 07:22:45,82.77,False,False,False,False,False,
RUN-023,VIN-2030023,Sedan,2026-08-23 07:23:56,83.94,False,False,False,False,False,
RUN-023,VIN-2030024,Sedan,2026-08-23 07:25:11,85.19,False,False,False,False,False,
RUN-023,VIN-2030025,Sedan,2026-08-23 07:26:40,86.68,False,False,False,False,False,
RUN-023,VIN-2030026,SUV,2026-08-23 07:27:56,87.93,False,False,False,False,False,
RUN-023,VIN-2030027,SUV,2026-08-23 07:29:13,89.22,False,False,False,False,False,
RUN-023,VIN-2030028,Sedan,2026-08-23 07:30:37,90.62,False,False,False,False,False,
RUN-023,VIN-2030029,EV,2026-08-23 07:31:57,91.95,False,False,False,False,False,
RUN-023,VIN-2030030,Sedan,2026-08-23 07:33:17,93.29,False,False,False,False,False,
RUN-023,VIN-2030031,EV,2026-08-23 07:34:42,94.72,False,False,False,False,False,
RUN-023,VIN-2030032,EV,2026-08-23 07:35:58,95.98,False,False,False,False,False,
RUN-023,VIN-2030033,SUV,2026-08-23 07:37:19,97.32,False,False,False,False,False,
RUN-023,VIN-2030034,Sedan,2026-08-23 07:38:47,98.8,False,False,False,False,False,
RUN-023,VIN-2030035,SUV,2026-08-23 07:40:06,100.11,False,False,False,False,False,
RUN-023,VIN-2030036,SUV,2026-08-23 07:41:21,101.36,False,False,False,False,False,
RUN-023,VIN-2030037,SUV,2026-08-23 07:42:41,102.68,False,False,False,False,False,
RUN-023,VIN-2030038,SUV,2026-08-23 07:43:50,103.84,False,False,False,False,False,
RUN-023,VIN-2030039,SUV,2026-08-23 07:45:20,105.34,False,False,False,False,False,
RUN-023,VIN-2030040,Sedan,2026-08-23 07:46:45,106.76,False,False,False,False,False,
RUN-023,VIN-2030041,SUV,2026-08-23 07:47:57,107.96,False,False,False,False,False,
RUN-023,VIN-2030042,SUV,2026-08-23 07:49:21,109.36,False,False,False,False,False,
RUN-023,VIN-2030043,Sedan,2026-08-23 07:50:35,110.59,False,False,False,False,False,
RUN-023,VIN-2030044,SUV,2026-08-23 07:52:06,112.11,False,False,False,False,False,
RUN-023,VIN-2030045,Sedan,2026-08-23 07:53:14,113.24,False,False,False,False,False,
RUN-023,VIN-2030046,Sedan,2026-08-23 07:54:49,114.82,False,False,False,False,False,
RUN-023,VIN-2030047,SUV,2026-08-23 07:56:00,116.01,False,False,False,False,False,
RUN-023,VIN-2030048,SUV,2026-08-23 07:57:16,117.28,False,False,False,False,False,
RUN-023,VIN-2030049,Sedan,2026-08-23 07:58:40,118.68,False,False,False,False,False,
RUN-023,VIN-2030050,Sedan,2026-08-23 07:59:51,119.85,False,False,False,False,False,
RUN-023,VIN-2030051,SUV,2026-08-23 08:01:17,121.29,False,False,False,False,False,
RUN-023,VIN-2030052,EV,2026-08-23 08:02:36,122.61,False,False,False,False,False,
RUN-023,VIN-2030053,EV,2026-08-23 08:03:59,123.98,False,False,False,False,False,
RUN-023,VIN-2030054,EV,2026-08-23 08:05:15,125.25,False,False,False,False,False,
RUN-023,VIN-2030055,SUV,2026-08-23 08:06:36,126.61,False,False,False,False,False,
RUN-023,VIN-2030056,SUV,2026-08-23 08:07:58,127.97,False,False,False,False,False,
RUN-023,VIN-2030057,EV,2026-08-23 08:09:14,129.24,False,False,False,False,False,
RUN-023,VIN-2030058,SUV,2026-08-23 08:10:42,130.7,False,False,False,False,False,
RUN-023,VIN-2030059,Sedan,2026-08-23 08:11:57,131.96,False,False,False,False,False,
RUN-023,VIN-2030060,Sedan,2026-08-23 08:13:13,133.23,False,False,False,False,False,
RUN-023,VIN-2030061,EV,2026-08-23 08:14:43,134.73,False,False,False,False,False,
RUN-023,VIN-2030062,Sedan,2026-08-23 08:16:01,136.03,False,False,False,False,False,
RUN-023,VIN-2030063,Sedan,2026-08-23 08:17:27,137.47,False,False,False,False,False,
RUN-023,VIN-2030064,SUV,2026-08-23 08:18:27,138.46,False,False,False,False,False,
RUN-023,VIN-2030065,Sedan,2026-08-23 08:19:58,139.98,False,False,False,False,False,
RUN-023,VIN-2030066,SUV,2026-08-23 08:21:14,141.25,False,False,False,False,False,
RUN-023,VIN-2030067,Sedan,2026-08-23 08:22:28,142.48,False,False,False,False,False,
RUN-023,VIN-2030068,Sedan,2026-08-23 08:24:05,144.08,False,False,False,False,False,
RUN-023,VIN-2030069,EV,2026-08-23 08:25:22,145.38,False,False,False,False,False,
RUN-023,VIN-2030070,EV,2026-08-23 08:26:44,146.74,False,False,False,False,False,
RUN-023,VIN-2030071,EV,2026-08-23 08:27:54,147.9,False,False,False,False,False,
RUN-023,VIN-2030072,EV,2026-08-23 08:29:25,149.42,False,False,False,False,False,
RUN-023,VIN-2030073,EV,2026-08-23 08:30:44,150.75,False,False,False,False,False,
RUN-023,VIN-2030074,SUV,2026-08-23 08:32:07,152.12,False,False,False,False,False,
RUN-023,VIN-2030075,SUV,2026-08-23 08:33:21,153.35,False,False,False,False,False,
RUN-023,VIN-2030076,EV,2026-08-23 08:34:37,154.62,False,False,False,False,False,
RUN-023,VIN-2030077,SUV,2026-08-23 08:35:59,155.99,False,False,False,False,False,
RUN-023,VIN-2030078,Sedan,2026-08-23 08:37:23,157.4,False,False,False,False,False,
RUN-023,VIN-2030079,SUV,2026-08-23 08:38:45,158.76,False,False,False,False,False,
RUN-023,VIN-2030080,Sedan,2026-08-23 08:40:02,160.05,False,False,False,False,False,
RUN-023,VIN-2030081,Sedan,2026-08-23 08:41:21,161.36,False,False,False,False,False,
RUN-023,VIN-2030082,Sedan,2026-08-23 08:42:32,162.53,False,False,False,False,False,
RUN-023,VIN-2030083,SUV,2026-08-23 08:43:59,163.99,False,False,False,False,False,
RUN-023,VIN-2030084,EV,2026-08-23 08:45:22,165.38,False,False,False,False,False,
RUN-023,VIN-2030085,Sedan,2026-08-23 08:46:49,166.83,False,False,False,False,False,
RUN-023,VIN-2030086,Sedan,2026-08-23 08:48:08,168.15,False,False,False,False,False,
RUN-023,VIN-2030087,SUV,2026-08-23 08:49:11,169.2,False,False,False,False,False,
RUN-023,VIN-2030088,Sedan,2026-08-23 08:50:33,170.56,False,False,False,False,False,
RUN-023,VIN-2030089,EV,2026-08-23 08:51:54,171.91,False,False,False,False,False,
RUN-023,VIN-2030090,SUV,2026-08-23 08:53:16,173.28,False,False,False,False,False,
RUN-023,VIN-2030091,EV,2026-08-23 08:54:37,174.63,False,False,False,False,False,
RUN-023,VIN-2030092,Sedan,2026-08-23 08:56:02,176.04,False,False,False,False,False,
RUN-023,VIN-2030093,Sedan,2026-08-23 08:57:17,177.3,False,False,False,False,False,
RUN-023,VIN-2030094,EV,2026-08-23 08:58:31,178.53,False,False,False,False,False,
RUN-023,VIN-2030095,Sedan,2026-08-23 08:59:55,179.92,False,False,False,False,False,
RUN-023,VIN-2030096,Sedan,2026-08-23 09:01:23,181.39,False,False,False,False,False,
RUN-023,VIN-2030097,Sedan,2026-08-23 09:02:43,182.72,False,False,False,False,False,
RUN-023,VIN-2030098,EV,2026-08-23 09:03:51,183.87,False,False,False,False,False,
RUN-023,VIN-2030099,Sedan,2026-08-23 09:05:24,185.41,False,False,False,False,False,
RUN-023,VIN-2030100,SUV,2026-08-23 09:06:36,186.6,False,False,False,False,False,
RUN-023,VIN-2030101,Sedan,2026-08-23 09:08:05,188.09,False,False,False,False,False,
RUN-023,VIN-2030102,SUV,2026-08-23 09:09:26,189.44,False,False,False,False,False,
RUN-023,VIN-2030103,EV,2026-08-23 09:10:40,190.68,False,False,False,False,False,
RUN-023,VIN-2030104,SUV,2026-08-23 09:12:01,192.03,False,False,False,False,False,
RUN-023,VIN-2030105,SUV,2026-08-23 09:13:22,193.38,False,False,False,False,False,
RUN-023,VIN-2030106,Sedan,2026-08-23 09:14:42,194.71,False,False,False,False,False,
RUN-023,VIN-2030107,Sedan,2026-08-23 09:15:58,195.97,False,False,False,False,False,
RUN-023,VIN-2030108,SUV,2026-08-23 09:17:23,197.39,False,False,False,False,False,
RUN-023,VIN-2030109,SUV,2026-08-23 09:18:41,198.69,False,False,False,False,False,
RUN-023,VIN-2030110,EV,2026-08-23 09:19:52,199.88,False,False,False,False,False,
RUN-023,VIN-2030111,Sedan,2026-08-23 09:21:17,201.3,False,False,False,False,False,
RUN-023,VIN-2030112,Sedan,2026-08-23 09:22:29,202.49,False,False,False,False,False,
RUN-023,VIN-2030113,SUV,2026-08-23 09:24:03,204.06,False,False,False,False,False,
RUN-023,VIN-2030114,Sedan,2026-08-23 09:25:13,205.22,False,False,False,False,False,
RUN-023,VIN-2030115,SUV,2026-08-23 09:26:35,206.59,False,False,False,False,False,
RUN-023,VIN-2030116,Sedan,2026-08-23 09:28:00,208.02,False,False,False,False,False,
RUN-023,VIN-2030117,Sedan,2026-08-23 09:29:20,209.35,False,False,False,False,False,
RUN-023,VIN-2030118,Sedan,2026-08-23 09:30:35,210.59,False,False,False,False,False,
RUN-023,VIN-2030119,SUV,2026-08-23 09:31:58,211.97,False,False,False,False,False,
RUN-023,VIN-2030120,Sedan,2026-08-23 09:33:16,213.27,False,False,False,False,False,
RUN-023,VIN-2030121,Sedan,2026-08-23 09:34:40,214.67,False,False,False,False,False,
RUN-023,VIN-2030122,Sedan,2026-08-23 09:36:01,216.03,False,False,False,False,False,
RUN-023,VIN-2030123,Sedan,2026-08-23 09:37:21,217.37,False,False,False,False,False,
RUN-023,VIN-2030124,Sedan,2026-08-23 09:38:41,218.69,False,False,False,False,False,
RUN-023,VIN-2030125,SUV,2026-08-23 09:40:00,220.0,False,False,False,False,False,
RUN-023,VIN-2030126,Sedan,2026-08-23 09:41:15,221.27,False,False,False,False,False,
RUN-023,VIN-2030127,EV,2026-08-23 09:42:36,222.61,False,False,False,False,False,
RUN-023,VIN-2030128,Sedan,2026-08-23 09:44:01,224.03,False,False,False,False,False,
RUN-023,VIN-2030129,Sedan,2026-08-23 09:45:17,225.29,False,False,False,False,False,
RUN-023,VIN-2030130,Sedan,2026-08-23 09:46:31,226.53,False,False,False,False,False,
RUN-023,VIN-2030131,Sedan,2026-08-23 09:48:06,228.11,False,False,False,False,False,
RUN-023,VIN-2030132,Sedan,2026-08-23 09:49:23,229.39,False,False,False,False,False,
RUN-023,VIN-2030133,SUV,2026-08-23 09:50:39,230.65,False,False,False,False,False,
RUN-023,VIN-2030134,Sedan,2026-08-23 09:51:53,231.9,False,False,False,False,False,
RUN-023,VIN-2030135,Sedan,2026-08-23 09:53:17,233.29,False,False,False,False,False,
RUN-023,VIN-2030136,SUV,2026-08-23 09:54:42,234.7,False,False,False,False,False,
RUN-023,VIN-2030137,SUV,2026-08-23 09:55:51,235.86,False,False,False,False,False,
RUN-023,VIN-2030138,SUV,2026-08-23 09:57:18,237.32,False,False,False,False,False,
RUN-023,VIN-2030139,EV,2026-08-23 09:58:48,238.81,False,False,False,False,False,
RUN-024,VIN-2030140,Sedan,2026-08-24 06:00:00,0.0,False,False,False,False,False,
RUN-024,VIN-2030141,Sedan,2026-08-24 06:01:15,1.25,False,False,False,False,False,
RUN-024,VIN-2030142,SUV,2026-08-24 06:02:37,2.62,False,False,False,False,False,
RUN-024,VIN-2030143,SUV,2026-08-24 06:03:56,3.94,False,False,False,False,False,
RUN-024,VIN-2030144,SUV,2026-08-24 06:05:27,5.45,False,False,False,False,False,
RUN-024,VIN-2030145,EV,2026-08-24 06:06:35,6.59,False,False,False,False,False,
RUN-024,VIN-2030146,Sedan,2026-08-24 06:07:59,7.98,False,False,False,False,False,
RUN-024,VIN-2030147,SUV,2026-08-24 06:09:17,9.29,False,False,False,False,False,
RUN-024,VIN-2030148,SUV,2026-08-24 06:10:44,10.75,False,False,False,False,False,
RUN-024,VIN-2030149,Sedan,2026-08-24 06:11:56,11.95,False,False,False,False,False,
RUN-024,VIN-2030150,SUV,2026-08-24 06:13:22,13.38,False,False,False,False,False,
RUN-024,VIN-2030151,Sedan,2026-08-24 06:14:37,14.63,False,False,False,False,False,
RUN-024,VIN-2030152,SUV,2026-08-24 06:15:59,15.99,False,False,False,False,False,
RUN-024,VIN-2030153,Sedan,2026-08-24 06:17:30,17.51,False,False,False,False,False,
RUN-024,VIN-2030154,EV,2026-08-24 06:18:39,18.67,False,False,False,False,False,
RUN-024,VIN-2030155,Sedan,2026-08-24 06:20:03,20.06,False,False,False,False,False,
RUN-024,VIN-2030156,Sedan,2026-08-24 06:21:19,21.33,False,False,False,False,False,
RUN-024,VIN-2030157,SUV,2026-08-24 06:22:31,22.53,False,False,False,False,False,
RUN-024,VIN-2030158,Sedan,2026-08-24 06:23:59,23.98,False,False,False,False,False,
RUN-024,VIN-2030159,SUV,2026-08-24 06:25:17,25.3,False,False,False,False,False,
RUN-024,VIN-2030160,EV,2026-08-24 06:26:41,26.69,False,False,False,False,False,
RUN-024,VIN-2030161,Sedan,2026-08-24 06:28:06,28.11,False,False,False,False,False,
RUN-024,VIN-2030162,SUV,2026-08-24 06:29:30,29.5,False,False,False,False,False,
RUN-024,VIN-2030163,SUV,2026-08-24 06:30:39,30.65,False,False,False,False,False,
RUN-024,VIN-2030164,Sedan,2026-08-24 06:31:57,31.96,False,False,False,False,False,
RUN-024,VIN-2030165,SUV,2026-08-24 06:33:20,33.34,False,False,False,False,False,
RUN-024,VIN-2030166,Sedan,2026-08-24 06:34:40,34.67,False,False,False,False,False,
RUN-024,VIN-2030167,SUV,2026-08-24 06:36:02,36.03,False,False,False,False,False,
RUN-024,VIN-2030168,SUV,2026-08-24 06:37:23,37.38,False,False,False,False,False,
RUN-024,VIN-2030169,EV,2026-08-24 06:38:31,38.52,False,False,False,False,False,
RUN-024,VIN-2030170,Sedan,2026-08-24 06:40:00,40.01,False,False,False,False,False,
RUN-024,VIN-2030171,Sedan,2026-08-24 06:41:21,41.35,False,False,False,False,False,
RUN-024,VIN-2030172,EV,2026-08-24 06:42:31,42.53,False,False,False,False,False,
RUN-024,VIN-2030173,Sedan,2026-08-24 06:43:56,43.94,False,False,False,False,False,
RUN-024,VIN-2030174,SUV,2026-08-24 06:45:23,45.38,False,False,False,False,False,
RUN-024,VIN-2030175,SUV,2026-08-24 06:46:44,46.74,False,False,False,False,False,
RUN-024,VIN-2030176,SUV,2026-08-24 06:48:01,48.03,False,False,False,False,False,
RUN-024,VIN-2030177,EV,2026-08-24 06:49:29,49.49,False,False,False,False,False,
RUN-024,VIN-2030178,Sedan,2026-08-24 06:50:39,50.66,False,False,False,False,False,
RUN-024,VIN-2030179,Sedan,2026-08-24 06:51:57,51.96,False,False,False,False,False,
RUN-024,VIN-2030180,SUV,2026-08-24 06:53:17,53.3,False,False,False,False,False,
RUN-024,VIN-2030181,SUV,2026-08-24 06:54:36,54.61,False,False,False,False,False,
RUN-024,VIN-2030182,EV,2026-08-24 06:55:53,55.9,False,False,False,False,False,
RUN-024,VIN-2030183,EV,2026-08-24 06:57:19,57.32,False,False,False,False,False,
RUN-024,VIN-2030184,EV,2026-08-24 06:58:38,58.65,False,False,False,False,False,
RUN-024,VIN-2030185,Sedan,2026-08-24 06:59:57,59.96,False,False,False,False,False,
RUN-024,VIN-2030186,Sedan,2026-08-24 07:01:22,61.38,False,False,False,False,False,
RUN-024,VIN-2030187,EV,2026-08-24 07:02:38,62.64,False,False,False,False,False,
RUN-024,VIN-2030188,Sedan,2026-08-24 07:03:59,63.99,False,False,False,False,False,
RUN-024,VIN-2030189,Sedan,2026-08-24 07:05:15,65.25,False,False,False,False,False,
RUN-024,VIN-2030190,SUV,2026-08-24 07:06:37,66.63,False,False,False,False,False,
RUN-024,VIN-2030191,Sedan,2026-08-24 07:07:55,67.93,False,False,False,False,False,
RUN-024,VIN-2030192,Sedan,2026-08-24 07:09:18,69.31,False,False,False,False,False,
RUN-024,VIN-2030193,EV,2026-08-24 07:10:40,70.67,False,False,False,False,False,
RUN-024,VIN-2030194,Sedan,2026-08-24 07:12:05,72.09,False,False,False,False,False,
RUN-024,VIN-2030195,EV,2026-08-24 07:13:16,73.28,False,False,False,False,False,
RUN-024,VIN-2030196,Sedan,2026-08-24 07:14:23,74.4,False,False,False,False,False,
RUN-024,VIN-2030197,SUV,2026-08-24 07:16:01,76.03,False,False,False,False,False,
RUN-024,VIN-2030198,SUV,2026-08-24 07:17:27,77.46,False,False,False,False,False,
RUN-024,VIN-2030199,Sedan,2026-08-24 07:18:50,78.84,False,False,False,False,False,
RUN-024,VIN-2030200,SUV,2026-08-24 07:20:01,80.02,False,False,False,False,False,
RUN-024,VIN-2030201,Sedan,2026-08-24 07:21:16,81.28,False,False,False,False,False,
RUN-024,VIN-2030202,Sedan,2026-08-24 07:22:33,82.56,False,False,False,False,False,
RUN-024,VIN-2030203,Sedan,2026-08-24 07:24:05,84.09,False,False,False,False,False,
RUN-024,VIN-2030204,Sedan,2026-08-24 07:25:17,85.29,False,False,False,False,False,
RUN-024,VIN-2030205,EV,2026-08-24 07:26:44,86.74,False,False,False,False,False,
RUN-024,VIN-2030206,SUV,2026-08-24 07:28:04,88.07,False,False,False,False,False,
RUN-024,VIN-2030207,SUV,2026-08-24 07:29:14,89.23,False,False,False,False,False,
RUN-024,VIN-2030208,Sedan,2026-08-24 07:30:34,90.58,False,False,False,False,False,
RUN-024,VIN-2030209,Sedan,2026-08-24 07:32:04,92.07,False,False,False,False,False,
RUN-024,VIN-2030210,SUV,2026-08-24 07:33:15,93.26,False,False,False,False,False,
RUN-024,VIN-2030211,SUV,2026-08-24 07:34:47,94.78,False,False,False,False,False,
RUN-024,VIN-2030212,Sedan,2026-08-24 07:36:01,96.03,False,False,False,False,False,
RUN-024,VIN-2030213,Sedan,2026-08-24 07:37:15,97.27,False,False,False,False,False,
RUN-024,VIN-2030214,Sedan,2026-08-24 07:38:32,98.53,False,False,False,False,False,
RUN-024,VIN-2030215,Sedan,2026-08-24 07:39:49,99.82,False,False,False,False,False,
RUN-024,VIN-2030216,Sedan,2026-08-24 07:41:26,101.44,False,False,False,False,False,
RUN-024,VIN-2030217,SUV,2026-08-24 07:42:41,102.69,False,False,False,False,False,
RUN-024,VIN-2030218,Sedan,2026-08-24 07:44:00,104.01,False,False,False,False,False,
RUN-024,VIN-2030219,Sedan,2026-08-24 07:45:19,105.33,False,False,False,False,False,
RUN-024,VIN-2030220,Sedan,2026-08-24 07:46:44,106.75,False,False,False,False,False,
RUN-024,VIN-2030221,SUV,2026-08-24 07:48:03,108.06,False,False,False,False,False,
RUN-024,VIN-2030222,Sedan,2026-08-24 07:49:14,109.25,False,False,False,False,False,
RUN-024,VIN-2030223,Sedan,2026-08-24 07:50:38,110.64,False,False,False,False,False,
RUN-024,VIN-2030224,SUV,2026-08-24 07:51:49,111.82,False,False,False,False,False,
RUN-024,VIN-2030225,SUV,2026-08-24 07:53:16,113.27,False,False,False,False,False,
RUN-024,VIN-2030226,Sedan,2026-08-24 07:54:39,114.67,False,False,False,False,False,
RUN-024,VIN-2030227,EV,2026-08-24 07:55:54,115.91,False,False,False,False,False,
RUN-024,VIN-2030228,EV,2026-08-24 07:57:26,117.43,False,False,False,False,False,
RUN-024,VIN-2030229,SUV,2026-08-24 07:58:39,118.66,False,False,False,False,False,
RUN-024,VIN-2030230,SUV,2026-08-24 08:00:00,120.0,False,False,False,False,False,
RUN-024,VIN-2030231,SUV,2026-08-24 08:01:21,121.37,False,False,False,False,False,
RUN-024,VIN-2030232,Sedan,2026-08-24 08:02:38,122.64,False,False,False,False,False,
RUN-024,VIN-2030233,SUV,2026-08-24 08:03:58,123.97,False,False,False,False,False,
RUN-024,VIN-2030234,SUV,2026-08-24 08:05:23,125.4,False,False,False,False,False,
RUN-024,VIN-2030235,Sedan,2026-08-24 08:06:31,126.53,False,False,False,False,False,
RUN-024,VIN-2030236,Sedan,2026-08-24 08:08:03,128.05,False,False,False,False,False,
RUN-024,VIN-2030237,Sedan,2026-08-24 08:09:13,129.23,False,False,False,False,False,
RUN-024,VIN-2030238,SUV,2026-08-24 08:10:38,130.64,False,False,False,False,False,
RUN-024,VIN-2030239,Sedan,2026-08-24 08:12:03,132.06,False,False,False,False,False,
RUN-024,VIN-2030240,Sedan,2026-08-24 08:13:25,133.42,False,False,False,False,False,
RUN-024,VIN-2030241,Sedan,2026-08-24 08:14:46,134.77,False,False,False,False,False,
RUN-024,VIN-2030242,EV,2026-08-24 08:16:04,136.07,False,False,False,False,False,
RUN-024,VIN-2030243,EV,2026-08-24 08:17:30,137.51,False,True,False,False,True,RUN024-EVT01
RUN-024,VIN-2030244,Sedan,2026-08-24 08:18:40,138.67,False,True,False,False,True,RUN024-EVT01
RUN-024,VIN-2030245,SUV,2026-08-24 08:19:59,139.99,False,True,False,False,True,RUN024-EVT01
RUN-024,VIN-2030246,SUV,2026-08-24 08:21:24,141.41,False,True,False,False,True,RUN024-EVT01
RUN-024,VIN-2030247,Sedan,2026-08-24 08:22:38,142.63,False,True,False,False,True,RUN024-EVT01
RUN-024,VIN-2030248,EV,2026-08-24 08:23:58,143.98,False,True,False,False,True,RUN024-EVT01
RUN-024,VIN-2030249,SUV,2026-08-24 08:25:17,145.29,False,True,False,False,True,RUN024-EVT01
RUN-024,VIN-2030250,Sedan,2026-08-24 08:26:40,146.68,False,True,False,False,True,RUN024-EVT01
RUN-024,VIN-2030251,SUV,2026-08-24 08:27:59,148.0,False,True,False,False,True,RUN024-EVT01
RUN-024,VIN-2030252,SUV,2026-08-24 08:29:18,149.31,False,True,False,False,True,RUN024-EVT01
RUN-024,VIN-2030253,Sedan,2026-08-24 08:30:44,150.74,False,True,False,False,True,RUN024-EVT01
RUN-024,VIN-2030254,Sedan,2026-08-24 08:32:05,152.1,False,True,False,False,True,RUN024-EVT01
RUN-024,VIN-2030255,Sedan,2026-08-24 08:33:22,153.37,False,True,False,False,True,RUN024-EVT01
RUN-024,VIN-2030256,EV,2026-08-24 08:34:40,154.68,False,True,False,False,True,RUN024-EVT01
RUN-024,VIN-2030257,Sedan,2026-08-24 08:36:02,156.04,False,True,False,False,True,RUN024-EVT01
RUN-024,VIN-2030258,SUV,2026-08-24 08:37:18,157.3,False,True,False,False,True,RUN024-EVT01
RUN-024,VIN-2030259,Sedan,2026-08-24 08:38:35,158.59,False,True,False,False,True,RUN024-EVT01
RUN-024,VIN-2030260,Sedan,2026-08-24 08:40:09,160.16,False,True,False,False,True,RUN024-EVT01
RUN-024,VIN-2030261,Sedan,2026-08-24 08:41:15,161.25,False,True,False,False,True,RUN024-EVT01
RUN-024,VIN-2030262,Sedan,2026-08-24 08:42:44,162.75,False,True,False,False,True,RUN024-EVT01
RUN-024,VIN-2030263,SUV,2026-08-24 08:43:56,163.95,False,True,False,False,True,RUN024-EVT01
RUN-024,VIN-2030264,Sedan,2026-08-24 08:45:17,165.29,False,True,False,False,True,RUN024-EVT01
RUN-024,VIN-2030265,EV,2026-08-24 08:46:43,166.73,False,True,False,False,True,RUN024-EVT01
RUN-024,VIN-2030266,Sedan,2026-08-24 08:47:54,167.9,False,True,False,False,True,RUN024-EVT01
RUN-024,VIN-2030267,Sedan,2026-08-24 08:49:24,169.41,False,True,False,False,True,RUN024-EVT01
RUN-024,VIN-2030268,Sedan,2026-08-24 08:50:53,170.89,False,True,False,False,True,RUN024-EVT01
RUN-024,VIN-2030269,Sedan,2026-08-24 08:51:46,171.78,False,True,False,False,True,RUN024-EVT01
RUN-024,VIN-2030270,EV,2026-08-24 08:53:21,173.36,False,True,False,False,True,RUN024-EVT01
RUN-024,VIN-2030271,Sedan,2026-08-24 08:54:36,174.61,False,True,False,False,True,RUN024-EVT01
RUN-024,VIN-2030272,SUV,2026-08-24 08:56:04,176.08,False,True,False,False,True,RUN024-EVT01
RUN-024,VIN-2030273,Sedan,2026-08-24 08:57:10,177.18,False,True,False,False,True,RUN024-EVT01
RUN-024,VIN-2030274,Sedan,2026-08-24 08:58:34,178.58,False,True,False,False,True,RUN024-EVT01
RUN-024,VIN-2030275,Sedan,2026-08-24 09:00:03,180.06,False,True,False,False,True,RUN024-EVT01
RUN-024,VIN-2030276,SUV,2026-08-24 09:01:14,181.24,False,True,False,False,True,RUN024-EVT01
RUN-024,VIN-2030277,SUV,2026-08-24 09:02:39,182.65,False,True,False,False,True,RUN024-EVT01
RUN-024,VIN-2030278,Sedan,2026-08-24 09:03:57,183.96,False,True,False,False,True,RUN024-EVT01
RUN-024,VIN-2030279,EV,2026-08-24 09:05:26,185.44,False,True,False,False,True,RUN024-EVT01
RUN-024,VIN-2030280,SUV,2026-08-24 09:06:44,186.74,False,True,False,False,True,RUN024-EVT01
RUN-024,VIN-2030281,EV,2026-08-24 09:07:58,187.97,False,True,False,False,True,RUN024-EVT01
RUN-024,VIN-2030282,Sedan,2026-08-24 09:09:21,189.36,False,True,False,False,True,RUN024-EVT01
RUN-024,VIN-2030283,SUV,2026-08-24 09:10:44,190.74,False,True,False,False,True,RUN024-EVT01
RUN-024,VIN-2030284,EV,2026-08-24 09:12:07,192.13,False,True,False,False,True,RUN024-EVT01
RUN-024,VIN-2030285,Sedan,2026-08-24 09:13:22,193.38,False,True,False,False,True,RUN024-EVT01
RUN-024,VIN-2030286,SUV,2026-08-24 09:14:44,194.74,False,True,False,False,True,RUN024-EVT01
RUN-024,VIN-2030287,EV,2026-08-24 09:15:56,195.94,False,False,False,False,False,
RUN-024,VIN-2030288,Sedan,2026-08-24 09:17:21,197.36,False,False,False,False,False,
RUN-024,VIN-2030289,EV,2026-08-24 09:18:35,198.59,False,False,False,False,False,
RUN-024,VIN-2030290,SUV,2026-08-24 09:20:05,200.1,False,False,False,False,False,
RUN-024,VIN-2030291,Sedan,2026-08-24 09:21:14,201.25,False,False,False,False,False,
RUN-024,VIN-2030292,SUV,2026-08-24 09:22:46,202.77,False,False,False,False,False,
RUN-024,VIN-2030293,Sedan,2026-08-24 09:23:52,203.87,False,False,False,False,False,
RUN-024,VIN-2030294,SUV,2026-08-24 09:25:16,205.28,False,False,False,False,False,
RUN-024,VIN-2030295,SUV,2026-08-24 09:26:38,206.65,False,False,False,False,False,
RUN-024,VIN-2030296,SUV,2026-08-24 09:28:00,208.01,False,False,False,False,False,
RUN-024,VIN-2030297,Sedan,2026-08-24 09:29:16,209.28,False,False,False,False,False,
RUN-024,VIN-2030298,SUV,2026-08-24 09:30:41,210.69,False,False,False,False,False,
RUN-024,VIN-2030299,SUV,2026-08-24 09:32:09,212.17,False,False,False,False,False,
RUN-024,VIN-2030300,Sedan,2026-08-24 09:33:22,213.37,False,False,False,False,False,
RUN-024,VIN-2030301,SUV,2026-08-24 09:34:39,214.65,False,False,False,False,False,
RUN-024,VIN-2030302,Sedan,2026-08-24 09:35:58,215.98,False,False,False,False,False,
RUN-024,VIN-2030303,Sedan,2026-08-24 09:37:20,217.35,False,False,False,False,False,
RUN-024,VIN-2030304,SUV,2026-08-24 09:38:45,218.76,False,False,False,False,False,
RUN-024,VIN-2030305,SUV,2026-08-24 09:40:02,220.04,False,False,False,False,False,
RUN-024,VIN-2030306,SUV,2026-08-24 09:41:22,221.38,False,False,False,False,False,
RUN-024,VIN-2030307,Sedan,2026-08-24 09:42:42,222.7,False,False,False,False,False,
RUN-024,VIN-2030308,EV,2026-08-24 09:43:58,223.97,False,False,False,False,False,
RUN-024,VIN-2030309,Sedan,2026-08-24 09:45:19,225.32,False,False,False,False,False,
RUN-024,VIN-2030310,Sedan,2026-08-24 09:46:38,226.64,False,False,False,False,False,
RUN-024,VIN-2030311,SUV,2026-08-24 09:47:54,227.9,False,False,False,False,False,
RUN-024,VIN-2030312,SUV,2026-08-24 09:49:24,229.41,False,False,False,False,False,
RUN-024,VIN-2030313,SUV,2026-08-24 09:50:36,230.61,False,False,False,False,False,
RUN-024,VIN-2030314,EV,2026-08-24 09:51:58,231.98,False,False,False,False,False,
RUN-024,VIN-2030315,Sedan,2026-08-24 09:53:24,233.4,False,False,False,False,False,
RUN-024,VIN-2030316,SUV,2026-08-24 09:54:48,234.81,False,False,False,False,False,
RUN-024,VIN-2030317,SUV,2026-08-24 09:55:52,235.87,False,False,False,False,False,
RUN-024,VIN-2030318,SUV,2026-08-24 09:57:13,237.23,False,False,False,False,False,
RUN-024,VIN-2030319,SUV,2026-08-24 09:58:39,238.65,False,False,False,False,False,
RUN-025,VIN-2030320,Sedan,2026-08-25 06:00:04,0.07,False,False,False,False,False,
RUN-025,VIN-2030321,EV,2026-08-25 06:01:16,1.28,False,False,False,False,False,
RUN-025,VIN-2030322,SUV,2026-08-25 06:02:41,2.69,False,False,False,False,False,
RUN-025,VIN-2030323,EV,2026-08-25 06:03:51,3.86,False,False,False,False,False,
RUN-025,VIN-2030324,Sedan,2026-08-25 06:05:25,5.43,False,False,False,False,False,
RUN-025,VIN-2030325,Sedan,2026-08-25 06:06:45,6.76,False,False,False,False,False,
RUN-025,VIN-2030326,Sedan,2026-08-25 06:07:53,7.9,True,False,False,False,False,RUN025-EVT03
RUN-025,VIN-2030327,Sedan,2026-08-25 06:09:24,9.4,True,False,False,False,False,RUN025-EVT03
RUN-025,VIN-2030328,Sedan,2026-08-25 06:10:42,10.71,True,False,False,False,False,RUN025-EVT03
RUN-025,VIN-2030329,SUV,2026-08-25 06:12:02,12.04,True,False,False,False,False,RUN025-EVT03
RUN-025,VIN-2030330,Sedan,2026-08-25 06:13:18,13.31,True,False,False,False,False,RUN025-EVT03
RUN-025,VIN-2030331,Sedan,2026-08-25 06:14:36,14.61,True,False,False,False,False,RUN025-EVT03
RUN-025,VIN-2030332,Sedan,2026-08-25 06:15:59,15.99,True,False,False,False,False,RUN025-EVT03
RUN-025,VIN-2030333,SUV,2026-08-25 06:17:23,17.4,True,False,False,False,False,RUN025-EVT03
RUN-025,VIN-2030334,SUV,2026-08-25 06:18:43,18.73,True,False,False,False,False,RUN025-EVT03
RUN-025,VIN-2030335,SUV,2026-08-25 06:20:02,20.05,True,False,False,False,False,RUN025-EVT03
RUN-025,VIN-2030336,SUV,2026-08-25 06:21:34,21.57,True,False,False,False,False,RUN025-EVT03
RUN-025,VIN-2030337,Sedan,2026-08-25 06:22:33,22.56,True,False,False,False,False,RUN025-EVT03
RUN-025,VIN-2030338,Sedan,2026-08-25 06:24:06,24.11,True,False,False,False,False,RUN025-EVT03
RUN-025,VIN-2030339,EV,2026-08-25 06:25:13,25.23,True,False,False,False,False,RUN025-EVT03
RUN-025,VIN-2030340,EV,2026-08-25 06:26:44,26.74,True,False,False,False,False,RUN025-EVT03
RUN-025,VIN-2030341,Sedan,2026-08-25 06:28:05,28.1,True,False,False,False,False,RUN025-EVT03
RUN-025,VIN-2030342,SUV,2026-08-25 06:29:12,29.2,True,False,False,False,False,RUN025-EVT03
RUN-025,VIN-2030343,Sedan,2026-08-25 06:30:42,30.71,True,False,False,False,False,RUN025-EVT03
RUN-025,VIN-2030344,EV,2026-08-25 06:32:04,32.08,True,False,False,False,False,RUN025-EVT03
RUN-025,VIN-2030345,SUV,2026-08-25 06:33:25,33.42,True,False,False,False,False,RUN025-EVT03
RUN-025,VIN-2030346,Sedan,2026-08-25 06:34:35,34.6,True,False,False,False,False,RUN025-EVT03
RUN-025,VIN-2030347,Sedan,2026-08-25 06:35:59,35.99,True,False,False,False,False,RUN025-EVT03
RUN-025,VIN-2030348,Sedan,2026-08-25 06:37:21,37.36,True,False,False,False,False,RUN025-EVT03
RUN-025,VIN-2030349,Sedan,2026-08-25 06:38:41,38.69,True,False,False,False,False,RUN025-EVT03
RUN-025,VIN-2030350,Sedan,2026-08-25 06:40:01,40.03,True,False,False,False,False,RUN025-EVT03
RUN-025,VIN-2030351,SUV,2026-08-25 06:41:27,41.47,True,False,False,False,False,RUN025-EVT03
RUN-025,VIN-2030352,Sedan,2026-08-25 06:42:46,42.78,True,False,False,False,False,RUN025-EVT03
RUN-025,VIN-2030353,Sedan,2026-08-25 06:44:04,44.07,True,False,False,False,False,RUN025-EVT03
RUN-025,VIN-2030354,Sedan,2026-08-25 06:45:20,45.35,True,False,False,False,False,RUN025-EVT03
RUN-025,VIN-2030355,SUV,2026-08-25 06:46:53,46.9,True,False,False,False,False,RUN025-EVT03
RUN-025,VIN-2030356,SUV,2026-08-25 06:47:56,47.95,True,False,False,False,False,RUN025-EVT03
RUN-025,VIN-2030357,Sedan,2026-08-25 06:49:20,49.34,True,False,False,False,False,RUN025-EVT03
RUN-025,VIN-2030358,Sedan,2026-08-25 06:50:39,50.66,True,False,False,False,False,RUN025-EVT03
RUN-025,VIN-2030359,SUV,2026-08-25 06:52:03,52.06,True,False,False,False,False,RUN025-EVT03
RUN-025,VIN-2030360,SUV,2026-08-25 06:53:15,53.27,True,False,False,False,False,RUN025-EVT03
RUN-025,VIN-2030361,SUV,2026-08-25 06:54:43,54.73,True,False,False,False,False,RUN025-EVT03
RUN-025,VIN-2030362,SUV,2026-08-25 06:55:56,55.94,True,False,False,False,False,RUN025-EVT03
RUN-025,VIN-2030363,Sedan,2026-08-25 06:57:07,57.12,True,False,False,False,False,RUN025-EVT03
RUN-025,VIN-2030364,EV,2026-08-25 06:58:41,58.69,False,False,False,False,False,
RUN-025,VIN-2030365,Sedan,2026-08-25 07:00:06,60.12,False,False,False,False,False,
RUN-025,VIN-2030366,SUV,2026-08-25 07:01:20,61.33,False,False,False,False,False,
RUN-025,VIN-2030367,Sedan,2026-08-25 07:02:41,62.69,False,False,False,False,False,
RUN-025,VIN-2030368,SUV,2026-08-25 07:03:59,63.99,False,False,False,False,False,
RUN-025,VIN-2030369,SUV,2026-08-25 07:05:24,65.41,False,False,False,False,False,
RUN-025,VIN-2030370,SUV,2026-08-25 07:06:36,66.61,False,False,False,False,False,
RUN-025,VIN-2030371,Sedan,2026-08-25 07:07:56,67.93,False,False,False,False,False,
RUN-025,VIN-2030372,Sedan,2026-08-25 07:09:17,69.29,False,False,False,False,False,
RUN-025,VIN-2030373,Sedan,2026-08-25 07:10:38,70.63,False,False,False,False,False,
RUN-025,VIN-2030374,Sedan,2026-08-25 07:12:12,72.21,False,False,False,False,False,
RUN-025,VIN-2030375,Sedan,2026-08-25 07:13:20,73.35,False,False,False,False,False,
RUN-025,VIN-2030376,SUV,2026-08-25 07:14:32,74.55,False,False,False,False,False,
RUN-025,VIN-2030377,Sedan,2026-08-25 07:16:07,76.12,False,False,False,False,False,
RUN-025,VIN-2030378,EV,2026-08-25 07:17:19,77.32,False,False,False,False,False,
RUN-025,VIN-2030379,Sedan,2026-08-25 07:18:39,78.66,False,False,False,False,False,
RUN-025,VIN-2030380,SUV,2026-08-25 07:20:02,80.05,False,False,False,True,True,RUN025-EVT02
RUN-025,VIN-2030381,SUV,2026-08-25 07:21:20,81.34,False,False,False,True,True,RUN025-EVT02
RUN-025,VIN-2030382,SUV,2026-08-25 07:22:45,82.75,False,False,False,True,True,RUN025-EVT02
RUN-025,VIN-2030383,Sedan,2026-08-25 07:23:55,83.92,False,False,False,True,True,RUN025-EVT02
RUN-025,VIN-2030384,EV,2026-08-25 07:25:14,85.24,False,False,False,True,True,RUN025-EVT02
RUN-025,VIN-2030385,SUV,2026-08-25 07:26:48,86.81,False,False,False,True,True,RUN025-EVT02
RUN-025,VIN-2030386,SUV,2026-08-25 07:27:59,88.0,False,False,False,True,True,RUN025-EVT02
RUN-025,VIN-2030387,SUV,2026-08-25 07:29:24,89.41,False,False,False,True,True,RUN025-EVT02
RUN-025,VIN-2030388,SUV,2026-08-25 07:30:40,90.68,False,False,False,True,True,RUN025-EVT02
RUN-025,VIN-2030389,EV,2026-08-25 07:31:49,91.82,False,False,False,True,True,RUN025-EVT02
RUN-025,VIN-2030390,Sedan,2026-08-25 07:33:16,93.27,False,False,False,True,True,RUN025-EVT02
RUN-025,VIN-2030391,SUV,2026-08-25 07:34:44,94.75,False,False,False,True,True,RUN025-EVT02
RUN-025,VIN-2030392,Sedan,2026-08-25 07:35:59,95.99,False,False,False,True,True,RUN025-EVT02
RUN-025,VIN-2030393,Sedan,2026-08-25 07:37:22,97.38,False,False,False,True,True,RUN025-EVT02
RUN-025,VIN-2030394,EV,2026-08-25 07:38:45,98.76,False,False,False,True,True,RUN025-EVT02
RUN-025,VIN-2030395,EV,2026-08-25 07:39:56,99.95,False,False,False,True,True,RUN025-EVT02
RUN-025,VIN-2030396,EV,2026-08-25 07:41:24,101.41,False,False,False,False,False,
RUN-025,VIN-2030397,Sedan,2026-08-25 07:42:39,102.66,False,False,False,False,False,
RUN-025,VIN-2030398,Sedan,2026-08-25 07:44:03,104.06,False,False,False,False,False,
RUN-025,VIN-2030399,Sedan,2026-08-25 07:45:24,105.41,False,False,False,False,False,
RUN-025,VIN-2030400,SUV,2026-08-25 07:46:44,106.74,False,False,False,False,False,
RUN-025,VIN-2030401,SUV,2026-08-25 07:47:57,107.96,False,False,False,False,False,
RUN-025,VIN-2030402,EV,2026-08-25 07:49:18,109.31,False,False,False,False,False,
RUN-025,VIN-2030403,SUV,2026-08-25 07:50:40,110.68,False,False,False,False,False,
RUN-025,VIN-2030404,Sedan,2026-08-25 07:52:00,112.01,False,False,False,False,False,
RUN-025,VIN-2030405,SUV,2026-08-25 07:53:26,113.44,False,False,False,False,False,
RUN-025,VIN-2030406,Sedan,2026-08-25 07:54:43,114.73,False,False,False,False,False,
RUN-025,VIN-2030407,EV,2026-08-25 07:55:57,115.96,False,False,False,False,False,
RUN-025,VIN-2030408,EV,2026-08-25 07:57:17,117.28,False,False,False,False,False,
RUN-025,VIN-2030409,Sedan,2026-08-25 07:58:38,118.64,False,False,False,False,False,
RUN-025,VIN-2030410,Sedan,2026-08-25 08:00:01,120.03,False,False,False,False,False,
RUN-025,VIN-2030411,SUV,2026-08-25 08:01:22,121.38,False,False,False,False,False,
RUN-025,VIN-2030412,Sedan,2026-08-25 08:02:40,122.67,False,False,False,False,False,
RUN-025,VIN-2030413,Sedan,2026-08-25 08:03:46,123.78,False,False,False,False,False,
RUN-025,VIN-2030414,Sedan,2026-08-25 08:05:17,125.3,False,False,False,False,False,
RUN-025,VIN-2030415,Sedan,2026-08-25 08:06:39,126.66,False,False,False,False,False,
RUN-025,VIN-2030416,SUV,2026-08-25 08:07:48,127.8,False,False,False,False,False,
RUN-025,VIN-2030417,SUV,2026-08-25 08:09:18,129.3,False,False,False,False,False,
RUN-025,VIN-2030418,Sedan,2026-08-25 08:10:40,130.68,False,False,False,False,False,
RUN-025,VIN-2030419,Sedan,2026-08-25 08:11:57,131.95,False,False,False,False,False,
RUN-025,VIN-2030420,EV,2026-08-25 08:13:19,133.32,False,False,False,False,False,
RUN-025,VIN-2030421,Sedan,2026-08-25 08:14:35,134.58,False,False,False,False,False,
RUN-025,VIN-2030422,Sedan,2026-08-25 08:15:52,135.87,False,False,False,False,False,
RUN-025,VIN-2030423,Sedan,2026-08-25 08:17:24,137.42,False,False,False,False,False,
RUN-025,VIN-2030424,Sedan,2026-08-25 08:18:36,138.61,False,False,False,False,False,
RUN-025,VIN-2030425,SUV,2026-08-25 08:19:55,139.93,False,False,False,False,False,
RUN-025,VIN-2030426,Sedan,2026-08-25 08:21:23,141.39,False,False,False,False,False,
RUN-025,VIN-2030427,SUV,2026-08-25 08:22:40,142.67,False,False,False,False,False,
RUN-025,VIN-2030428,SUV,2026-08-25 08:24:03,144.05,False,False,False,False,False,
RUN-025,VIN-2030429,Sedan,2026-08-25 08:25:24,145.41,False,False,False,False,False,
RUN-025,VIN-2030430,SUV,2026-08-25 08:26:41,146.69,False,False,False,False,False,
RUN-025,VIN-2030431,SUV,2026-08-25 08:28:03,148.06,False,False,False,False,False,
RUN-025,VIN-2030432,Sedan,2026-08-25 08:29:21,149.37,False,False,False,False,False,
RUN-025,VIN-2030433,Sedan,2026-08-25 08:30:33,150.56,False,False,False,False,False,
RUN-025,VIN-2030434,SUV,2026-08-25 08:32:10,152.17,False,True,False,False,True,RUN025-EVT01
RUN-025,VIN-2030435,Sedan,2026-08-25 08:33:25,153.43,False,True,False,False,True,RUN025-EVT01
RUN-025,VIN-2030436,EV,2026-08-25 08:34:33,154.55,False,True,False,False,True,RUN025-EVT01
RUN-025,VIN-2030437,Sedan,2026-08-25 08:35:53,155.89,False,True,False,False,True,RUN025-EVT01
RUN-025,VIN-2030438,Sedan,2026-08-25 08:37:27,157.46,False,True,False,False,True,RUN025-EVT01
RUN-025,VIN-2030439,SUV,2026-08-25 08:38:37,158.62,False,True,False,False,True,RUN025-EVT01
RUN-025,VIN-2030440,SUV,2026-08-25 08:40:00,160.02,False,True,False,False,True,RUN025-EVT01
RUN-025,VIN-2030441,SUV,2026-08-25 08:41:17,161.29,False,True,False,False,True,RUN025-EVT01
RUN-025,VIN-2030442,Sedan,2026-08-25 08:42:37,162.63,False,True,False,False,True,RUN025-EVT01
RUN-025,VIN-2030443,SUV,2026-08-25 08:43:55,163.93,False,True,False,False,True,RUN025-EVT01
RUN-025,VIN-2030444,Sedan,2026-08-25 08:45:20,165.35,False,True,False,False,True,RUN025-EVT01
RUN-025,VIN-2030445,Sedan,2026-08-25 08:46:40,166.68,False,True,False,False,True,RUN025-EVT01
RUN-025,VIN-2030446,EV,2026-08-25 08:48:04,168.08,False,True,False,False,True,RUN025-EVT01
RUN-025,VIN-2030447,EV,2026-08-25 08:49:15,169.27,False,True,False,False,True,RUN025-EVT01
RUN-025,VIN-2030448,SUV,2026-08-25 08:50:43,170.72,False,True,False,False,True,RUN025-EVT01
RUN-025,VIN-2030449,SUV,2026-08-25 08:51:50,171.84,False,True,False,False,True,RUN025-EVT01
RUN-025,VIN-2030450,SUV,2026-08-25 08:53:20,173.34,False,True,False,False,True,RUN025-EVT01
RUN-025,VIN-2030451,SUV,2026-08-25 08:54:39,174.66,False,True,False,False,True,RUN025-EVT01
RUN-025,VIN-2030452,Sedan,2026-08-25 08:55:57,175.96,False,True,False,False,True,RUN025-EVT01
RUN-025,VIN-2030453,Sedan,2026-08-25 08:57:16,177.27,False,True,False,False,True,RUN025-EVT01
RUN-025,VIN-2030454,SUV,2026-08-25 08:58:47,178.8,False,True,False,False,True,RUN025-EVT01
RUN-025,VIN-2030455,SUV,2026-08-25 08:59:59,179.99,False,True,False,False,True,RUN025-EVT01
RUN-025,VIN-2030456,Sedan,2026-08-25 09:01:21,181.37,False,True,False,False,True,RUN025-EVT01
RUN-025,VIN-2030457,SUV,2026-08-25 09:02:36,182.6,False,True,False,False,True,RUN025-EVT01
RUN-025,VIN-2030458,SUV,2026-08-25 09:04:04,184.07,False,True,False,False,True,RUN025-EVT01
RUN-025,VIN-2030459,Sedan,2026-08-25 09:05:13,185.23,False,True,False,False,True,RUN025-EVT01
RUN-025,VIN-2030460,SUV,2026-08-25 09:06:38,186.65,False,True,False,False,True,RUN025-EVT01
RUN-025,VIN-2030461,Sedan,2026-08-25 09:08:08,188.15,False,True,False,False,True,RUN025-EVT01
RUN-025,VIN-2030462,Sedan,2026-08-25 09:09:24,189.41,False,True,False,False,True,RUN025-EVT01
RUN-025,VIN-2030463,Sedan,2026-08-25 09:10:32,190.55,False,True,False,False,True,RUN025-EVT01
RUN-025,VIN-2030464,SUV,2026-08-25 09:11:52,191.87,False,True,False,False,True,RUN025-EVT01
RUN-025,VIN-2030465,SUV,2026-08-25 09:13:27,193.46,False,True,False,False,True,RUN025-EVT01
RUN-025,VIN-2030466,SUV,2026-08-25 09:14:43,194.72,False,True,False,False,True,RUN025-EVT01
RUN-025,VIN-2030467,SUV,2026-08-25 09:15:57,195.96,False,True,False,False,True,RUN025-EVT01
RUN-025,VIN-2030468,Sedan,2026-08-25 09:17:15,197.25,False,True,False,False,True,RUN025-EVT01
RUN-025,VIN-2030469,Sedan,2026-08-25 09:18:39,198.66,False,True,False,False,True,RUN025-EVT01
RUN-025,VIN-2030470,SUV,2026-08-25 09:19:52,199.87,False,True,False,False,True,RUN025-EVT01
RUN-025,VIN-2030471,SUV,2026-08-25 09:21:21,201.36,False,True,False,False,True,RUN025-EVT01
RUN-025,VIN-2030472,Sedan,2026-08-25 09:22:49,202.82,False,False,False,False,False,
RUN-025,VIN-2030473,Sedan,2026-08-25 09:24:06,204.11,False,False,False,False,False,
RUN-025,VIN-2030474,SUV,2026-08-25 09:25:23,205.39,False,False,False,False,False,
RUN-025,VIN-2030475,Sedan,2026-08-25 09:26:44,206.75,False,False,False,False,False,
RUN-025,VIN-2030476,EV,2026-08-25 09:28:03,208.05,False,False,False,False,False,
RUN-025,VIN-2030477,EV,2026-08-25 09:29:24,209.42,False,False,False,False,False,
RUN-025,VIN-2030478,Sedan,2026-08-25 09:30:37,210.62,False,False,False,False,False,
RUN-025,VIN-2030479,Sedan,2026-08-25 09:31:55,211.92,False,False,False,False,False,
RUN-025,VIN-2030480,EV,2026-08-25 09:33:21,213.35,False,False,False,False,False,
RUN-025,VIN-2030481,Sedan,2026-08-25 09:34:31,214.52,False,False,False,False,False,
RUN-025,VIN-2030482,SUV,2026-08-25 09:36:00,216.0,False,False,False,False,False,
RUN-025,VIN-2030483,SUV,2026-08-25 09:37:25,217.43,False,False,False,False,False,
RUN-025,VIN-2030484,Sedan,2026-08-25 09:38:39,218.67,False,False,False,False,False,
RUN-025,VIN-2030485,Sedan,2026-08-25 09:40:10,220.18,False,False,False,False,False,
RUN-025,VIN-2030486,SUV,2026-08-25 09:41:26,221.44,False,False,False,False,False,
RUN-025,VIN-2030487,Sedan,2026-08-25 09:42:42,222.71,False,False,False,False,False,
RUN-025,VIN-2030488,Sedan,2026-08-25 09:44:00,224.02,False,False,False,False,False,
RUN-025,VIN-2030489,Sedan,2026-08-25 09:45:23,225.39,False,False,False,False,False,
RUN-025,VIN-2030490,Sedan,2026-08-25 09:46:31,226.52,False,False,False,False,False,
RUN-025,VIN-2030491,SUV,2026-08-25 09:48:05,228.08,False,False,False,False,False,
RUN-025,VIN-2030492,Sedan,2026-08-25 09:49:29,229.49,False,False,False,False,False,
RUN-025,VIN-2030493,Sedan,2026-08-25 09:50:48,230.8,False,False,False,False,False,
RUN-025,VIN-2030494,Sedan,2026-08-25 09:51:56,231.94,False,False,False,False,False,
RUN-025,VIN-2030495,SUV,2026-08-25 09:53:18,233.3,False,False,False,False,False,
RUN-025,VIN-2030496,SUV,2026-08-25 09:54:36,234.6,False,False,False,False,False,
RUN-025,VIN-2030497,SUV,2026-08-25 09:55:57,235.96,False,False,False,False,False,
RUN-025,VIN-2030498,SUV,2026-08-25 09:57:27,237.46,False,False,False,False,False,
RUN-025,VIN-2030499,Sedan,2026-08-25 09:58:38,238.65,False,False,False,False,False,
